ISO-10303-21;
HEADER;
FILE_DESCRIPTION(('STEP AP242'),'1');
FILE_NAME('1586037-8.stp','2022-09-06T15:29:36',('TraceParts'),('TraceParts S.A.'),'Spatial InterOp 3D',' ',' ');
FILE_SCHEMA(('AP242_MANAGED_MODEL_BASED_3D_ENGINEERING_MIM_LF  {1 0 10303 442 1 1 4}'));
ENDSEC;
DATA;
#1=PRODUCT_DEFINITION_CONTEXT('',#17,'design');
#2=APPLICATION_PROTOCOL_DEFINITION('INTERNATIONAL STANDARD','ap242_managed_model_based_3d_engineering',2014,#17);
#3=PRODUCT_CATEGORY_RELATIONSHIP('NONE','NONE',#18,#19);
#4=SHAPE_DEFINITION_REPRESENTATION(#20,#21);
#5=SHAPE_DEFINITION_REPRESENTATION(#20,#22);
#6=SHAPE_DEFINITION_REPRESENTATION(#20,#23);
#7=SHAPE_DEFINITION_REPRESENTATION(#20,#24);
#8=SHAPE_DEFINITION_REPRESENTATION(#20,#25);
#9=SHAPE_DEFINITION_REPRESENTATION(#20,#26);
#10=SHAPE_DEFINITION_REPRESENTATION(#20,#27);
#11=SHAPE_DEFINITION_REPRESENTATION(#20,#28);
#12=SHAPE_DEFINITION_REPRESENTATION(#20,#29);
#13= (GEOMETRIC_REPRESENTATION_CONTEXT(3)GLOBAL_UNCERTAINTY_ASSIGNED_CONTEXT((#32))GLOBAL_UNIT_ASSIGNED_CONTEXT((#34,#35,#36))REPRESENTATION_CONTEXT('NONE','WORKSPACE'));
#17=APPLICATION_CONTEXT('managed model based 3d engineering');
#18=PRODUCT_CATEGORY('part','NONE');
#19=PRODUCT_RELATED_PRODUCT_CATEGORY('detail',' ',(#38));
#20=PRODUCT_DEFINITION_SHAPE('NONE','NONE',#39);
#21=ADVANCED_BREP_SHAPE_REPRESENTATION('1586037-8_1',(#40,#41),#13);
#22=ADVANCED_BREP_SHAPE_REPRESENTATION('1586037-8_2',(#42,#43),#13);
#23=ADVANCED_BREP_SHAPE_REPRESENTATION('1586037-8_3',(#44,#45),#13);
#24=ADVANCED_BREP_SHAPE_REPRESENTATION('1586037-8_4',(#46,#47),#13);
#25=ADVANCED_BREP_SHAPE_REPRESENTATION('1586037-8_5',(#48,#49),#13);
#26=ADVANCED_BREP_SHAPE_REPRESENTATION('1586037-8_6',(#50,#51),#13);
#27=ADVANCED_BREP_SHAPE_REPRESENTATION('1586037-8_7',(#52,#53),#13);
#28=ADVANCED_BREP_SHAPE_REPRESENTATION('1586037-8_8',(#54,#55),#13);
#29=ADVANCED_BREP_SHAPE_REPRESENTATION('1586037-8_9',(#56,#57),#13);
#32=UNCERTAINTY_MEASURE_WITH_UNIT(LENGTH_MEASURE(1.0E-06),#34,'','');
#34= (CONVERSION_BASED_UNIT('MILLIMETRE',#60)LENGTH_UNIT()NAMED_UNIT(#63));
#35= (NAMED_UNIT(#65)PLANE_ANGLE_UNIT()SI_UNIT($,.RADIAN.));
#36= (NAMED_UNIT(#65)SOLID_ANGLE_UNIT()SI_UNIT($,.STERADIAN.));
#38=PRODUCT('1586037-8_1','1586037-8_1','PART-1586037-8_1-DESC',(#71));
#39=PRODUCT_DEFINITION('','NONE',#72,#1);
#40=MANIFOLD_SOLID_BREP('1586037-8_1',#73);
#41=AXIS2_PLACEMENT_3D('',#74,#75,#76);
#42=MANIFOLD_SOLID_BREP('1586037-8_2',#77);
#43=AXIS2_PLACEMENT_3D('',#78,#79,#80);
#44=MANIFOLD_SOLID_BREP('1586037-8_3',#81);
#45=AXIS2_PLACEMENT_3D('',#82,#83,#84);
#46=MANIFOLD_SOLID_BREP('1586037-8_4',#85);
#47=AXIS2_PLACEMENT_3D('',#86,#87,#88);
#48=MANIFOLD_SOLID_BREP('1586037-8_5',#89);
#49=AXIS2_PLACEMENT_3D('',#90,#91,#92);
#50=MANIFOLD_SOLID_BREP('1586037-8_6',#93);
#51=AXIS2_PLACEMENT_3D('',#94,#95,#96);
#52=MANIFOLD_SOLID_BREP('1586037-8_7',#97);
#53=AXIS2_PLACEMENT_3D('',#98,#99,#100);
#54=MANIFOLD_SOLID_BREP('1586037-8_8',#101);
#55=AXIS2_PLACEMENT_3D('',#102,#103,#104);
#56=MANIFOLD_SOLID_BREP('1586037-8_9',#105);
#57=AXIS2_PLACEMENT_3D('',#106,#107,#108);
#60=LENGTH_MEASURE_WITH_UNIT(LENGTH_MEASURE(1.0),#109);
#63=DIMENSIONAL_EXPONENTS(1.0,0.0,0.0,0.0,0.0,0.0,0.0);
#65=DIMENSIONAL_EXPONENTS(0.0,0.0,0.0,0.0,0.0,0.0,0.0);
#71=PRODUCT_CONTEXT('',#17,'mechanical');
#72=PRODUCT_DEFINITION_FORMATION_WITH_SPECIFIED_SOURCE(' ','NONE',#38,.NOT_KNOWN.);
#73=CLOSED_SHELL('',(#110,#111,#112,#113,#114,#115,#116,#117,#118,#119,#120,#121,#122,#123,#124,#125,#126,#127,#128,#129,#130,#131,#132,#133,#134,#135,#136,#137,#138,#139,#140,#141,#142,#143,#144,#145,#146,#147,#148,#149,#150,#151,#152,#153,#154,#155,#156,#157,#158,#159,#160,#161,#162,#163,#164,#165,#166,#167,#168,#169,#170,#171,#172,#173,#174,#175,#176,#177,#178,#179,#180,#181,#182,#183,#184,#185,#186,#187,#188,#189,#190,#191,#192,#193,#194,#195,#196,#197,#198,#199,#200,#201,#202,#203,#204,#205,#206,#207,#208,#209,#210,#211,#212,#213,#214,#215,#216,#217,#218,#219,#220,#221,#222,#223,#224,#225,#226,#227,#228,#229,#230,#231,#232,#233,#234,#235,#236,#237,#238,#239,#240,#241,#242,#243,#244,#245,#246,#247,#248,#249,#250,#251,#252,#253,#254,#255,#256,#257,#258,#259,#260,#261));
#74=CARTESIAN_POINT('',(0.0,0.0,0.0));
#75=DIRECTION('',(0.0,0.0,1.0));
#76=DIRECTION('',(1.0,0.0,0.0));
#77=CLOSED_SHELL('',(#262,#263,#264,#265,#266,#267,#268,#269));
#78=CARTESIAN_POINT('',(0.0,0.0,0.0));
#79=DIRECTION('',(0.0,0.0,1.0));
#80=DIRECTION('',(1.0,0.0,0.0));
#81=CLOSED_SHELL('',(#270,#271,#272,#273,#274,#275,#276,#277));
#82=CARTESIAN_POINT('',(0.0,0.0,0.0));
#83=DIRECTION('',(0.0,0.0,1.0));
#84=DIRECTION('',(1.0,0.0,0.0));
#85=CLOSED_SHELL('',(#278,#279,#280,#281,#282,#283,#284,#285));
#86=CARTESIAN_POINT('',(0.0,0.0,0.0));
#87=DIRECTION('',(0.0,0.0,1.0));
#88=DIRECTION('',(1.0,0.0,0.0));
#89=CLOSED_SHELL('',(#286,#287,#288,#289,#290,#291,#292,#293));
#90=CARTESIAN_POINT('',(0.0,0.0,0.0));
#91=DIRECTION('',(0.0,0.0,1.0));
#92=DIRECTION('',(1.0,0.0,0.0));
#93=CLOSED_SHELL('',(#294,#295,#296,#297,#298,#299,#300,#301));
#94=CARTESIAN_POINT('',(0.0,0.0,0.0));
#95=DIRECTION('',(0.0,0.0,1.0));
#96=DIRECTION('',(1.0,0.0,0.0));
#97=CLOSED_SHELL('',(#302,#303,#304,#305,#306,#307,#308,#309));
#98=CARTESIAN_POINT('',(0.0,0.0,0.0));
#99=DIRECTION('',(0.0,0.0,1.0));
#100=DIRECTION('',(1.0,0.0,0.0));
#101=CLOSED_SHELL('',(#310,#311,#312,#313,#314,#315,#316,#317));
#102=CARTESIAN_POINT('',(0.0,0.0,0.0));
#103=DIRECTION('',(0.0,0.0,1.0));
#104=DIRECTION('',(1.0,0.0,0.0));
#105=CLOSED_SHELL('',(#318,#319,#320,#321,#322,#323,#324,#325));
#106=CARTESIAN_POINT('',(0.0,0.0,0.0));
#107=DIRECTION('',(0.0,0.0,1.0));
#108=DIRECTION('',(1.0,0.0,0.0));
#109= (NAMED_UNIT(#63)LENGTH_UNIT()SI_UNIT(.MILLI.,.METRE.));
#110=ADVANCED_FACE('',(#327),#328,.T.);
#111=ADVANCED_FACE('',(#329),#330,.T.);
#112=ADVANCED_FACE('',(#331),#332,.F.);
#113=ADVANCED_FACE('',(#333),#334,.F.);
#114=ADVANCED_FACE('',(#335),#336,.F.);
#115=ADVANCED_FACE('',(#337),#338,.T.);
#116=ADVANCED_FACE('',(#339),#340,.T.);
#117=ADVANCED_FACE('',(#341),#342,.T.);
#118=ADVANCED_FACE('',(#343),#344,.T.);
#119=ADVANCED_FACE('',(#345),#346,.T.);
#120=ADVANCED_FACE('',(#347),#348,.T.);
#121=ADVANCED_FACE('',(#349),#350,.T.);
#122=ADVANCED_FACE('',(#351),#352,.T.);
#123=ADVANCED_FACE('',(#353),#354,.T.);
#124=ADVANCED_FACE('',(#355),#356,.T.);
#125=ADVANCED_FACE('',(#357),#358,.T.);
#126=ADVANCED_FACE('',(#359),#360,.T.);
#127=ADVANCED_FACE('',(#361),#362,.T.);
#128=ADVANCED_FACE('',(#363),#364,.T.);
#129=ADVANCED_FACE('',(#365),#366,.T.);
#130=ADVANCED_FACE('',(#367),#368,.T.);
#131=ADVANCED_FACE('',(#369),#370,.T.);
#132=ADVANCED_FACE('',(#371),#372,.T.);
#133=ADVANCED_FACE('',(#373),#374,.T.);
#134=ADVANCED_FACE('',(#375),#376,.T.);
#135=ADVANCED_FACE('',(#377),#378,.T.);
#136=ADVANCED_FACE('',(#379),#380,.T.);
#137=ADVANCED_FACE('',(#381),#382,.T.);
#138=ADVANCED_FACE('',(#383),#384,.T.);
#139=ADVANCED_FACE('',(#385),#386,.T.);
#140=ADVANCED_FACE('',(#387),#388,.T.);
#141=ADVANCED_FACE('',(#389),#390,.T.);
#142=ADVANCED_FACE('',(#391),#392,.T.);
#143=ADVANCED_FACE('',(#393),#394,.T.);
#144=ADVANCED_FACE('',(#395),#396,.T.);
#145=ADVANCED_FACE('',(#397),#398,.T.);
#146=ADVANCED_FACE('',(#399),#400,.T.);
#147=ADVANCED_FACE('',(#401),#402,.T.);
#148=ADVANCED_FACE('',(#403),#404,.F.);
#149=ADVANCED_FACE('',(#405),#406,.F.);
#150=ADVANCED_FACE('',(#407),#408,.F.);
#151=ADVANCED_FACE('',(#409),#410,.F.);
#152=ADVANCED_FACE('',(#411),#412,.T.);
#153=ADVANCED_FACE('',(#413),#414,.T.);
#154=ADVANCED_FACE('',(#415),#416,.F.);
#155=ADVANCED_FACE('',(#417),#418,.T.);
#156=ADVANCED_FACE('',(#419),#420,.T.);
#157=ADVANCED_FACE('',(#421),#422,.T.);
#158=ADVANCED_FACE('',(#423),#424,.T.);
#159=ADVANCED_FACE('',(#425),#426,.T.);
#160=ADVANCED_FACE('',(#427,#428,#429,#430,#431,#432,#433,#434,#435),#436,.T.);
#161=ADVANCED_FACE('',(#437),#438,.T.);
#162=ADVANCED_FACE('',(#439),#440,.T.);
#163=ADVANCED_FACE('',(#441),#442,.T.);
#164=ADVANCED_FACE('',(#443),#444,.F.);
#165=ADVANCED_FACE('',(#445),#446,.T.);
#166=ADVANCED_FACE('',(#447),#448,.T.);
#167=ADVANCED_FACE('',(#449),#450,.T.);
#168=ADVANCED_FACE('',(#451),#452,.T.);
#169=ADVANCED_FACE('',(#453),#454,.T.);
#170=ADVANCED_FACE('',(#455),#456,.T.);
#171=ADVANCED_FACE('',(#457),#458,.T.);
#172=ADVANCED_FACE('',(#459),#460,.F.);
#173=ADVANCED_FACE('',(#461),#462,.F.);
#174=ADVANCED_FACE('',(#463),#464,.F.);
#175=ADVANCED_FACE('',(#465),#466,.F.);
#176=ADVANCED_FACE('',(#467,#468),#469,.T.);
#177=ADVANCED_FACE('',(#470,#471),#472,.T.);
#178=ADVANCED_FACE('',(#473),#474,.T.);
#179=ADVANCED_FACE('',(#475),#476,.F.);
#180=ADVANCED_FACE('',(#477),#478,.F.);
#181=ADVANCED_FACE('',(#479),#480,.F.);
#182=ADVANCED_FACE('',(#481),#482,.T.);
#183=ADVANCED_FACE('',(#483),#484,.F.);
#184=ADVANCED_FACE('',(#485),#486,.T.);
#185=ADVANCED_FACE('',(#487),#488,.T.);
#186=ADVANCED_FACE('',(#489),#490,.T.);
#187=ADVANCED_FACE('',(#491),#492,.F.);
#188=ADVANCED_FACE('',(#493),#494,.F.);
#189=ADVANCED_FACE('',(#495),#496,.T.);
#190=ADVANCED_FACE('',(#497),#498,.T.);
#191=ADVANCED_FACE('',(#499),#500,.T.);
#192=ADVANCED_FACE('',(#501),#502,.T.);
#193=ADVANCED_FACE('',(#503),#504,.T.);
#194=ADVANCED_FACE('',(#505),#506,.F.);
#195=ADVANCED_FACE('',(#507),#508,.F.);
#196=ADVANCED_FACE('',(#509),#510,.F.);
#197=ADVANCED_FACE('',(#511),#512,.F.);
#198=ADVANCED_FACE('',(#513,#514),#515,.T.);
#199=ADVANCED_FACE('',(#516,#517),#518,.T.);
#200=ADVANCED_FACE('',(#519),#520,.T.);
#201=ADVANCED_FACE('',(#521),#522,.F.);
#202=ADVANCED_FACE('',(#523),#524,.F.);
#203=ADVANCED_FACE('',(#525),#526,.F.);
#204=ADVANCED_FACE('',(#527),#528,.T.);
#205=ADVANCED_FACE('',(#529),#530,.F.);
#206=ADVANCED_FACE('',(#531),#532,.T.);
#207=ADVANCED_FACE('',(#533),#534,.T.);
#208=ADVANCED_FACE('',(#535),#536,.T.);
#209=ADVANCED_FACE('',(#537),#538,.F.);
#210=ADVANCED_FACE('',(#539),#540,.F.);
#211=ADVANCED_FACE('',(#541),#542,.T.);
#212=ADVANCED_FACE('',(#543),#544,.T.);
#213=ADVANCED_FACE('',(#545),#546,.T.);
#214=ADVANCED_FACE('',(#547),#548,.T.);
#215=ADVANCED_FACE('',(#549),#550,.T.);
#216=ADVANCED_FACE('',(#551),#552,.F.);
#217=ADVANCED_FACE('',(#553),#554,.F.);
#218=ADVANCED_FACE('',(#555),#556,.F.);
#219=ADVANCED_FACE('',(#557),#558,.F.);
#220=ADVANCED_FACE('',(#559,#560),#561,.T.);
#221=ADVANCED_FACE('',(#562,#563),#564,.T.);
#222=ADVANCED_FACE('',(#565),#566,.T.);
#223=ADVANCED_FACE('',(#567),#568,.F.);
#224=ADVANCED_FACE('',(#569),#570,.F.);
#225=ADVANCED_FACE('',(#571),#572,.F.);
#226=ADVANCED_FACE('',(#573),#574,.T.);
#227=ADVANCED_FACE('',(#575),#576,.F.);
#228=ADVANCED_FACE('',(#577),#578,.T.);
#229=ADVANCED_FACE('',(#579),#580,.T.);
#230=ADVANCED_FACE('',(#581),#582,.T.);
#231=ADVANCED_FACE('',(#583),#584,.F.);
#232=ADVANCED_FACE('',(#585),#586,.F.);
#233=ADVANCED_FACE('',(#587),#588,.T.);
#234=ADVANCED_FACE('',(#589),#590,.T.);
#235=ADVANCED_FACE('',(#591),#592,.T.);
#236=ADVANCED_FACE('',(#593),#594,.T.);
#237=ADVANCED_FACE('',(#595),#596,.T.);
#238=ADVANCED_FACE('',(#597),#598,.F.);
#239=ADVANCED_FACE('',(#599),#600,.F.);
#240=ADVANCED_FACE('',(#601),#602,.F.);
#241=ADVANCED_FACE('',(#603),#604,.F.);
#242=ADVANCED_FACE('',(#605,#606),#607,.T.);
#243=ADVANCED_FACE('',(#608,#609),#610,.T.);
#244=ADVANCED_FACE('',(#611),#612,.T.);
#245=ADVANCED_FACE('',(#613),#614,.F.);
#246=ADVANCED_FACE('',(#615),#616,.F.);
#247=ADVANCED_FACE('',(#617),#618,.F.);
#248=ADVANCED_FACE('',(#619),#620,.T.);
#249=ADVANCED_FACE('',(#621),#622,.F.);
#250=ADVANCED_FACE('',(#623),#624,.T.);
#251=ADVANCED_FACE('',(#625),#626,.T.);
#252=ADVANCED_FACE('',(#627),#628,.T.);
#253=ADVANCED_FACE('',(#629),#630,.F.);
#254=ADVANCED_FACE('',(#631),#632,.F.);
#255=ADVANCED_FACE('',(#633),#634,.T.);
#256=ADVANCED_FACE('',(#635),#636,.T.);
#257=ADVANCED_FACE('',(#637),#638,.T.);
#258=ADVANCED_FACE('',(#639),#640,.T.);
#259=ADVANCED_FACE('',(#641),#642,.T.);
#260=ADVANCED_FACE('',(#643),#644,.T.);
#261=ADVANCED_FACE('',(#645),#646,.T.);
#262=ADVANCED_FACE('',(#647),#648,.T.);
#263=ADVANCED_FACE('',(#649),#650,.T.);
#264=ADVANCED_FACE('',(#651),#652,.T.);
#265=ADVANCED_FACE('',(#653),#654,.T.);
#266=ADVANCED_FACE('',(#655),#656,.T.);
#267=ADVANCED_FACE('',(#657),#658,.T.);
#268=ADVANCED_FACE('',(#659),#660,.T.);
#269=ADVANCED_FACE('',(#661),#662,.F.);
#270=ADVANCED_FACE('',(#663),#664,.T.);
#271=ADVANCED_FACE('',(#665),#666,.T.);
#272=ADVANCED_FACE('',(#667),#668,.T.);
#273=ADVANCED_FACE('',(#669),#670,.T.);
#274=ADVANCED_FACE('',(#671),#672,.T.);
#275=ADVANCED_FACE('',(#673),#674,.T.);
#276=ADVANCED_FACE('',(#675),#676,.T.);
#277=ADVANCED_FACE('',(#677),#678,.F.);
#278=ADVANCED_FACE('',(#679),#680,.T.);
#279=ADVANCED_FACE('',(#681),#682,.T.);
#280=ADVANCED_FACE('',(#683),#684,.T.);
#281=ADVANCED_FACE('',(#685),#686,.T.);
#282=ADVANCED_FACE('',(#687),#688,.T.);
#283=ADVANCED_FACE('',(#689),#690,.T.);
#284=ADVANCED_FACE('',(#691),#692,.T.);
#285=ADVANCED_FACE('',(#693),#694,.F.);
#286=ADVANCED_FACE('',(#695),#696,.T.);
#287=ADVANCED_FACE('',(#697),#698,.T.);
#288=ADVANCED_FACE('',(#699),#700,.T.);
#289=ADVANCED_FACE('',(#701),#702,.T.);
#290=ADVANCED_FACE('',(#703),#704,.T.);
#291=ADVANCED_FACE('',(#705),#706,.T.);
#292=ADVANCED_FACE('',(#707),#708,.T.);
#293=ADVANCED_FACE('',(#709),#710,.F.);
#294=ADVANCED_FACE('',(#711),#712,.T.);
#295=ADVANCED_FACE('',(#713),#714,.T.);
#296=ADVANCED_FACE('',(#715),#716,.T.);
#297=ADVANCED_FACE('',(#717),#718,.T.);
#298=ADVANCED_FACE('',(#719),#720,.T.);
#299=ADVANCED_FACE('',(#721),#722,.T.);
#300=ADVANCED_FACE('',(#723),#724,.T.);
#301=ADVANCED_FACE('',(#725),#726,.F.);
#302=ADVANCED_FACE('',(#727),#728,.T.);
#303=ADVANCED_FACE('',(#729),#730,.T.);
#304=ADVANCED_FACE('',(#731),#732,.T.);
#305=ADVANCED_FACE('',(#733),#734,.T.);
#306=ADVANCED_FACE('',(#735),#736,.T.);
#307=ADVANCED_FACE('',(#737),#738,.T.);
#308=ADVANCED_FACE('',(#739),#740,.T.);
#309=ADVANCED_FACE('',(#741),#742,.F.);
#310=ADVANCED_FACE('',(#743),#744,.T.);
#311=ADVANCED_FACE('',(#745),#746,.T.);
#312=ADVANCED_FACE('',(#747),#748,.T.);
#313=ADVANCED_FACE('',(#749),#750,.T.);
#314=ADVANCED_FACE('',(#751),#752,.T.);
#315=ADVANCED_FACE('',(#753),#754,.T.);
#316=ADVANCED_FACE('',(#755),#756,.T.);
#317=ADVANCED_FACE('',(#757),#758,.F.);
#318=ADVANCED_FACE('',(#759),#760,.T.);
#319=ADVANCED_FACE('',(#761),#762,.T.);
#320=ADVANCED_FACE('',(#763),#764,.T.);
#321=ADVANCED_FACE('',(#765),#766,.T.);
#322=ADVANCED_FACE('',(#767),#768,.T.);
#323=ADVANCED_FACE('',(#769),#770,.T.);
#324=ADVANCED_FACE('',(#771),#772,.T.);
#325=ADVANCED_FACE('',(#773),#774,.F.);
#327=FACE_OUTER_BOUND('',#775,.T.);
#328=CYLINDRICAL_SURFACE('',#776,0.375);
#329=FACE_OUTER_BOUND('',#777,.T.);
#330=PLANE('',#778);
#331=FACE_OUTER_BOUND('',#779,.T.);
#332=PLANE('',#780);
#333=FACE_OUTER_BOUND('',#781,.T.);
#334=PLANE('',#782);
#335=FACE_OUTER_BOUND('',#783,.T.);
#336=PLANE('',#784);
#337=FACE_OUTER_BOUND('',#785,.T.);
#338=PLANE('',#786);
#339=FACE_OUTER_BOUND('',#787,.T.);
#340=PLANE('',#788);
#341=FACE_OUTER_BOUND('',#789,.T.);
#342=PLANE('',#790);
#343=FACE_OUTER_BOUND('',#791,.T.);
#344=PLANE('',#792);
#345=FACE_OUTER_BOUND('',#793,.T.);
#346=PLANE('',#794);
#347=FACE_OUTER_BOUND('',#795,.T.);
#348=PLANE('',#796);
#349=FACE_OUTER_BOUND('',#797,.T.);
#350=PLANE('',#798);
#351=FACE_OUTER_BOUND('',#799,.T.);
#352=PLANE('',#800);
#353=FACE_OUTER_BOUND('',#801,.T.);
#354=PLANE('',#802);
#355=FACE_OUTER_BOUND('',#803,.T.);
#356=PLANE('',#804);
#357=FACE_OUTER_BOUND('',#805,.T.);
#358=PLANE('',#806);
#359=FACE_OUTER_BOUND('',#807,.T.);
#360=PLANE('',#808);
#361=FACE_OUTER_BOUND('',#809,.T.);
#362=PLANE('',#810);
#363=FACE_OUTER_BOUND('',#811,.T.);
#364=PLANE('',#812);
#365=FACE_OUTER_BOUND('',#813,.T.);
#366=PLANE('',#814);
#367=FACE_OUTER_BOUND('',#815,.T.);
#368=PLANE('',#816);
#369=FACE_OUTER_BOUND('',#817,.T.);
#370=PLANE('',#818);
#371=FACE_OUTER_BOUND('',#819,.T.);
#372=PLANE('',#820);
#373=FACE_OUTER_BOUND('',#821,.T.);
#374=PLANE('',#822);
#375=FACE_OUTER_BOUND('',#823,.T.);
#376=PLANE('',#824);
#377=FACE_OUTER_BOUND('',#825,.T.);
#378=PLANE('',#826);
#379=FACE_OUTER_BOUND('',#827,.T.);
#380=PLANE('',#828);
#381=FACE_OUTER_BOUND('',#829,.T.);
#382=PLANE('',#830);
#383=FACE_OUTER_BOUND('',#831,.T.);
#384=PLANE('',#832);
#385=FACE_OUTER_BOUND('',#833,.T.);
#386=PLANE('',#834);
#387=FACE_OUTER_BOUND('',#835,.T.);
#388=PLANE('',#836);
#389=FACE_OUTER_BOUND('',#837,.T.);
#390=PLANE('',#838);
#391=FACE_OUTER_BOUND('',#839,.T.);
#392=PLANE('',#840);
#393=FACE_OUTER_BOUND('',#841,.T.);
#394=PLANE('',#842);
#395=FACE_OUTER_BOUND('',#843,.T.);
#396=PLANE('',#844);
#397=FACE_OUTER_BOUND('',#845,.T.);
#398=PLANE('',#846);
#399=FACE_OUTER_BOUND('',#847,.T.);
#400=PLANE('',#848);
#401=FACE_OUTER_BOUND('',#849,.T.);
#402=PLANE('',#850);
#403=FACE_OUTER_BOUND('',#851,.T.);
#404=PLANE('',#852);
#405=FACE_OUTER_BOUND('',#853,.T.);
#406=PLANE('',#854);
#407=FACE_OUTER_BOUND('',#855,.T.);
#408=PLANE('',#856);
#409=FACE_OUTER_BOUND('',#857,.T.);
#410=PLANE('',#858);
#411=FACE_OUTER_BOUND('',#859,.T.);
#412=PLANE('',#860);
#413=FACE_OUTER_BOUND('',#861,.T.);
#414=PLANE('',#862);
#415=FACE_OUTER_BOUND('',#863,.T.);
#416=PLANE('',#864);
#417=FACE_OUTER_BOUND('',#865,.T.);
#418=PLANE('',#866);
#419=FACE_OUTER_BOUND('',#867,.T.);
#420=PLANE('',#868);
#421=FACE_OUTER_BOUND('',#869,.T.);
#422=PLANE('',#870);
#423=FACE_OUTER_BOUND('',#871,.T.);
#424=PLANE('',#872);
#425=FACE_OUTER_BOUND('',#873,.T.);
#426=CYLINDRICAL_SURFACE('',#874,0.5);
#427=FACE_OUTER_BOUND('',#875,.T.);
#428=FACE_BOUND('',#876,.T.);
#429=FACE_BOUND('',#877,.T.);
#430=FACE_BOUND('',#878,.T.);
#431=FACE_BOUND('',#879,.T.);
#432=FACE_BOUND('',#880,.T.);
#433=FACE_BOUND('',#881,.T.);
#434=FACE_BOUND('',#882,.T.);
#435=FACE_BOUND('',#883,.T.);
#436=PLANE('',#884);
#437=FACE_OUTER_BOUND('',#885,.T.);
#438=PLANE('',#886);
#439=FACE_OUTER_BOUND('',#887,.T.);
#440=PLANE('',#888);
#441=FACE_OUTER_BOUND('',#889,.T.);
#442=PLANE('',#890);
#443=FACE_OUTER_BOUND('',#891,.T.);
#444=PLANE('',#892);
#445=FACE_OUTER_BOUND('',#893,.T.);
#446=PLANE('',#894);
#447=FACE_OUTER_BOUND('',#895,.T.);
#448=CYLINDRICAL_SURFACE('',#896,0.5);
#449=FACE_OUTER_BOUND('',#897,.T.);
#450=PLANE('',#898);
#451=FACE_OUTER_BOUND('',#899,.T.);
#452=CYLINDRICAL_SURFACE('',#900,0.375);
#453=FACE_OUTER_BOUND('',#901,.T.);
#454=PLANE('',#902);
#455=FACE_OUTER_BOUND('',#903,.T.);
#456=CYLINDRICAL_SURFACE('',#904,0.5);
#457=FACE_OUTER_BOUND('',#905,.T.);
#458=CYLINDRICAL_SURFACE('',#906,0.5);
#459=FACE_OUTER_BOUND('',#907,.T.);
#460=PLANE('',#908);
#461=FACE_OUTER_BOUND('',#909,.T.);
#462=PLANE('',#910);
#463=FACE_OUTER_BOUND('',#911,.T.);
#464=PLANE('',#912);
#465=FACE_OUTER_BOUND('',#913,.T.);
#466=PLANE('',#914);
#467=FACE_OUTER_BOUND('',#915,.T.);
#468=FACE_BOUND('',#916,.T.);
#469=PLANE('',#917);
#470=FACE_OUTER_BOUND('',#918,.T.);
#471=FACE_BOUND('',#919,.T.);
#472=PLANE('',#920);
#473=FACE_OUTER_BOUND('',#921,.T.);
#474=PLANE('',#922);
#475=FACE_OUTER_BOUND('',#923,.T.);
#476=PLANE('',#924);
#477=FACE_OUTER_BOUND('',#925,.T.);
#478=PLANE('',#926);
#479=FACE_OUTER_BOUND('',#927,.T.);
#480=PLANE('',#928);
#481=FACE_OUTER_BOUND('',#929,.T.);
#482=PLANE('',#930);
#483=FACE_OUTER_BOUND('',#931,.T.);
#484=PLANE('',#932);
#485=FACE_OUTER_BOUND('',#933,.T.);
#486=PLANE('',#934);
#487=FACE_OUTER_BOUND('',#935,.T.);
#488=PLANE('',#936);
#489=FACE_OUTER_BOUND('',#937,.T.);
#490=PLANE('',#938);
#491=FACE_OUTER_BOUND('',#939,.T.);
#492=PLANE('',#940);
#493=FACE_OUTER_BOUND('',#941,.T.);
#494=PLANE('',#942);
#495=FACE_OUTER_BOUND('',#943,.T.);
#496=PLANE('',#944);
#497=FACE_OUTER_BOUND('',#945,.T.);
#498=PLANE('',#946);
#499=FACE_OUTER_BOUND('',#947,.T.);
#500=PLANE('',#948);
#501=FACE_OUTER_BOUND('',#949,.T.);
#502=PLANE('',#950);
#503=FACE_OUTER_BOUND('',#951,.T.);
#504=PLANE('',#952);
#505=FACE_OUTER_BOUND('',#953,.T.);
#506=PLANE('',#954);
#507=FACE_OUTER_BOUND('',#955,.T.);
#508=PLANE('',#956);
#509=FACE_OUTER_BOUND('',#957,.T.);
#510=PLANE('',#958);
#511=FACE_OUTER_BOUND('',#959,.T.);
#512=PLANE('',#960);
#513=FACE_OUTER_BOUND('',#961,.T.);
#514=FACE_BOUND('',#962,.T.);
#515=PLANE('',#963);
#516=FACE_OUTER_BOUND('',#964,.T.);
#517=FACE_BOUND('',#965,.T.);
#518=PLANE('',#966);
#519=FACE_OUTER_BOUND('',#967,.T.);
#520=PLANE('',#968);
#521=FACE_OUTER_BOUND('',#969,.T.);
#522=PLANE('',#970);
#523=FACE_OUTER_BOUND('',#971,.T.);
#524=PLANE('',#972);
#525=FACE_OUTER_BOUND('',#973,.T.);
#526=PLANE('',#974);
#527=FACE_OUTER_BOUND('',#975,.T.);
#528=PLANE('',#976);
#529=FACE_OUTER_BOUND('',#977,.T.);
#530=PLANE('',#978);
#531=FACE_OUTER_BOUND('',#979,.T.);
#532=PLANE('',#980);
#533=FACE_OUTER_BOUND('',#981,.T.);
#534=PLANE('',#982);
#535=FACE_OUTER_BOUND('',#983,.T.);
#536=PLANE('',#984);
#537=FACE_OUTER_BOUND('',#985,.T.);
#538=PLANE('',#986);
#539=FACE_OUTER_BOUND('',#987,.T.);
#540=PLANE('',#988);
#541=FACE_OUTER_BOUND('',#989,.T.);
#542=PLANE('',#990);
#543=FACE_OUTER_BOUND('',#991,.T.);
#544=PLANE('',#992);
#545=FACE_OUTER_BOUND('',#993,.T.);
#546=PLANE('',#994);
#547=FACE_OUTER_BOUND('',#995,.T.);
#548=PLANE('',#996);
#549=FACE_OUTER_BOUND('',#997,.T.);
#550=PLANE('',#998);
#551=FACE_OUTER_BOUND('',#999,.T.);
#552=PLANE('',#1000);
#553=FACE_OUTER_BOUND('',#1001,.T.);
#554=PLANE('',#1002);
#555=FACE_OUTER_BOUND('',#1003,.T.);
#556=PLANE('',#1004);
#557=FACE_OUTER_BOUND('',#1005,.T.);
#558=PLANE('',#1006);
#559=FACE_OUTER_BOUND('',#1007,.T.);
#560=FACE_BOUND('',#1008,.T.);
#561=PLANE('',#1009);
#562=FACE_OUTER_BOUND('',#1010,.T.);
#563=FACE_BOUND('',#1011,.T.);
#564=PLANE('',#1012);
#565=FACE_OUTER_BOUND('',#1013,.T.);
#566=PLANE('',#1014);
#567=FACE_OUTER_BOUND('',#1015,.T.);
#568=PLANE('',#1016);
#569=FACE_OUTER_BOUND('',#1017,.T.);
#570=PLANE('',#1018);
#571=FACE_OUTER_BOUND('',#1019,.T.);
#572=PLANE('',#1020);
#573=FACE_OUTER_BOUND('',#1021,.T.);
#574=PLANE('',#1022);
#575=FACE_OUTER_BOUND('',#1023,.T.);
#576=PLANE('',#1024);
#577=FACE_OUTER_BOUND('',#1025,.T.);
#578=PLANE('',#1026);
#579=FACE_OUTER_BOUND('',#1027,.T.);
#580=PLANE('',#1028);
#581=FACE_OUTER_BOUND('',#1029,.T.);
#582=PLANE('',#1030);
#583=FACE_OUTER_BOUND('',#1031,.T.);
#584=PLANE('',#1032);
#585=FACE_OUTER_BOUND('',#1033,.T.);
#586=PLANE('',#1034);
#587=FACE_OUTER_BOUND('',#1035,.T.);
#588=PLANE('',#1036);
#589=FACE_OUTER_BOUND('',#1037,.T.);
#590=PLANE('',#1038);
#591=FACE_OUTER_BOUND('',#1039,.T.);
#592=PLANE('',#1040);
#593=FACE_OUTER_BOUND('',#1041,.T.);
#594=PLANE('',#1042);
#595=FACE_OUTER_BOUND('',#1043,.T.);
#596=PLANE('',#1044);
#597=FACE_OUTER_BOUND('',#1045,.T.);
#598=PLANE('',#1046);
#599=FACE_OUTER_BOUND('',#1047,.T.);
#600=PLANE('',#1048);
#601=FACE_OUTER_BOUND('',#1049,.T.);
#602=PLANE('',#1050);
#603=FACE_OUTER_BOUND('',#1051,.T.);
#604=PLANE('',#1052);
#605=FACE_OUTER_BOUND('',#1053,.T.);
#606=FACE_BOUND('',#1054,.T.);
#607=PLANE('',#1055);
#608=FACE_OUTER_BOUND('',#1056,.T.);
#609=FACE_BOUND('',#1057,.T.);
#610=PLANE('',#1058);
#611=FACE_OUTER_BOUND('',#1059,.T.);
#612=PLANE('',#1060);
#613=FACE_OUTER_BOUND('',#1061,.T.);
#614=PLANE('',#1062);
#615=FACE_OUTER_BOUND('',#1063,.T.);
#616=PLANE('',#1064);
#617=FACE_OUTER_BOUND('',#1065,.T.);
#618=PLANE('',#1066);
#619=FACE_OUTER_BOUND('',#1067,.T.);
#620=PLANE('',#1068);
#621=FACE_OUTER_BOUND('',#1069,.T.);
#622=PLANE('',#1070);
#623=FACE_OUTER_BOUND('',#1071,.T.);
#624=PLANE('',#1072);
#625=FACE_OUTER_BOUND('',#1073,.T.);
#626=PLANE('',#1074);
#627=FACE_OUTER_BOUND('',#1075,.T.);
#628=PLANE('',#1076);
#629=FACE_OUTER_BOUND('',#1077,.T.);
#630=PLANE('',#1078);
#631=FACE_OUTER_BOUND('',#1079,.T.);
#632=PLANE('',#1080);
#633=FACE_OUTER_BOUND('',#1081,.T.);
#634=PLANE('',#1082);
#635=FACE_OUTER_BOUND('',#1083,.T.);
#636=PLANE('',#1084);
#637=FACE_OUTER_BOUND('',#1085,.T.);
#638=PLANE('',#1086);
#639=FACE_OUTER_BOUND('',#1087,.T.);
#640=PLANE('',#1088);
#641=FACE_OUTER_BOUND('',#1089,.T.);
#642=PLANE('',#1090);
#643=FACE_OUTER_BOUND('',#1091,.T.);
#644=PLANE('',#1092);
#645=FACE_OUTER_BOUND('',#1093,.T.);
#646=PLANE('',#1094);
#647=FACE_OUTER_BOUND('',#1095,.T.);
#648=PLANE('',#1096);
#649=FACE_OUTER_BOUND('',#1097,.T.);
#650=PLANE('',#1098);
#651=FACE_OUTER_BOUND('',#1099,.T.);
#652=PLANE('',#1100);
#653=FACE_OUTER_BOUND('',#1101,.T.);
#654=PLANE('',#1102);
#655=FACE_OUTER_BOUND('',#1103,.T.);
#656=PLANE('',#1104);
#657=FACE_OUTER_BOUND('',#1105,.T.);
#658=PLANE('',#1106);
#659=FACE_OUTER_BOUND('',#1107,.T.);
#660=PLANE('',#1108);
#661=FACE_OUTER_BOUND('',#1109,.T.);
#662=PLANE('',#1110);
#663=FACE_OUTER_BOUND('',#1111,.T.);
#664=PLANE('',#1112);
#665=FACE_OUTER_BOUND('',#1113,.T.);
#666=PLANE('',#1114);
#667=FACE_OUTER_BOUND('',#1115,.T.);
#668=PLANE('',#1116);
#669=FACE_OUTER_BOUND('',#1117,.T.);
#670=PLANE('',#1118);
#671=FACE_OUTER_BOUND('',#1119,.T.);
#672=PLANE('',#1120);
#673=FACE_OUTER_BOUND('',#1121,.T.);
#674=PLANE('',#1122);
#675=FACE_OUTER_BOUND('',#1123,.T.);
#676=PLANE('',#1124);
#677=FACE_OUTER_BOUND('',#1125,.T.);
#678=PLANE('',#1126);
#679=FACE_OUTER_BOUND('',#1127,.T.);
#680=PLANE('',#1128);
#681=FACE_OUTER_BOUND('',#1129,.T.);
#682=PLANE('',#1130);
#683=FACE_OUTER_BOUND('',#1131,.T.);
#684=PLANE('',#1132);
#685=FACE_OUTER_BOUND('',#1133,.T.);
#686=PLANE('',#1134);
#687=FACE_OUTER_BOUND('',#1135,.T.);
#688=PLANE('',#1136);
#689=FACE_OUTER_BOUND('',#1137,.T.);
#690=PLANE('',#1138);
#691=FACE_OUTER_BOUND('',#1139,.T.);
#692=PLANE('',#1140);
#693=FACE_OUTER_BOUND('',#1141,.T.);
#694=PLANE('',#1142);
#695=FACE_OUTER_BOUND('',#1143,.T.);
#696=PLANE('',#1144);
#697=FACE_OUTER_BOUND('',#1145,.T.);
#698=PLANE('',#1146);
#699=FACE_OUTER_BOUND('',#1147,.T.);
#700=PLANE('',#1148);
#701=FACE_OUTER_BOUND('',#1149,.T.);
#702=PLANE('',#1150);
#703=FACE_OUTER_BOUND('',#1151,.T.);
#704=PLANE('',#1152);
#705=FACE_OUTER_BOUND('',#1153,.T.);
#706=PLANE('',#1154);
#707=FACE_OUTER_BOUND('',#1155,.T.);
#708=PLANE('',#1156);
#709=FACE_OUTER_BOUND('',#1157,.T.);
#710=PLANE('',#1158);
#711=FACE_OUTER_BOUND('',#1159,.T.);
#712=PLANE('',#1160);
#713=FACE_OUTER_BOUND('',#1161,.T.);
#714=PLANE('',#1162);
#715=FACE_OUTER_BOUND('',#1163,.T.);
#716=PLANE('',#1164);
#717=FACE_OUTER_BOUND('',#1165,.T.);
#718=PLANE('',#1166);
#719=FACE_OUTER_BOUND('',#1167,.T.);
#720=PLANE('',#1168);
#721=FACE_OUTER_BOUND('',#1169,.T.);
#722=PLANE('',#1170);
#723=FACE_OUTER_BOUND('',#1171,.T.);
#724=PLANE('',#1172);
#725=FACE_OUTER_BOUND('',#1173,.T.);
#726=PLANE('',#1174);
#727=FACE_OUTER_BOUND('',#1175,.T.);
#728=PLANE('',#1176);
#729=FACE_OUTER_BOUND('',#1177,.T.);
#730=PLANE('',#1178);
#731=FACE_OUTER_BOUND('',#1179,.T.);
#732=PLANE('',#1180);
#733=FACE_OUTER_BOUND('',#1181,.T.);
#734=PLANE('',#1182);
#735=FACE_OUTER_BOUND('',#1183,.T.);
#736=PLANE('',#1184);
#737=FACE_OUTER_BOUND('',#1185,.T.);
#738=PLANE('',#1186);
#739=FACE_OUTER_BOUND('',#1187,.T.);
#740=PLANE('',#1188);
#741=FACE_OUTER_BOUND('',#1189,.T.);
#742=PLANE('',#1190);
#743=FACE_OUTER_BOUND('',#1191,.T.);
#744=PLANE('',#1192);
#745=FACE_OUTER_BOUND('',#1193,.T.);
#746=PLANE('',#1194);
#747=FACE_OUTER_BOUND('',#1195,.T.);
#748=PLANE('',#1196);
#749=FACE_OUTER_BOUND('',#1197,.T.);
#750=PLANE('',#1198);
#751=FACE_OUTER_BOUND('',#1199,.T.);
#752=PLANE('',#1200);
#753=FACE_OUTER_BOUND('',#1201,.T.);
#754=PLANE('',#1202);
#755=FACE_OUTER_BOUND('',#1203,.T.);
#756=PLANE('',#1204);
#757=FACE_OUTER_BOUND('',#1205,.T.);
#758=PLANE('',#1206);
#759=FACE_OUTER_BOUND('',#1207,.T.);
#760=PLANE('',#1208);
#761=FACE_OUTER_BOUND('',#1209,.T.);
#762=PLANE('',#1210);
#763=FACE_OUTER_BOUND('',#1211,.T.);
#764=PLANE('',#1212);
#765=FACE_OUTER_BOUND('',#1213,.T.);
#766=PLANE('',#1214);
#767=FACE_OUTER_BOUND('',#1215,.T.);
#768=PLANE('',#1216);
#769=FACE_OUTER_BOUND('',#1217,.T.);
#770=PLANE('',#1218);
#771=FACE_OUTER_BOUND('',#1219,.T.);
#772=PLANE('',#1220);
#773=FACE_OUTER_BOUND('',#1221,.T.);
#774=PLANE('',#1222);
#775=EDGE_LOOP('',(#1223,#1224,#1225,#1226));
#776=AXIS2_PLACEMENT_3D('',#1227,#1228,#1229);
#777=EDGE_LOOP('',(#1230,#1231,#1232,#1233));
#778=AXIS2_PLACEMENT_3D('',#1234,#1235,#1236);
#779=EDGE_LOOP('',(#1237,#1238,#1239,#1240,#1241));
#780=AXIS2_PLACEMENT_3D('',#1242,#1243,#1244);
#781=EDGE_LOOP('',(#1245,#1246,#1247,#1248,#1249,#1250,#1251,#1252,#1253,#1254,#1255,#1256,#1257,#1258,#1259,#1260));
#782=AXIS2_PLACEMENT_3D('',#1261,#1262,#1263);
#783=EDGE_LOOP('',(#1264,#1265,#1266,#1267,#1268,#1269,#1270,#1271,#1272,#1273,#1274,#1275,#1276,#1277,#1278,#1279));
#784=AXIS2_PLACEMENT_3D('',#1280,#1281,#1282);
#785=EDGE_LOOP('',(#1283,#1284,#1285,#1286,#1287,#1288,#1289,#1290,#1291,#1292,#1293,#1294,#1295,#1296,#1297,#1298));
#786=AXIS2_PLACEMENT_3D('',#1299,#1300,#1301);
#787=EDGE_LOOP('',(#1302,#1303,#1304,#1305));
#788=AXIS2_PLACEMENT_3D('',#1306,#1307,#1308);
#789=EDGE_LOOP('',(#1309,#1310,#1311,#1312));
#790=AXIS2_PLACEMENT_3D('',#1313,#1314,#1315);
#791=EDGE_LOOP('',(#1316,#1317,#1318,#1319));
#792=AXIS2_PLACEMENT_3D('',#1320,#1321,#1322);
#793=EDGE_LOOP('',(#1323,#1324,#1325,#1326));
#794=AXIS2_PLACEMENT_3D('',#1327,#1328,#1329);
#795=EDGE_LOOP('',(#1330,#1331,#1332,#1333,#1334,#1335,#1336,#1337));
#796=AXIS2_PLACEMENT_3D('',#1338,#1339,#1340);
#797=EDGE_LOOP('',(#1341,#1342,#1343,#1344,#1345,#1346));
#798=AXIS2_PLACEMENT_3D('',#1347,#1348,#1349);
#799=EDGE_LOOP('',(#1350,#1351,#1352,#1353,#1354,#1355));
#800=AXIS2_PLACEMENT_3D('',#1356,#1357,#1358);
#801=EDGE_LOOP('',(#1359,#1360,#1361,#1362,#1363,#1364,#1365,#1366,#1367,#1368,#1369,#1370,#1371,#1372,#1373,#1374,#1375,#1376,#1377,#1378));
#802=AXIS2_PLACEMENT_3D('',#1379,#1380,#1381);
#803=EDGE_LOOP('',(#1382,#1383,#1384,#1385));
#804=AXIS2_PLACEMENT_3D('',#1386,#1387,#1388);
#805=EDGE_LOOP('',(#1389,#1390,#1391,#1392));
#806=AXIS2_PLACEMENT_3D('',#1393,#1394,#1395);
#807=EDGE_LOOP('',(#1396,#1397,#1398,#1399));
#808=AXIS2_PLACEMENT_3D('',#1400,#1401,#1402);
#809=EDGE_LOOP('',(#1403,#1404,#1405,#1406));
#810=AXIS2_PLACEMENT_3D('',#1407,#1408,#1409);
#811=EDGE_LOOP('',(#1410,#1411,#1412,#1413));
#812=AXIS2_PLACEMENT_3D('',#1414,#1415,#1416);
#813=EDGE_LOOP('',(#1417,#1418,#1419,#1420,#1421,#1422,#1423,#1424,#1425,#1426,#1427,#1428,#1429,#1430,#1431,#1432,#1433,#1434,#1435,#1436,#1437,#1438,#1439,#1440));
#814=AXIS2_PLACEMENT_3D('',#1441,#1442,#1443);
#815=EDGE_LOOP('',(#1444,#1445,#1446,#1447));
#816=AXIS2_PLACEMENT_3D('',#1448,#1449,#1450);
#817=EDGE_LOOP('',(#1451,#1452,#1453,#1454));
#818=AXIS2_PLACEMENT_3D('',#1455,#1456,#1457);
#819=EDGE_LOOP('',(#1458,#1459,#1460,#1461));
#820=AXIS2_PLACEMENT_3D('',#1462,#1463,#1464);
#821=EDGE_LOOP('',(#1465,#1466,#1467,#1468));
#822=AXIS2_PLACEMENT_3D('',#1469,#1470,#1471);
#823=EDGE_LOOP('',(#1472,#1473,#1474,#1475));
#824=AXIS2_PLACEMENT_3D('',#1476,#1477,#1478);
#825=EDGE_LOOP('',(#1479,#1480,#1481,#1482));
#826=AXIS2_PLACEMENT_3D('',#1483,#1484,#1485);
#827=EDGE_LOOP('',(#1486,#1487,#1488,#1489));
#828=AXIS2_PLACEMENT_3D('',#1490,#1491,#1492);
#829=EDGE_LOOP('',(#1493,#1494,#1495,#1496));
#830=AXIS2_PLACEMENT_3D('',#1497,#1498,#1499);
#831=EDGE_LOOP('',(#1500,#1501,#1502,#1503));
#832=AXIS2_PLACEMENT_3D('',#1504,#1505,#1506);
#833=EDGE_LOOP('',(#1507,#1508,#1509,#1510));
#834=AXIS2_PLACEMENT_3D('',#1511,#1512,#1513);
#835=EDGE_LOOP('',(#1514,#1515,#1516,#1517));
#836=AXIS2_PLACEMENT_3D('',#1518,#1519,#1520);
#837=EDGE_LOOP('',(#1521,#1522,#1523,#1524));
#838=AXIS2_PLACEMENT_3D('',#1525,#1526,#1527);
#839=EDGE_LOOP('',(#1528,#1529,#1530,#1531));
#840=AXIS2_PLACEMENT_3D('',#1532,#1533,#1534);
#841=EDGE_LOOP('',(#1535,#1536,#1537,#1538));
#842=AXIS2_PLACEMENT_3D('',#1539,#1540,#1541);
#843=EDGE_LOOP('',(#1542,#1543,#1544,#1545));
#844=AXIS2_PLACEMENT_3D('',#1546,#1547,#1548);
#845=EDGE_LOOP('',(#1549,#1550,#1551,#1552));
#846=AXIS2_PLACEMENT_3D('',#1553,#1554,#1555);
#847=EDGE_LOOP('',(#1556,#1557,#1558,#1559));
#848=AXIS2_PLACEMENT_3D('',#1560,#1561,#1562);
#849=EDGE_LOOP('',(#1563,#1564,#1565,#1566));
#850=AXIS2_PLACEMENT_3D('',#1567,#1568,#1569);
#851=EDGE_LOOP('',(#1570,#1571,#1572,#1573,#1574));
#852=AXIS2_PLACEMENT_3D('',#1575,#1576,#1577);
#853=EDGE_LOOP('',(#1578,#1579,#1580,#1581,#1582));
#854=AXIS2_PLACEMENT_3D('',#1583,#1584,#1585);
#855=EDGE_LOOP('',(#1586,#1587,#1588,#1589,#1590));
#856=AXIS2_PLACEMENT_3D('',#1591,#1592,#1593);
#857=EDGE_LOOP('',(#1594,#1595,#1596,#1597,#1598));
#858=AXIS2_PLACEMENT_3D('',#1599,#1600,#1601);
#859=EDGE_LOOP('',(#1602,#1603,#1604,#1605));
#860=AXIS2_PLACEMENT_3D('',#1606,#1607,#1608);
#861=EDGE_LOOP('',(#1609,#1610,#1611,#1612,#1613,#1614,#1615,#1616,#1617,#1618,#1619,#1620));
#862=AXIS2_PLACEMENT_3D('',#1621,#1622,#1623);
#863=EDGE_LOOP('',(#1624,#1625,#1626,#1627));
#864=AXIS2_PLACEMENT_3D('',#1628,#1629,#1630);
#865=EDGE_LOOP('',(#1631,#1632,#1633,#1634,#1635,#1636,#1637,#1638));
#866=AXIS2_PLACEMENT_3D('',#1639,#1640,#1641);
#867=EDGE_LOOP('',(#1642,#1643,#1644,#1645,#1646,#1647));
#868=AXIS2_PLACEMENT_3D('',#1648,#1649,#1650);
#869=EDGE_LOOP('',(#1651,#1652,#1653,#1654,#1655,#1656));
#870=AXIS2_PLACEMENT_3D('',#1657,#1658,#1659);
#871=EDGE_LOOP('',(#1660,#1661,#1662,#1663));
#872=AXIS2_PLACEMENT_3D('',#1664,#1665,#1666);
#873=EDGE_LOOP('',(#1667,#1668,#1669,#1670));
#874=AXIS2_PLACEMENT_3D('',#1671,#1672,#1673);
#875=EDGE_LOOP('',(#1674,#1675,#1676,#1677,#1678,#1679,#1680,#1681,#1682,#1683,#1684,#1685,#1686,#1687,#1688));
#876=EDGE_LOOP('',(#1689,#1690,#1691,#1692));
#877=EDGE_LOOP('',(#1693,#1694,#1695,#1696));
#878=EDGE_LOOP('',(#1697,#1698,#1699,#1700));
#879=EDGE_LOOP('',(#1701,#1702,#1703,#1704));
#880=EDGE_LOOP('',(#1705,#1706,#1707,#1708,#1709,#1710));
#881=EDGE_LOOP('',(#1711,#1712,#1713,#1714,#1715,#1716));
#882=EDGE_LOOP('',(#1717,#1718,#1719,#1720,#1721,#1722));
#883=EDGE_LOOP('',(#1723,#1724,#1725,#1726,#1727,#1728));
#884=AXIS2_PLACEMENT_3D('',#1729,#1730,#1731);
#885=EDGE_LOOP('',(#1732,#1733,#1734,#1735));
#886=AXIS2_PLACEMENT_3D('',#1736,#1737,#1738);
#887=EDGE_LOOP('',(#1739,#1740,#1741,#1742));
#888=AXIS2_PLACEMENT_3D('',#1743,#1744,#1745);
#889=EDGE_LOOP('',(#1746,#1747,#1748,#1749));
#890=AXIS2_PLACEMENT_3D('',#1750,#1751,#1752);
#891=EDGE_LOOP('',(#1753,#1754,#1755,#1756));
#892=AXIS2_PLACEMENT_3D('',#1757,#1758,#1759);
#893=EDGE_LOOP('',(#1760,#1761,#1762,#1763));
#894=AXIS2_PLACEMENT_3D('',#1764,#1765,#1766);
#895=EDGE_LOOP('',(#1767,#1768,#1769,#1770));
#896=AXIS2_PLACEMENT_3D('',#1771,#1772,#1773);
#897=EDGE_LOOP('',(#1774,#1775,#1776,#1777));
#898=AXIS2_PLACEMENT_3D('',#1778,#1779,#1780);
#899=EDGE_LOOP('',(#1781,#1782,#1783,#1784));
#900=AXIS2_PLACEMENT_3D('',#1785,#1786,#1787);
#901=EDGE_LOOP('',(#1788,#1789,#1790,#1791));
#902=AXIS2_PLACEMENT_3D('',#1792,#1793,#1794);
#903=EDGE_LOOP('',(#1795,#1796,#1797,#1798));
#904=AXIS2_PLACEMENT_3D('',#1799,#1800,#1801);
#905=EDGE_LOOP('',(#1802,#1803,#1804,#1805));
#906=AXIS2_PLACEMENT_3D('',#1806,#1807,#1808);
#907=EDGE_LOOP('',(#1809,#1810,#1811,#1812));
#908=AXIS2_PLACEMENT_3D('',#1813,#1814,#1815);
#909=EDGE_LOOP('',(#1816,#1817,#1818,#1819));
#910=AXIS2_PLACEMENT_3D('',#1820,#1821,#1822);
#911=EDGE_LOOP('',(#1823,#1824,#1825,#1826));
#912=AXIS2_PLACEMENT_3D('',#1827,#1828,#1829);
#913=EDGE_LOOP('',(#1830,#1831,#1832,#1833));
#914=AXIS2_PLACEMENT_3D('',#1834,#1835,#1836);
#915=EDGE_LOOP('',(#1837,#1838,#1839,#1840));
#916=EDGE_LOOP('',(#1841,#1842,#1843,#1844));
#917=AXIS2_PLACEMENT_3D('',#1845,#1846,#1847);
#918=EDGE_LOOP('',(#1848,#1849,#1850,#1851,#1852,#1853));
#919=EDGE_LOOP('',(#1854,#1855,#1856,#1857));
#920=AXIS2_PLACEMENT_3D('',#1858,#1859,#1860);
#921=EDGE_LOOP('',(#1861,#1862,#1863,#1864));
#922=AXIS2_PLACEMENT_3D('',#1865,#1866,#1867);
#923=EDGE_LOOP('',(#1868,#1869,#1870,#1871));
#924=AXIS2_PLACEMENT_3D('',#1872,#1873,#1874);
#925=EDGE_LOOP('',(#1875,#1876,#1877,#1878));
#926=AXIS2_PLACEMENT_3D('',#1879,#1880,#1881);
#927=EDGE_LOOP('',(#1882,#1883,#1884,#1885));
#928=AXIS2_PLACEMENT_3D('',#1886,#1887,#1888);
#929=EDGE_LOOP('',(#1889,#1890,#1891,#1892));
#930=AXIS2_PLACEMENT_3D('',#1893,#1894,#1895);
#931=EDGE_LOOP('',(#1896,#1897,#1898,#1899));
#932=AXIS2_PLACEMENT_3D('',#1900,#1901,#1902);
#933=EDGE_LOOP('',(#1903,#1904,#1905,#1906));
#934=AXIS2_PLACEMENT_3D('',#1907,#1908,#1909);
#935=EDGE_LOOP('',(#1910,#1911,#1912,#1913));
#936=AXIS2_PLACEMENT_3D('',#1914,#1915,#1916);
#937=EDGE_LOOP('',(#1917,#1918,#1919,#1920));
#938=AXIS2_PLACEMENT_3D('',#1921,#1922,#1923);
#939=EDGE_LOOP('',(#1924,#1925,#1926,#1927));
#940=AXIS2_PLACEMENT_3D('',#1928,#1929,#1930);
#941=EDGE_LOOP('',(#1931,#1932,#1933,#1934));
#942=AXIS2_PLACEMENT_3D('',#1935,#1936,#1937);
#943=EDGE_LOOP('',(#1938,#1939,#1940,#1941));
#944=AXIS2_PLACEMENT_3D('',#1942,#1943,#1944);
#945=EDGE_LOOP('',(#1945,#1946,#1947,#1948));
#946=AXIS2_PLACEMENT_3D('',#1949,#1950,#1951);
#947=EDGE_LOOP('',(#1952,#1953,#1954,#1955));
#948=AXIS2_PLACEMENT_3D('',#1956,#1957,#1958);
#949=EDGE_LOOP('',(#1959,#1960,#1961,#1962));
#950=AXIS2_PLACEMENT_3D('',#1963,#1964,#1965);
#951=EDGE_LOOP('',(#1966,#1967,#1968,#1969));
#952=AXIS2_PLACEMENT_3D('',#1970,#1971,#1972);
#953=EDGE_LOOP('',(#1973,#1974,#1975,#1976));
#954=AXIS2_PLACEMENT_3D('',#1977,#1978,#1979);
#955=EDGE_LOOP('',(#1980,#1981,#1982,#1983));
#956=AXIS2_PLACEMENT_3D('',#1984,#1985,#1986);
#957=EDGE_LOOP('',(#1987,#1988,#1989,#1990));
#958=AXIS2_PLACEMENT_3D('',#1991,#1992,#1993);
#959=EDGE_LOOP('',(#1994,#1995,#1996,#1997));
#960=AXIS2_PLACEMENT_3D('',#1998,#1999,#2000);
#961=EDGE_LOOP('',(#2001,#2002,#2003,#2004));
#962=EDGE_LOOP('',(#2005,#2006,#2007,#2008));
#963=AXIS2_PLACEMENT_3D('',#2009,#2010,#2011);
#964=EDGE_LOOP('',(#2012,#2013,#2014,#2015,#2016,#2017));
#965=EDGE_LOOP('',(#2018,#2019,#2020,#2021));
#966=AXIS2_PLACEMENT_3D('',#2022,#2023,#2024);
#967=EDGE_LOOP('',(#2025,#2026,#2027,#2028));
#968=AXIS2_PLACEMENT_3D('',#2029,#2030,#2031);
#969=EDGE_LOOP('',(#2032,#2033,#2034,#2035));
#970=AXIS2_PLACEMENT_3D('',#2036,#2037,#2038);
#971=EDGE_LOOP('',(#2039,#2040,#2041,#2042));
#972=AXIS2_PLACEMENT_3D('',#2043,#2044,#2045);
#973=EDGE_LOOP('',(#2046,#2047,#2048,#2049));
#974=AXIS2_PLACEMENT_3D('',#2050,#2051,#2052);
#975=EDGE_LOOP('',(#2053,#2054,#2055,#2056));
#976=AXIS2_PLACEMENT_3D('',#2057,#2058,#2059);
#977=EDGE_LOOP('',(#2060,#2061,#2062,#2063));
#978=AXIS2_PLACEMENT_3D('',#2064,#2065,#2066);
#979=EDGE_LOOP('',(#2067,#2068,#2069,#2070));
#980=AXIS2_PLACEMENT_3D('',#2071,#2072,#2073);
#981=EDGE_LOOP('',(#2074,#2075,#2076,#2077));
#982=AXIS2_PLACEMENT_3D('',#2078,#2079,#2080);
#983=EDGE_LOOP('',(#2081,#2082,#2083,#2084));
#984=AXIS2_PLACEMENT_3D('',#2085,#2086,#2087);
#985=EDGE_LOOP('',(#2088,#2089,#2090,#2091));
#986=AXIS2_PLACEMENT_3D('',#2092,#2093,#2094);
#987=EDGE_LOOP('',(#2095,#2096,#2097,#2098));
#988=AXIS2_PLACEMENT_3D('',#2099,#2100,#2101);
#989=EDGE_LOOP('',(#2102,#2103,#2104,#2105));
#990=AXIS2_PLACEMENT_3D('',#2106,#2107,#2108);
#991=EDGE_LOOP('',(#2109,#2110,#2111,#2112));
#992=AXIS2_PLACEMENT_3D('',#2113,#2114,#2115);
#993=EDGE_LOOP('',(#2116,#2117,#2118,#2119));
#994=AXIS2_PLACEMENT_3D('',#2120,#2121,#2122);
#995=EDGE_LOOP('',(#2123,#2124,#2125,#2126));
#996=AXIS2_PLACEMENT_3D('',#2127,#2128,#2129);
#997=EDGE_LOOP('',(#2130,#2131,#2132,#2133));
#998=AXIS2_PLACEMENT_3D('',#2134,#2135,#2136);
#999=EDGE_LOOP('',(#2137,#2138,#2139,#2140));
#1000=AXIS2_PLACEMENT_3D('',#2141,#2142,#2143);
#1001=EDGE_LOOP('',(#2144,#2145,#2146,#2147));
#1002=AXIS2_PLACEMENT_3D('',#2148,#2149,#2150);
#1003=EDGE_LOOP('',(#2151,#2152,#2153,#2154));
#1004=AXIS2_PLACEMENT_3D('',#2155,#2156,#2157);
#1005=EDGE_LOOP('',(#2158,#2159,#2160,#2161));
#1006=AXIS2_PLACEMENT_3D('',#2162,#2163,#2164);
#1007=EDGE_LOOP('',(#2165,#2166,#2167,#2168));
#1008=EDGE_LOOP('',(#2169,#2170,#2171,#2172));
#1009=AXIS2_PLACEMENT_3D('',#2173,#2174,#2175);
#1010=EDGE_LOOP('',(#2176,#2177,#2178,#2179,#2180,#2181));
#1011=EDGE_LOOP('',(#2182,#2183,#2184,#2185));
#1012=AXIS2_PLACEMENT_3D('',#2186,#2187,#2188);
#1013=EDGE_LOOP('',(#2189,#2190,#2191,#2192));
#1014=AXIS2_PLACEMENT_3D('',#2193,#2194,#2195);
#1015=EDGE_LOOP('',(#2196,#2197,#2198,#2199));
#1016=AXIS2_PLACEMENT_3D('',#2200,#2201,#2202);
#1017=EDGE_LOOP('',(#2203,#2204,#2205,#2206));
#1018=AXIS2_PLACEMENT_3D('',#2207,#2208,#2209);
#1019=EDGE_LOOP('',(#2210,#2211,#2212,#2213));
#1020=AXIS2_PLACEMENT_3D('',#2214,#2215,#2216);
#1021=EDGE_LOOP('',(#2217,#2218,#2219,#2220));
#1022=AXIS2_PLACEMENT_3D('',#2221,#2222,#2223);
#1023=EDGE_LOOP('',(#2224,#2225,#2226,#2227));
#1024=AXIS2_PLACEMENT_3D('',#2228,#2229,#2230);
#1025=EDGE_LOOP('',(#2231,#2232,#2233,#2234));
#1026=AXIS2_PLACEMENT_3D('',#2235,#2236,#2237);
#1027=EDGE_LOOP('',(#2238,#2239,#2240,#2241));
#1028=AXIS2_PLACEMENT_3D('',#2242,#2243,#2244);
#1029=EDGE_LOOP('',(#2245,#2246,#2247,#2248));
#1030=AXIS2_PLACEMENT_3D('',#2249,#2250,#2251);
#1031=EDGE_LOOP('',(#2252,#2253,#2254,#2255));
#1032=AXIS2_PLACEMENT_3D('',#2256,#2257,#2258);
#1033=EDGE_LOOP('',(#2259,#2260,#2261,#2262));
#1034=AXIS2_PLACEMENT_3D('',#2263,#2264,#2265);
#1035=EDGE_LOOP('',(#2266,#2267,#2268,#2269));
#1036=AXIS2_PLACEMENT_3D('',#2270,#2271,#2272);
#1037=EDGE_LOOP('',(#2273,#2274,#2275,#2276));
#1038=AXIS2_PLACEMENT_3D('',#2277,#2278,#2279);
#1039=EDGE_LOOP('',(#2280,#2281,#2282,#2283));
#1040=AXIS2_PLACEMENT_3D('',#2284,#2285,#2286);
#1041=EDGE_LOOP('',(#2287,#2288,#2289,#2290));
#1042=AXIS2_PLACEMENT_3D('',#2291,#2292,#2293);
#1043=EDGE_LOOP('',(#2294,#2295,#2296,#2297));
#1044=AXIS2_PLACEMENT_3D('',#2298,#2299,#2300);
#1045=EDGE_LOOP('',(#2301,#2302,#2303,#2304));
#1046=AXIS2_PLACEMENT_3D('',#2305,#2306,#2307);
#1047=EDGE_LOOP('',(#2308,#2309,#2310,#2311));
#1048=AXIS2_PLACEMENT_3D('',#2312,#2313,#2314);
#1049=EDGE_LOOP('',(#2315,#2316,#2317,#2318));
#1050=AXIS2_PLACEMENT_3D('',#2319,#2320,#2321);
#1051=EDGE_LOOP('',(#2322,#2323,#2324,#2325));
#1052=AXIS2_PLACEMENT_3D('',#2326,#2327,#2328);
#1053=EDGE_LOOP('',(#2329,#2330,#2331,#2332));
#1054=EDGE_LOOP('',(#2333,#2334,#2335,#2336));
#1055=AXIS2_PLACEMENT_3D('',#2337,#2338,#2339);
#1056=EDGE_LOOP('',(#2340,#2341,#2342,#2343,#2344,#2345));
#1057=EDGE_LOOP('',(#2346,#2347,#2348,#2349));
#1058=AXIS2_PLACEMENT_3D('',#2350,#2351,#2352);
#1059=EDGE_LOOP('',(#2353,#2354,#2355,#2356));
#1060=AXIS2_PLACEMENT_3D('',#2357,#2358,#2359);
#1061=EDGE_LOOP('',(#2360,#2361,#2362,#2363));
#1062=AXIS2_PLACEMENT_3D('',#2364,#2365,#2366);
#1063=EDGE_LOOP('',(#2367,#2368,#2369,#2370));
#1064=AXIS2_PLACEMENT_3D('',#2371,#2372,#2373);
#1065=EDGE_LOOP('',(#2374,#2375,#2376,#2377));
#1066=AXIS2_PLACEMENT_3D('',#2378,#2379,#2380);
#1067=EDGE_LOOP('',(#2381,#2382,#2383,#2384));
#1068=AXIS2_PLACEMENT_3D('',#2385,#2386,#2387);
#1069=EDGE_LOOP('',(#2388,#2389,#2390,#2391));
#1070=AXIS2_PLACEMENT_3D('',#2392,#2393,#2394);
#1071=EDGE_LOOP('',(#2395,#2396,#2397,#2398));
#1072=AXIS2_PLACEMENT_3D('',#2399,#2400,#2401);
#1073=EDGE_LOOP('',(#2402,#2403,#2404,#2405));
#1074=AXIS2_PLACEMENT_3D('',#2406,#2407,#2408);
#1075=EDGE_LOOP('',(#2409,#2410,#2411,#2412));
#1076=AXIS2_PLACEMENT_3D('',#2413,#2414,#2415);
#1077=EDGE_LOOP('',(#2416,#2417,#2418,#2419));
#1078=AXIS2_PLACEMENT_3D('',#2420,#2421,#2422);
#1079=EDGE_LOOP('',(#2423,#2424,#2425,#2426));
#1080=AXIS2_PLACEMENT_3D('',#2427,#2428,#2429);
#1081=EDGE_LOOP('',(#2430,#2431,#2432,#2433));
#1082=AXIS2_PLACEMENT_3D('',#2434,#2435,#2436);
#1083=EDGE_LOOP('',(#2437,#2438,#2439,#2440));
#1084=AXIS2_PLACEMENT_3D('',#2441,#2442,#2443);
#1085=EDGE_LOOP('',(#2444,#2445,#2446,#2447));
#1086=AXIS2_PLACEMENT_3D('',#2448,#2449,#2450);
#1087=EDGE_LOOP('',(#2451,#2452,#2453,#2454));
#1088=AXIS2_PLACEMENT_3D('',#2455,#2456,#2457);
#1089=EDGE_LOOP('',(#2458,#2459,#2460,#2461));
#1090=AXIS2_PLACEMENT_3D('',#2462,#2463,#2464);
#1091=EDGE_LOOP('',(#2465,#2466,#2467,#2468));
#1092=AXIS2_PLACEMENT_3D('',#2469,#2470,#2471);
#1093=EDGE_LOOP('',(#2472,#2473,#2474,#2475));
#1094=AXIS2_PLACEMENT_3D('',#2476,#2477,#2478);
#1095=EDGE_LOOP('',(#2479,#2480,#2481,#2482,#2483,#2484));
#1096=AXIS2_PLACEMENT_3D('',#2485,#2486,#2487);
#1097=EDGE_LOOP('',(#2488,#2489,#2490,#2491));
#1098=AXIS2_PLACEMENT_3D('',#2492,#2493,#2494);
#1099=EDGE_LOOP('',(#2495,#2496,#2497,#2498));
#1100=AXIS2_PLACEMENT_3D('',#2499,#2500,#2501);
#1101=EDGE_LOOP('',(#2502,#2503,#2504,#2505));
#1102=AXIS2_PLACEMENT_3D('',#2506,#2507,#2508);
#1103=EDGE_LOOP('',(#2509,#2510,#2511,#2512));
#1104=AXIS2_PLACEMENT_3D('',#2513,#2514,#2515);
#1105=EDGE_LOOP('',(#2516,#2517,#2518,#2519));
#1106=AXIS2_PLACEMENT_3D('',#2520,#2521,#2522);
#1107=EDGE_LOOP('',(#2523,#2524,#2525,#2526));
#1108=AXIS2_PLACEMENT_3D('',#2527,#2528,#2529);
#1109=EDGE_LOOP('',(#2530,#2531,#2532,#2533,#2534,#2535));
#1110=AXIS2_PLACEMENT_3D('',#2536,#2537,#2538);
#1111=EDGE_LOOP('',(#2539,#2540,#2541,#2542,#2543,#2544));
#1112=AXIS2_PLACEMENT_3D('',#2545,#2546,#2547);
#1113=EDGE_LOOP('',(#2548,#2549,#2550,#2551));
#1114=AXIS2_PLACEMENT_3D('',#2552,#2553,#2554);
#1115=EDGE_LOOP('',(#2555,#2556,#2557,#2558));
#1116=AXIS2_PLACEMENT_3D('',#2559,#2560,#2561);
#1117=EDGE_LOOP('',(#2562,#2563,#2564,#2565));
#1118=AXIS2_PLACEMENT_3D('',#2566,#2567,#2568);
#1119=EDGE_LOOP('',(#2569,#2570,#2571,#2572));
#1120=AXIS2_PLACEMENT_3D('',#2573,#2574,#2575);
#1121=EDGE_LOOP('',(#2576,#2577,#2578,#2579));
#1122=AXIS2_PLACEMENT_3D('',#2580,#2581,#2582);
#1123=EDGE_LOOP('',(#2583,#2584,#2585,#2586));
#1124=AXIS2_PLACEMENT_3D('',#2587,#2588,#2589);
#1125=EDGE_LOOP('',(#2590,#2591,#2592,#2593,#2594,#2595));
#1126=AXIS2_PLACEMENT_3D('',#2596,#2597,#2598);
#1127=EDGE_LOOP('',(#2599,#2600,#2601,#2602,#2603,#2604));
#1128=AXIS2_PLACEMENT_3D('',#2605,#2606,#2607);
#1129=EDGE_LOOP('',(#2608,#2609,#2610,#2611));
#1130=AXIS2_PLACEMENT_3D('',#2612,#2613,#2614);
#1131=EDGE_LOOP('',(#2615,#2616,#2617,#2618));
#1132=AXIS2_PLACEMENT_3D('',#2619,#2620,#2621);
#1133=EDGE_LOOP('',(#2622,#2623,#2624,#2625));
#1134=AXIS2_PLACEMENT_3D('',#2626,#2627,#2628);
#1135=EDGE_LOOP('',(#2629,#2630,#2631,#2632));
#1136=AXIS2_PLACEMENT_3D('',#2633,#2634,#2635);
#1137=EDGE_LOOP('',(#2636,#2637,#2638,#2639));
#1138=AXIS2_PLACEMENT_3D('',#2640,#2641,#2642);
#1139=EDGE_LOOP('',(#2643,#2644,#2645,#2646));
#1140=AXIS2_PLACEMENT_3D('',#2647,#2648,#2649);
#1141=EDGE_LOOP('',(#2650,#2651,#2652,#2653,#2654,#2655));
#1142=AXIS2_PLACEMENT_3D('',#2656,#2657,#2658);
#1143=EDGE_LOOP('',(#2659,#2660,#2661,#2662,#2663,#2664));
#1144=AXIS2_PLACEMENT_3D('',#2665,#2666,#2667);
#1145=EDGE_LOOP('',(#2668,#2669,#2670,#2671));
#1146=AXIS2_PLACEMENT_3D('',#2672,#2673,#2674);
#1147=EDGE_LOOP('',(#2675,#2676,#2677,#2678));
#1148=AXIS2_PLACEMENT_3D('',#2679,#2680,#2681);
#1149=EDGE_LOOP('',(#2682,#2683,#2684,#2685));
#1150=AXIS2_PLACEMENT_3D('',#2686,#2687,#2688);
#1151=EDGE_LOOP('',(#2689,#2690,#2691,#2692));
#1152=AXIS2_PLACEMENT_3D('',#2693,#2694,#2695);
#1153=EDGE_LOOP('',(#2696,#2697,#2698,#2699));
#1154=AXIS2_PLACEMENT_3D('',#2700,#2701,#2702);
#1155=EDGE_LOOP('',(#2703,#2704,#2705,#2706));
#1156=AXIS2_PLACEMENT_3D('',#2707,#2708,#2709);
#1157=EDGE_LOOP('',(#2710,#2711,#2712,#2713,#2714,#2715));
#1158=AXIS2_PLACEMENT_3D('',#2716,#2717,#2718);
#1159=EDGE_LOOP('',(#2719,#2720,#2721,#2722,#2723,#2724));
#1160=AXIS2_PLACEMENT_3D('',#2725,#2726,#2727);
#1161=EDGE_LOOP('',(#2728,#2729,#2730,#2731));
#1162=AXIS2_PLACEMENT_3D('',#2732,#2733,#2734);
#1163=EDGE_LOOP('',(#2735,#2736,#2737,#2738));
#1164=AXIS2_PLACEMENT_3D('',#2739,#2740,#2741);
#1165=EDGE_LOOP('',(#2742,#2743,#2744,#2745));
#1166=AXIS2_PLACEMENT_3D('',#2746,#2747,#2748);
#1167=EDGE_LOOP('',(#2749,#2750,#2751,#2752));
#1168=AXIS2_PLACEMENT_3D('',#2753,#2754,#2755);
#1169=EDGE_LOOP('',(#2756,#2757,#2758,#2759));
#1170=AXIS2_PLACEMENT_3D('',#2760,#2761,#2762);
#1171=EDGE_LOOP('',(#2763,#2764,#2765,#2766));
#1172=AXIS2_PLACEMENT_3D('',#2767,#2768,#2769);
#1173=EDGE_LOOP('',(#2770,#2771,#2772,#2773,#2774,#2775));
#1174=AXIS2_PLACEMENT_3D('',#2776,#2777,#2778);
#1175=EDGE_LOOP('',(#2779,#2780,#2781,#2782,#2783,#2784));
#1176=AXIS2_PLACEMENT_3D('',#2785,#2786,#2787);
#1177=EDGE_LOOP('',(#2788,#2789,#2790,#2791));
#1178=AXIS2_PLACEMENT_3D('',#2792,#2793,#2794);
#1179=EDGE_LOOP('',(#2795,#2796,#2797,#2798));
#1180=AXIS2_PLACEMENT_3D('',#2799,#2800,#2801);
#1181=EDGE_LOOP('',(#2802,#2803,#2804,#2805));
#1182=AXIS2_PLACEMENT_3D('',#2806,#2807,#2808);
#1183=EDGE_LOOP('',(#2809,#2810,#2811,#2812));
#1184=AXIS2_PLACEMENT_3D('',#2813,#2814,#2815);
#1185=EDGE_LOOP('',(#2816,#2817,#2818,#2819));
#1186=AXIS2_PLACEMENT_3D('',#2820,#2821,#2822);
#1187=EDGE_LOOP('',(#2823,#2824,#2825,#2826));
#1188=AXIS2_PLACEMENT_3D('',#2827,#2828,#2829);
#1189=EDGE_LOOP('',(#2830,#2831,#2832,#2833,#2834,#2835));
#1190=AXIS2_PLACEMENT_3D('',#2836,#2837,#2838);
#1191=EDGE_LOOP('',(#2839,#2840,#2841,#2842,#2843,#2844));
#1192=AXIS2_PLACEMENT_3D('',#2845,#2846,#2847);
#1193=EDGE_LOOP('',(#2848,#2849,#2850,#2851));
#1194=AXIS2_PLACEMENT_3D('',#2852,#2853,#2854);
#1195=EDGE_LOOP('',(#2855,#2856,#2857,#2858));
#1196=AXIS2_PLACEMENT_3D('',#2859,#2860,#2861);
#1197=EDGE_LOOP('',(#2862,#2863,#2864,#2865));
#1198=AXIS2_PLACEMENT_3D('',#2866,#2867,#2868);
#1199=EDGE_LOOP('',(#2869,#2870,#2871,#2872));
#1200=AXIS2_PLACEMENT_3D('',#2873,#2874,#2875);
#1201=EDGE_LOOP('',(#2876,#2877,#2878,#2879));
#1202=AXIS2_PLACEMENT_3D('',#2880,#2881,#2882);
#1203=EDGE_LOOP('',(#2883,#2884,#2885,#2886));
#1204=AXIS2_PLACEMENT_3D('',#2887,#2888,#2889);
#1205=EDGE_LOOP('',(#2890,#2891,#2892,#2893,#2894,#2895));
#1206=AXIS2_PLACEMENT_3D('',#2896,#2897,#2898);
#1207=EDGE_LOOP('',(#2899,#2900,#2901,#2902,#2903,#2904));
#1208=AXIS2_PLACEMENT_3D('',#2905,#2906,#2907);
#1209=EDGE_LOOP('',(#2908,#2909,#2910,#2911));
#1210=AXIS2_PLACEMENT_3D('',#2912,#2913,#2914);
#1211=EDGE_LOOP('',(#2915,#2916,#2917,#2918));
#1212=AXIS2_PLACEMENT_3D('',#2919,#2920,#2921);
#1213=EDGE_LOOP('',(#2922,#2923,#2924,#2925));
#1214=AXIS2_PLACEMENT_3D('',#2926,#2927,#2928);
#1215=EDGE_LOOP('',(#2929,#2930,#2931,#2932));
#1216=AXIS2_PLACEMENT_3D('',#2933,#2934,#2935);
#1217=EDGE_LOOP('',(#2936,#2937,#2938,#2939));
#1218=AXIS2_PLACEMENT_3D('',#2940,#2941,#2942);
#1219=EDGE_LOOP('',(#2943,#2944,#2945,#2946));
#1220=AXIS2_PLACEMENT_3D('',#2947,#2948,#2949);
#1221=EDGE_LOOP('',(#2950,#2951,#2952,#2953,#2954,#2955));
#1222=AXIS2_PLACEMENT_3D('',#2956,#2957,#2958);
#1223=ORIENTED_EDGE('',*,*,#2959,.F.);
#1224=ORIENTED_EDGE('',*,*,#2960,.F.);
#1225=ORIENTED_EDGE('',*,*,#2961,.T.);
#1226=ORIENTED_EDGE('',*,*,#2962,.T.);
#1227=CARTESIAN_POINT('',(-9.025,2.45,0.0));
#1228=DIRECTION('',(0.0,0.0,-1.0));
#1229=DIRECTION('',(1.0,0.0,0.0));
#1230=ORIENTED_EDGE('',*,*,#2963,.F.);
#1231=ORIENTED_EDGE('',*,*,#2964,.F.);
#1232=ORIENTED_EDGE('',*,*,#2965,.T.);
#1233=ORIENTED_EDGE('',*,*,#2966,.F.);
#1234=CARTESIAN_POINT('',(-3.07,-3.875,-12.8));
#1235=DIRECTION('',(1.0,0.0,0.0));
#1236=DIRECTION('',(0.0,1.0,0.0));
#1237=ORIENTED_EDGE('',*,*,#2967,.F.);
#1238=ORIENTED_EDGE('',*,*,#2968,.F.);
#1239=ORIENTED_EDGE('',*,*,#2962,.F.);
#1240=ORIENTED_EDGE('',*,*,#2969,.F.);
#1241=ORIENTED_EDGE('',*,*,#2970,.F.);
#1242=CARTESIAN_POINT('',(0.0,0.0,-12.1));
#1243=DIRECTION('',(0.0,0.0,1.0));
#1244=DIRECTION('',(1.0,0.0,0.0));
#1245=ORIENTED_EDGE('',*,*,#2971,.F.);
#1246=ORIENTED_EDGE('',*,*,#2972,.F.);
#1247=ORIENTED_EDGE('',*,*,#2973,.T.);
#1248=ORIENTED_EDGE('',*,*,#2974,.T.);
#1249=ORIENTED_EDGE('',*,*,#2975,.F.);
#1250=ORIENTED_EDGE('',*,*,#2976,.T.);
#1251=ORIENTED_EDGE('',*,*,#2977,.F.);
#1252=ORIENTED_EDGE('',*,*,#2978,.F.);
#1253=ORIENTED_EDGE('',*,*,#2979,.F.);
#1254=ORIENTED_EDGE('',*,*,#2980,.T.);
#1255=ORIENTED_EDGE('',*,*,#2981,.F.);
#1256=ORIENTED_EDGE('',*,*,#2982,.F.);
#1257=ORIENTED_EDGE('',*,*,#2983,.F.);
#1258=ORIENTED_EDGE('',*,*,#2984,.T.);
#1259=ORIENTED_EDGE('',*,*,#2985,.F.);
#1260=ORIENTED_EDGE('',*,*,#2986,.F.);
#1261=CARTESIAN_POINT('',(0.0,0.0,-12.1));
#1262=DIRECTION('',(0.0,0.0,1.0));
#1263=DIRECTION('',(1.0,0.0,0.0));
#1264=ORIENTED_EDGE('',*,*,#2987,.F.);
#1265=ORIENTED_EDGE('',*,*,#2988,.T.);
#1266=ORIENTED_EDGE('',*,*,#2989,.F.);
#1267=ORIENTED_EDGE('',*,*,#2990,.F.);
#1268=ORIENTED_EDGE('',*,*,#2991,.F.);
#1269=ORIENTED_EDGE('',*,*,#2966,.T.);
#1270=ORIENTED_EDGE('',*,*,#2992,.F.);
#1271=ORIENTED_EDGE('',*,*,#2993,.F.);
#1272=ORIENTED_EDGE('',*,*,#2994,.F.);
#1273=ORIENTED_EDGE('',*,*,#2995,.T.);
#1274=ORIENTED_EDGE('',*,*,#2996,.F.);
#1275=ORIENTED_EDGE('',*,*,#2997,.F.);
#1276=ORIENTED_EDGE('',*,*,#2998,.F.);
#1277=ORIENTED_EDGE('',*,*,#2999,.T.);
#1278=ORIENTED_EDGE('',*,*,#3000,.F.);
#1279=ORIENTED_EDGE('',*,*,#3001,.F.);
#1280=CARTESIAN_POINT('',(0.0,0.0,-12.1));
#1281=DIRECTION('',(0.0,0.0,1.0));
#1282=DIRECTION('',(1.0,0.0,0.0));
#1283=ORIENTED_EDGE('',*,*,#3002,.F.);
#1284=ORIENTED_EDGE('',*,*,#3003,.T.);
#1285=ORIENTED_EDGE('',*,*,#3004,.T.);
#1286=ORIENTED_EDGE('',*,*,#3005,.F.);
#1287=ORIENTED_EDGE('',*,*,#3006,.T.);
#1288=ORIENTED_EDGE('',*,*,#2970,.T.);
#1289=ORIENTED_EDGE('',*,*,#3007,.F.);
#1290=ORIENTED_EDGE('',*,*,#3008,.F.);
#1291=ORIENTED_EDGE('',*,*,#3009,.F.);
#1292=ORIENTED_EDGE('',*,*,#3010,.T.);
#1293=ORIENTED_EDGE('',*,*,#3011,.T.);
#1294=ORIENTED_EDGE('',*,*,#3012,.F.);
#1295=ORIENTED_EDGE('',*,*,#3013,.T.);
#1296=ORIENTED_EDGE('',*,*,#3014,.F.);
#1297=ORIENTED_EDGE('',*,*,#3015,.F.);
#1298=ORIENTED_EDGE('',*,*,#3016,.F.);
#1299=CARTESIAN_POINT('',(-9.0,4.375,0.0));
#1300=DIRECTION('',(-1.0,0.0,0.0));
#1301=DIRECTION('',(0.0,0.0,1.0));
#1302=ORIENTED_EDGE('',*,*,#3012,.T.);
#1303=ORIENTED_EDGE('',*,*,#3017,.T.);
#1304=ORIENTED_EDGE('',*,*,#3018,.T.);
#1305=ORIENTED_EDGE('',*,*,#3019,.F.);
#1306=CARTESIAN_POINT('',(0.0,0.0,-12.6));
#1307=DIRECTION('',(0.0,0.0,-1.0));
#1308=DIRECTION('',(0.0,-1.0,0.0));
#1309=ORIENTED_EDGE('',*,*,#3020,.T.);
#1310=ORIENTED_EDGE('',*,*,#3021,.F.);
#1311=ORIENTED_EDGE('',*,*,#3022,.T.);
#1312=ORIENTED_EDGE('',*,*,#3023,.F.);
#1313=CARTESIAN_POINT('',(0.0,0.0,-12.6));
#1314=DIRECTION('',(0.0,0.0,-1.0));
#1315=DIRECTION('',(0.0,-1.0,0.0));
#1316=ORIENTED_EDGE('',*,*,#3024,.T.);
#1317=ORIENTED_EDGE('',*,*,#3025,.F.);
#1318=ORIENTED_EDGE('',*,*,#3016,.T.);
#1319=ORIENTED_EDGE('',*,*,#3026,.T.);
#1320=CARTESIAN_POINT('',(0.0,0.0,-12.6));
#1321=DIRECTION('',(0.0,0.0,-1.0));
#1322=DIRECTION('',(0.0,-1.0,0.0));
#1323=ORIENTED_EDGE('',*,*,#3027,.T.);
#1324=ORIENTED_EDGE('',*,*,#3028,.T.);
#1325=ORIENTED_EDGE('',*,*,#3029,.T.);
#1326=ORIENTED_EDGE('',*,*,#3030,.T.);
#1327=CARTESIAN_POINT('',(0.0,0.0,-12.6));
#1328=DIRECTION('',(0.0,0.0,-1.0));
#1329=DIRECTION('',(0.0,-1.0,0.0));
#1330=ORIENTED_EDGE('',*,*,#3031,.T.);
#1331=ORIENTED_EDGE('',*,*,#3023,.T.);
#1332=ORIENTED_EDGE('',*,*,#3032,.T.);
#1333=ORIENTED_EDGE('',*,*,#3033,.F.);
#1334=ORIENTED_EDGE('',*,*,#3013,.F.);
#1335=ORIENTED_EDGE('',*,*,#3019,.T.);
#1336=ORIENTED_EDGE('',*,*,#3034,.F.);
#1337=ORIENTED_EDGE('',*,*,#2973,.F.);
#1338=CARTESIAN_POINT('',(-9.0,0.5,-12.1));
#1339=DIRECTION('',(-0.0,1.0,0.0));
#1340=DIRECTION('',(1.0,0.0,0.0));
#1341=ORIENTED_EDGE('',*,*,#3018,.F.);
#1342=ORIENTED_EDGE('',*,*,#3035,.F.);
#1343=ORIENTED_EDGE('',*,*,#3036,.T.);
#1344=ORIENTED_EDGE('',*,*,#3037,.F.);
#1345=ORIENTED_EDGE('',*,*,#2974,.F.);
#1346=ORIENTED_EDGE('',*,*,#3034,.T.);
#1347=CARTESIAN_POINT('',(-7.28,4.875,-12.6));
#1348=DIRECTION('',(1.0,0.0,0.0));
#1349=DIRECTION('',(0.0,1.0,0.0));
#1350=ORIENTED_EDGE('',*,*,#2995,.F.);
#1351=ORIENTED_EDGE('',*,*,#3038,.F.);
#1352=ORIENTED_EDGE('',*,*,#3039,.T.);
#1353=ORIENTED_EDGE('',*,*,#3040,.T.);
#1354=ORIENTED_EDGE('',*,*,#3024,.F.);
#1355=ORIENTED_EDGE('',*,*,#3041,.F.);
#1356=CARTESIAN_POINT('',(-7.28,4.875,-12.6));
#1357=DIRECTION('',(1.0,0.0,0.0));
#1358=DIRECTION('',(0.0,1.0,0.0));
#1359=ORIENTED_EDGE('',*,*,#3042,.F.);
#1360=ORIENTED_EDGE('',*,*,#3043,.F.);
#1361=ORIENTED_EDGE('',*,*,#3044,.T.);
#1362=ORIENTED_EDGE('',*,*,#2979,.T.);
#1363=ORIENTED_EDGE('',*,*,#3045,.F.);
#1364=ORIENTED_EDGE('',*,*,#3046,.F.);
#1365=ORIENTED_EDGE('',*,*,#3047,.T.);
#1366=ORIENTED_EDGE('',*,*,#2975,.T.);
#1367=ORIENTED_EDGE('',*,*,#3037,.T.);
#1368=ORIENTED_EDGE('',*,*,#3048,.T.);
#1369=ORIENTED_EDGE('',*,*,#3049,.T.);
#1370=ORIENTED_EDGE('',*,*,#3050,.F.);
#1371=ORIENTED_EDGE('',*,*,#3051,.F.);
#1372=ORIENTED_EDGE('',*,*,#3052,.T.);
#1373=ORIENTED_EDGE('',*,*,#3053,.T.);
#1374=ORIENTED_EDGE('',*,*,#2971,.T.);
#1375=ORIENTED_EDGE('',*,*,#3054,.F.);
#1376=ORIENTED_EDGE('',*,*,#3055,.F.);
#1377=ORIENTED_EDGE('',*,*,#3056,.T.);
#1378=ORIENTED_EDGE('',*,*,#2983,.T.);
#1379=CARTESIAN_POINT('',(8.5,4.875,0.0));
#1380=DIRECTION('',(-0.0,1.0,0.0));
#1381=DIRECTION('',(1.0,0.0,0.0));
#1382=ORIENTED_EDGE('',*,*,#3056,.F.);
#1383=ORIENTED_EDGE('',*,*,#3057,.F.);
#1384=ORIENTED_EDGE('',*,*,#3058,.T.);
#1385=ORIENTED_EDGE('',*,*,#2984,.F.);
#1386=CARTESIAN_POINT('',(3.33,3.875,-12.8));
#1387=DIRECTION('',(-1.0,0.0,0.0));
#1388=DIRECTION('',(0.0,0.0,1.0));
#1389=ORIENTED_EDGE('',*,*,#3058,.F.);
#1390=ORIENTED_EDGE('',*,*,#3059,.F.);
#1391=ORIENTED_EDGE('',*,*,#3060,.T.);
#1392=ORIENTED_EDGE('',*,*,#2985,.T.);
#1393=CARTESIAN_POINT('',(5.33,3.875,-12.8));
#1394=DIRECTION('',(0.0,-1.0,0.0));
#1395=DIRECTION('',(0.0,0.0,-1.0));
#1396=ORIENTED_EDGE('',*,*,#3060,.F.);
#1397=ORIENTED_EDGE('',*,*,#3061,.F.);
#1398=ORIENTED_EDGE('',*,*,#3054,.T.);
#1399=ORIENTED_EDGE('',*,*,#2986,.T.);
#1400=CARTESIAN_POINT('',(5.33,4.875,-12.8));
#1401=DIRECTION('',(1.0,0.0,0.0));
#1402=DIRECTION('',(0.0,1.0,0.0));
#1403=ORIENTED_EDGE('',*,*,#3059,.T.);
#1404=ORIENTED_EDGE('',*,*,#3057,.T.);
#1405=ORIENTED_EDGE('',*,*,#3055,.T.);
#1406=ORIENTED_EDGE('',*,*,#3061,.T.);
#1407=CARTESIAN_POINT('',(0.0,0.0,-12.8));
#1408=DIRECTION('',(0.0,0.0,-1.0));
#1409=DIRECTION('',(0.0,-1.0,0.0));
#1410=ORIENTED_EDGE('',*,*,#3062,.T.);
#1411=ORIENTED_EDGE('',*,*,#3063,.T.);
#1412=ORIENTED_EDGE('',*,*,#3064,.T.);
#1413=ORIENTED_EDGE('',*,*,#3065,.T.);
#1414=CARTESIAN_POINT('',(0.0,0.0,-12.8));
#1415=DIRECTION('',(0.0,0.0,-1.0));
#1416=DIRECTION('',(0.0,-1.0,0.0));
#1417=ORIENTED_EDGE('',*,*,#3066,.F.);
#1418=ORIENTED_EDGE('',*,*,#3067,.T.);
#1419=ORIENTED_EDGE('',*,*,#3068,.T.);
#1420=ORIENTED_EDGE('',*,*,#3069,.F.);
#1421=ORIENTED_EDGE('',*,*,#3070,.T.);
#1422=ORIENTED_EDGE('',*,*,#3071,.F.);
#1423=ORIENTED_EDGE('',*,*,#3072,.F.);
#1424=ORIENTED_EDGE('',*,*,#3073,.F.);
#1425=ORIENTED_EDGE('',*,*,#3074,.T.);
#1426=ORIENTED_EDGE('',*,*,#3075,.T.);
#1427=ORIENTED_EDGE('',*,*,#3038,.T.);
#1428=ORIENTED_EDGE('',*,*,#2994,.T.);
#1429=ORIENTED_EDGE('',*,*,#3076,.F.);
#1430=ORIENTED_EDGE('',*,*,#3077,.F.);
#1431=ORIENTED_EDGE('',*,*,#2963,.T.);
#1432=ORIENTED_EDGE('',*,*,#2991,.T.);
#1433=ORIENTED_EDGE('',*,*,#3078,.F.);
#1434=ORIENTED_EDGE('',*,*,#3079,.F.);
#1435=ORIENTED_EDGE('',*,*,#3080,.T.);
#1436=ORIENTED_EDGE('',*,*,#2987,.T.);
#1437=ORIENTED_EDGE('',*,*,#3081,.F.);
#1438=ORIENTED_EDGE('',*,*,#3065,.F.);
#1439=ORIENTED_EDGE('',*,*,#3082,.T.);
#1440=ORIENTED_EDGE('',*,*,#2998,.T.);
#1441=CARTESIAN_POINT('',(-8.5,-4.875,0.0));
#1442=DIRECTION('',(0.0,-1.0,0.0));
#1443=DIRECTION('',(0.0,0.0,-1.0));
#1444=ORIENTED_EDGE('',*,*,#3082,.F.);
#1445=ORIENTED_EDGE('',*,*,#3064,.F.);
#1446=ORIENTED_EDGE('',*,*,#3083,.T.);
#1447=ORIENTED_EDGE('',*,*,#2999,.F.);
#1448=CARTESIAN_POINT('',(5.33,-3.875,-12.8));
#1449=DIRECTION('',(1.0,0.0,0.0));
#1450=DIRECTION('',(0.0,1.0,0.0));
#1451=ORIENTED_EDGE('',*,*,#3083,.F.);
#1452=ORIENTED_EDGE('',*,*,#3063,.F.);
#1453=ORIENTED_EDGE('',*,*,#3084,.T.);
#1454=ORIENTED_EDGE('',*,*,#3000,.T.);
#1455=CARTESIAN_POINT('',(3.33,-3.875,-12.8));
#1456=DIRECTION('',(-0.0,1.0,0.0));
#1457=DIRECTION('',(1.0,0.0,0.0));
#1458=ORIENTED_EDGE('',*,*,#3084,.F.);
#1459=ORIENTED_EDGE('',*,*,#3062,.F.);
#1460=ORIENTED_EDGE('',*,*,#3081,.T.);
#1461=ORIENTED_EDGE('',*,*,#3001,.T.);
#1462=CARTESIAN_POINT('',(3.33,-4.875,-12.8));
#1463=DIRECTION('',(-1.0,0.0,0.0));
#1464=DIRECTION('',(0.0,0.0,1.0));
#1465=ORIENTED_EDGE('',*,*,#3080,.F.);
#1466=ORIENTED_EDGE('',*,*,#3085,.F.);
#1467=ORIENTED_EDGE('',*,*,#3086,.T.);
#1468=ORIENTED_EDGE('',*,*,#2988,.F.);
#1469=CARTESIAN_POINT('',(1.13,-3.875,-12.8));
#1470=DIRECTION('',(1.0,0.0,0.0));
#1471=DIRECTION('',(0.0,1.0,0.0));
#1472=ORIENTED_EDGE('',*,*,#3086,.F.);
#1473=ORIENTED_EDGE('',*,*,#3087,.F.);
#1474=ORIENTED_EDGE('',*,*,#3088,.T.);
#1475=ORIENTED_EDGE('',*,*,#2989,.T.);
#1476=CARTESIAN_POINT('',(-0.87,-3.875,-12.8));
#1477=DIRECTION('',(-0.0,1.0,0.0));
#1478=DIRECTION('',(1.0,0.0,0.0));
#1479=ORIENTED_EDGE('',*,*,#3088,.F.);
#1480=ORIENTED_EDGE('',*,*,#3089,.F.);
#1481=ORIENTED_EDGE('',*,*,#3078,.T.);
#1482=ORIENTED_EDGE('',*,*,#2990,.T.);
#1483=CARTESIAN_POINT('',(-0.87,-4.875,-12.8));
#1484=DIRECTION('',(-1.0,0.0,0.0));
#1485=DIRECTION('',(0.0,0.0,1.0));
#1486=ORIENTED_EDGE('',*,*,#3090,.T.);
#1487=ORIENTED_EDGE('',*,*,#3091,.T.);
#1488=ORIENTED_EDGE('',*,*,#3043,.T.);
#1489=ORIENTED_EDGE('',*,*,#3092,.T.);
#1490=CARTESIAN_POINT('',(0.0,0.0,-12.8));
#1491=DIRECTION('',(0.0,0.0,-1.0));
#1492=DIRECTION('',(0.0,-1.0,0.0));
#1493=ORIENTED_EDGE('',*,*,#3089,.T.);
#1494=ORIENTED_EDGE('',*,*,#3087,.T.);
#1495=ORIENTED_EDGE('',*,*,#3085,.T.);
#1496=ORIENTED_EDGE('',*,*,#3079,.T.);
#1497=CARTESIAN_POINT('',(0.0,0.0,-12.8));
#1498=DIRECTION('',(0.0,0.0,-1.0));
#1499=DIRECTION('',(0.0,-1.0,0.0));
#1500=ORIENTED_EDGE('',*,*,#3093,.F.);
#1501=ORIENTED_EDGE('',*,*,#3092,.F.);
#1502=ORIENTED_EDGE('',*,*,#3042,.T.);
#1503=ORIENTED_EDGE('',*,*,#2982,.T.);
#1504=CARTESIAN_POINT('',(1.13,4.875,-12.8));
#1505=DIRECTION('',(1.0,0.0,0.0));
#1506=DIRECTION('',(0.0,1.0,0.0));
#1507=ORIENTED_EDGE('',*,*,#3094,.F.);
#1508=ORIENTED_EDGE('',*,*,#3090,.F.);
#1509=ORIENTED_EDGE('',*,*,#3093,.T.);
#1510=ORIENTED_EDGE('',*,*,#2981,.T.);
#1511=CARTESIAN_POINT('',(1.13,3.875,-12.8));
#1512=DIRECTION('',(0.0,-1.0,0.0));
#1513=DIRECTION('',(0.0,0.0,-1.0));
#1514=ORIENTED_EDGE('',*,*,#3044,.F.);
#1515=ORIENTED_EDGE('',*,*,#3091,.F.);
#1516=ORIENTED_EDGE('',*,*,#3094,.T.);
#1517=ORIENTED_EDGE('',*,*,#2980,.F.);
#1518=CARTESIAN_POINT('',(-0.87,3.875,-12.8));
#1519=DIRECTION('',(-1.0,0.0,0.0));
#1520=DIRECTION('',(0.0,0.0,1.0));
#1521=ORIENTED_EDGE('',*,*,#3095,.T.);
#1522=ORIENTED_EDGE('',*,*,#3096,.T.);
#1523=ORIENTED_EDGE('',*,*,#3046,.T.);
#1524=ORIENTED_EDGE('',*,*,#3097,.T.);
#1525=CARTESIAN_POINT('',(0.0,0.0,-12.8));
#1526=DIRECTION('',(0.0,0.0,-1.0));
#1527=DIRECTION('',(0.0,-1.0,0.0));
#1528=ORIENTED_EDGE('',*,*,#3098,.T.);
#1529=ORIENTED_EDGE('',*,*,#3099,.T.);
#1530=ORIENTED_EDGE('',*,*,#2964,.T.);
#1531=ORIENTED_EDGE('',*,*,#3077,.T.);
#1532=CARTESIAN_POINT('',(0.0,0.0,-12.8));
#1533=DIRECTION('',(0.0,0.0,-1.0));
#1534=DIRECTION('',(0.0,-1.0,0.0));
#1535=ORIENTED_EDGE('',*,*,#3100,.F.);
#1536=ORIENTED_EDGE('',*,*,#3097,.F.);
#1537=ORIENTED_EDGE('',*,*,#3045,.T.);
#1538=ORIENTED_EDGE('',*,*,#2978,.T.);
#1539=CARTESIAN_POINT('',(-3.07,4.875,-12.8));
#1540=DIRECTION('',(1.0,0.0,0.0));
#1541=DIRECTION('',(0.0,1.0,0.0));
#1542=ORIENTED_EDGE('',*,*,#3101,.F.);
#1543=ORIENTED_EDGE('',*,*,#3095,.F.);
#1544=ORIENTED_EDGE('',*,*,#3100,.T.);
#1545=ORIENTED_EDGE('',*,*,#2977,.T.);
#1546=CARTESIAN_POINT('',(-3.07,3.875,-12.8));
#1547=DIRECTION('',(0.0,-1.0,0.0));
#1548=DIRECTION('',(0.0,0.0,-1.0));
#1549=ORIENTED_EDGE('',*,*,#3047,.F.);
#1550=ORIENTED_EDGE('',*,*,#3096,.F.);
#1551=ORIENTED_EDGE('',*,*,#3101,.T.);
#1552=ORIENTED_EDGE('',*,*,#2976,.F.);
#1553=CARTESIAN_POINT('',(-5.07,3.875,-12.8));
#1554=DIRECTION('',(-1.0,0.0,0.0));
#1555=DIRECTION('',(0.0,0.0,1.0));
#1556=ORIENTED_EDGE('',*,*,#2965,.F.);
#1557=ORIENTED_EDGE('',*,*,#3099,.F.);
#1558=ORIENTED_EDGE('',*,*,#3102,.T.);
#1559=ORIENTED_EDGE('',*,*,#2992,.T.);
#1560=CARTESIAN_POINT('',(-5.07,-3.875,-12.8));
#1561=DIRECTION('',(-0.0,1.0,0.0));
#1562=DIRECTION('',(1.0,0.0,0.0));
#1563=ORIENTED_EDGE('',*,*,#3102,.F.);
#1564=ORIENTED_EDGE('',*,*,#3098,.F.);
#1565=ORIENTED_EDGE('',*,*,#3076,.T.);
#1566=ORIENTED_EDGE('',*,*,#2993,.T.);
#1567=CARTESIAN_POINT('',(-5.07,-4.875,-12.8));
#1568=DIRECTION('',(-1.0,0.0,0.0));
#1569=DIRECTION('',(0.0,0.0,1.0));
#1570=ORIENTED_EDGE('',*,*,#3103,.F.);
#1571=ORIENTED_EDGE('',*,*,#3052,.F.);
#1572=ORIENTED_EDGE('',*,*,#3104,.F.);
#1573=ORIENTED_EDGE('',*,*,#3105,.F.);
#1574=ORIENTED_EDGE('',*,*,#3106,.F.);
#1575=CARTESIAN_POINT('',(0.0,0.0,-12.8));
#1576=DIRECTION('',(0.0,0.0,1.0));
#1577=DIRECTION('',(1.0,0.0,0.0));
#1578=ORIENTED_EDGE('',*,*,#3107,.F.);
#1579=ORIENTED_EDGE('',*,*,#3108,.F.);
#1580=ORIENTED_EDGE('',*,*,#3109,.F.);
#1581=ORIENTED_EDGE('',*,*,#3067,.F.);
#1582=ORIENTED_EDGE('',*,*,#3110,.F.);
#1583=CARTESIAN_POINT('',(0.0,0.0,-12.8));
#1584=DIRECTION('',(0.0,0.0,1.0));
#1585=DIRECTION('',(1.0,0.0,0.0));
#1586=ORIENTED_EDGE('',*,*,#3111,.F.);
#1587=ORIENTED_EDGE('',*,*,#3010,.F.);
#1588=ORIENTED_EDGE('',*,*,#3112,.F.);
#1589=ORIENTED_EDGE('',*,*,#3048,.F.);
#1590=ORIENTED_EDGE('',*,*,#3036,.F.);
#1591=CARTESIAN_POINT('',(0.0,0.0,-12.8));
#1592=DIRECTION('',(0.0,0.0,1.0));
#1593=DIRECTION('',(1.0,0.0,0.0));
#1594=ORIENTED_EDGE('',*,*,#3039,.F.);
#1595=ORIENTED_EDGE('',*,*,#3075,.F.);
#1596=ORIENTED_EDGE('',*,*,#3113,.F.);
#1597=ORIENTED_EDGE('',*,*,#3003,.F.);
#1598=ORIENTED_EDGE('',*,*,#3114,.F.);
#1599=CARTESIAN_POINT('',(0.0,0.0,-12.8));
#1600=DIRECTION('',(0.0,0.0,1.0));
#1601=DIRECTION('',(1.0,0.0,0.0));
#1602=ORIENTED_EDGE('',*,*,#3115,.F.);
#1603=ORIENTED_EDGE('',*,*,#3106,.T.);
#1604=ORIENTED_EDGE('',*,*,#3116,.T.);
#1605=ORIENTED_EDGE('',*,*,#3021,.T.);
#1606=CARTESIAN_POINT('',(7.28,3.875,-12.8));
#1607=DIRECTION('',(0.0,-1.0,0.0));
#1608=DIRECTION('',(0.0,0.0,-1.0));
#1609=ORIENTED_EDGE('',*,*,#3116,.F.);
#1610=ORIENTED_EDGE('',*,*,#3105,.T.);
#1611=ORIENTED_EDGE('',*,*,#3117,.T.);
#1612=ORIENTED_EDGE('',*,*,#3118,.F.);
#1613=ORIENTED_EDGE('',*,*,#3119,.T.);
#1614=ORIENTED_EDGE('',*,*,#3108,.T.);
#1615=ORIENTED_EDGE('',*,*,#3120,.T.);
#1616=ORIENTED_EDGE('',*,*,#3027,.F.);
#1617=ORIENTED_EDGE('',*,*,#3121,.T.);
#1618=ORIENTED_EDGE('',*,*,#3122,.F.);
#1619=ORIENTED_EDGE('',*,*,#3032,.F.);
#1620=ORIENTED_EDGE('',*,*,#3022,.F.);
#1621=CARTESIAN_POINT('',(9.0,-4.375,0.0));
#1622=DIRECTION('',(1.0,0.0,0.0));
#1623=DIRECTION('',(0.0,1.0,0.0));
#1624=ORIENTED_EDGE('',*,*,#3122,.T.);
#1625=ORIENTED_EDGE('',*,*,#3123,.T.);
#1626=ORIENTED_EDGE('',*,*,#3014,.T.);
#1627=ORIENTED_EDGE('',*,*,#3033,.T.);
#1628=CARTESIAN_POINT('',(0.0,0.0,-12.8));
#1629=DIRECTION('',(0.0,0.0,1.0));
#1630=DIRECTION('',(1.0,0.0,0.0));
#1631=ORIENTED_EDGE('',*,*,#3041,.T.);
#1632=ORIENTED_EDGE('',*,*,#3026,.F.);
#1633=ORIENTED_EDGE('',*,*,#3015,.T.);
#1634=ORIENTED_EDGE('',*,*,#3123,.F.);
#1635=ORIENTED_EDGE('',*,*,#3121,.F.);
#1636=ORIENTED_EDGE('',*,*,#3030,.F.);
#1637=ORIENTED_EDGE('',*,*,#3124,.F.);
#1638=ORIENTED_EDGE('',*,*,#2996,.T.);
#1639=CARTESIAN_POINT('',(9.0,-0.5,-12.1));
#1640=DIRECTION('',(0.0,-1.0,0.0));
#1641=DIRECTION('',(0.0,0.0,-1.0));
#1642=ORIENTED_EDGE('',*,*,#2972,.T.);
#1643=ORIENTED_EDGE('',*,*,#3053,.F.);
#1644=ORIENTED_EDGE('',*,*,#3103,.T.);
#1645=ORIENTED_EDGE('',*,*,#3115,.T.);
#1646=ORIENTED_EDGE('',*,*,#3020,.F.);
#1647=ORIENTED_EDGE('',*,*,#3031,.F.);
#1648=CARTESIAN_POINT('',(7.28,-4.875,-12.6));
#1649=DIRECTION('',(-1.0,0.0,0.0));
#1650=DIRECTION('',(0.0,0.0,1.0));
#1651=ORIENTED_EDGE('',*,*,#3029,.F.);
#1652=ORIENTED_EDGE('',*,*,#3125,.F.);
#1653=ORIENTED_EDGE('',*,*,#3110,.T.);
#1654=ORIENTED_EDGE('',*,*,#3066,.T.);
#1655=ORIENTED_EDGE('',*,*,#2997,.T.);
#1656=ORIENTED_EDGE('',*,*,#3124,.T.);
#1657=CARTESIAN_POINT('',(7.28,-4.875,-12.6));
#1658=DIRECTION('',(-1.0,0.0,0.0));
#1659=DIRECTION('',(0.0,0.0,1.0));
#1660=ORIENTED_EDGE('',*,*,#3120,.F.);
#1661=ORIENTED_EDGE('',*,*,#3107,.T.);
#1662=ORIENTED_EDGE('',*,*,#3125,.T.);
#1663=ORIENTED_EDGE('',*,*,#3028,.F.);
#1664=CARTESIAN_POINT('',(9.0,-3.875,-12.8));
#1665=DIRECTION('',(-0.0,1.0,0.0));
#1666=DIRECTION('',(1.0,0.0,0.0));
#1667=ORIENTED_EDGE('',*,*,#3126,.F.);
#1668=ORIENTED_EDGE('',*,*,#3068,.F.);
#1669=ORIENTED_EDGE('',*,*,#3109,.T.);
#1670=ORIENTED_EDGE('',*,*,#3119,.F.);
#1671=CARTESIAN_POINT('',(8.5,-4.375,0.0));
#1672=DIRECTION('',(0.0,0.0,-1.0));
#1673=DIRECTION('',(1.0,0.0,0.0));
#1674=ORIENTED_EDGE('',*,*,#3069,.T.);
#1675=ORIENTED_EDGE('',*,*,#3126,.T.);
#1676=ORIENTED_EDGE('',*,*,#3118,.T.);
#1677=ORIENTED_EDGE('',*,*,#3127,.T.);
#1678=ORIENTED_EDGE('',*,*,#3050,.T.);
#1679=ORIENTED_EDGE('',*,*,#3128,.T.);
#1680=ORIENTED_EDGE('',*,*,#3008,.T.);
#1681=ORIENTED_EDGE('',*,*,#3129,.T.);
#1682=ORIENTED_EDGE('',*,*,#2960,.T.);
#1683=ORIENTED_EDGE('',*,*,#3130,.T.);
#1684=ORIENTED_EDGE('',*,*,#3131,.T.);
#1685=ORIENTED_EDGE('',*,*,#3005,.T.);
#1686=ORIENTED_EDGE('',*,*,#3132,.T.);
#1687=ORIENTED_EDGE('',*,*,#3073,.T.);
#1688=ORIENTED_EDGE('',*,*,#3133,.F.);
#1689=ORIENTED_EDGE('',*,*,#3134,.F.);
#1690=ORIENTED_EDGE('',*,*,#3135,.F.);
#1691=ORIENTED_EDGE('',*,*,#3136,.F.);
#1692=ORIENTED_EDGE('',*,*,#3137,.F.);
#1693=ORIENTED_EDGE('',*,*,#3138,.F.);
#1694=ORIENTED_EDGE('',*,*,#3139,.F.);
#1695=ORIENTED_EDGE('',*,*,#3140,.F.);
#1696=ORIENTED_EDGE('',*,*,#3141,.F.);
#1697=ORIENTED_EDGE('',*,*,#3142,.F.);
#1698=ORIENTED_EDGE('',*,*,#3143,.F.);
#1699=ORIENTED_EDGE('',*,*,#3144,.F.);
#1700=ORIENTED_EDGE('',*,*,#3145,.F.);
#1701=ORIENTED_EDGE('',*,*,#3146,.F.);
#1702=ORIENTED_EDGE('',*,*,#3147,.F.);
#1703=ORIENTED_EDGE('',*,*,#3148,.T.);
#1704=ORIENTED_EDGE('',*,*,#3149,.F.);
#1705=ORIENTED_EDGE('',*,*,#3150,.F.);
#1706=ORIENTED_EDGE('',*,*,#3151,.F.);
#1707=ORIENTED_EDGE('',*,*,#3152,.T.);
#1708=ORIENTED_EDGE('',*,*,#3153,.F.);
#1709=ORIENTED_EDGE('',*,*,#3154,.T.);
#1710=ORIENTED_EDGE('',*,*,#3155,.F.);
#1711=ORIENTED_EDGE('',*,*,#3156,.T.);
#1712=ORIENTED_EDGE('',*,*,#3157,.F.);
#1713=ORIENTED_EDGE('',*,*,#3158,.T.);
#1714=ORIENTED_EDGE('',*,*,#3159,.F.);
#1715=ORIENTED_EDGE('',*,*,#3160,.T.);
#1716=ORIENTED_EDGE('',*,*,#3161,.F.);
#1717=ORIENTED_EDGE('',*,*,#3162,.F.);
#1718=ORIENTED_EDGE('',*,*,#3163,.F.);
#1719=ORIENTED_EDGE('',*,*,#3164,.T.);
#1720=ORIENTED_EDGE('',*,*,#3165,.F.);
#1721=ORIENTED_EDGE('',*,*,#3166,.T.);
#1722=ORIENTED_EDGE('',*,*,#3167,.F.);
#1723=ORIENTED_EDGE('',*,*,#3168,.F.);
#1724=ORIENTED_EDGE('',*,*,#3169,.F.);
#1725=ORIENTED_EDGE('',*,*,#3170,.T.);
#1726=ORIENTED_EDGE('',*,*,#3171,.F.);
#1727=ORIENTED_EDGE('',*,*,#3172,.T.);
#1728=ORIENTED_EDGE('',*,*,#3173,.F.);
#1729=CARTESIAN_POINT('',(0.0,0.0,0.0));
#1730=DIRECTION('',(0.0,0.0,1.0));
#1731=DIRECTION('',(1.0,0.0,0.0));
#1732=ORIENTED_EDGE('',*,*,#3174,.T.);
#1733=ORIENTED_EDGE('',*,*,#3175,.T.);
#1734=ORIENTED_EDGE('',*,*,#3176,.F.);
#1735=ORIENTED_EDGE('',*,*,#3133,.T.);
#1736=CARTESIAN_POINT('',(-1.725,-4.875,0.0));
#1737=DIRECTION('',(0.0,-0.886584846165473,0.462566006694986));
#1738=DIRECTION('',(-1.0,0.0,0.0));
#1739=ORIENTED_EDGE('',*,*,#3070,.F.);
#1740=ORIENTED_EDGE('',*,*,#3176,.T.);
#1741=ORIENTED_EDGE('',*,*,#3177,.T.);
#1742=ORIENTED_EDGE('',*,*,#3178,.T.);
#1743=CARTESIAN_POINT('',(1.725,0.0,0.0));
#1744=DIRECTION('',(1.0,0.0,0.0));
#1745=DIRECTION('',(0.0,1.0,0.0));
#1746=ORIENTED_EDGE('',*,*,#3071,.T.);
#1747=ORIENTED_EDGE('',*,*,#3178,.F.);
#1748=ORIENTED_EDGE('',*,*,#3179,.F.);
#1749=ORIENTED_EDGE('',*,*,#3180,.T.);
#1750=CARTESIAN_POINT('',(-1.725,-6.075,-3.3));
#1751=DIRECTION('',(0.0,0.0,-1.0));
#1752=DIRECTION('',(0.0,-1.0,0.0));
#1753=ORIENTED_EDGE('',*,*,#3181,.F.);
#1754=ORIENTED_EDGE('',*,*,#3174,.F.);
#1755=ORIENTED_EDGE('',*,*,#3072,.T.);
#1756=ORIENTED_EDGE('',*,*,#3180,.F.);
#1757=CARTESIAN_POINT('',(-1.725,0.0,0.0));
#1758=DIRECTION('',(1.0,0.0,0.0));
#1759=DIRECTION('',(0.0,1.0,0.0));
#1760=ORIENTED_EDGE('',*,*,#3179,.T.);
#1761=ORIENTED_EDGE('',*,*,#3177,.F.);
#1762=ORIENTED_EDGE('',*,*,#3175,.F.);
#1763=ORIENTED_EDGE('',*,*,#3181,.T.);
#1764=CARTESIAN_POINT('',(-1.725,-6.075,-2.3));
#1765=DIRECTION('',(0.0,-1.0,0.0));
#1766=DIRECTION('',(0.0,0.0,-1.0));
#1767=ORIENTED_EDGE('',*,*,#3132,.F.);
#1768=ORIENTED_EDGE('',*,*,#3004,.F.);
#1769=ORIENTED_EDGE('',*,*,#3113,.T.);
#1770=ORIENTED_EDGE('',*,*,#3074,.F.);
#1771=CARTESIAN_POINT('',(-8.5,-4.375,0.0));
#1772=DIRECTION('',(0.0,0.0,-1.0));
#1773=DIRECTION('',(1.0,0.0,0.0));
#1774=ORIENTED_EDGE('',*,*,#3006,.F.);
#1775=ORIENTED_EDGE('',*,*,#3131,.F.);
#1776=ORIENTED_EDGE('',*,*,#3182,.T.);
#1777=ORIENTED_EDGE('',*,*,#2967,.T.);
#1778=CARTESIAN_POINT('',(-9.025,2.075,0.0));
#1779=DIRECTION('',(0.0,-1.0,0.0));
#1780=DIRECTION('',(0.0,0.0,-1.0));
#1781=ORIENTED_EDGE('',*,*,#2959,.T.);
#1782=ORIENTED_EDGE('',*,*,#2968,.T.);
#1783=ORIENTED_EDGE('',*,*,#3182,.F.);
#1784=ORIENTED_EDGE('',*,*,#3130,.F.);
#1785=CARTESIAN_POINT('',(-9.025,2.45,0.0));
#1786=DIRECTION('',(0.0,0.0,-1.0));
#1787=DIRECTION('',(1.0,0.0,0.0));
#1788=ORIENTED_EDGE('',*,*,#2961,.F.);
#1789=ORIENTED_EDGE('',*,*,#3129,.F.);
#1790=ORIENTED_EDGE('',*,*,#3007,.T.);
#1791=ORIENTED_EDGE('',*,*,#2969,.T.);
#1792=CARTESIAN_POINT('',(-9.0,2.825,0.0));
#1793=DIRECTION('',(-0.0,1.0,0.0));
#1794=DIRECTION('',(1.0,0.0,0.0));
#1795=ORIENTED_EDGE('',*,*,#3128,.F.);
#1796=ORIENTED_EDGE('',*,*,#3049,.F.);
#1797=ORIENTED_EDGE('',*,*,#3112,.T.);
#1798=ORIENTED_EDGE('',*,*,#3009,.T.);
#1799=CARTESIAN_POINT('',(-8.5,4.375,0.0));
#1800=DIRECTION('',(0.0,0.0,-1.0));
#1801=DIRECTION('',(1.0,0.0,0.0));
#1802=ORIENTED_EDGE('',*,*,#3127,.F.);
#1803=ORIENTED_EDGE('',*,*,#3117,.F.);
#1804=ORIENTED_EDGE('',*,*,#3104,.T.);
#1805=ORIENTED_EDGE('',*,*,#3051,.T.);
#1806=CARTESIAN_POINT('',(8.5,4.375,0.0));
#1807=DIRECTION('',(0.0,0.0,-1.0));
#1808=DIRECTION('',(1.0,0.0,0.0));
#1809=ORIENTED_EDGE('',*,*,#3183,.T.);
#1810=ORIENTED_EDGE('',*,*,#3184,.F.);
#1811=ORIENTED_EDGE('',*,*,#3185,.F.);
#1812=ORIENTED_EDGE('',*,*,#3137,.T.);
#1813=CARTESIAN_POINT('',(-8.2,4.0,0.0));
#1814=DIRECTION('',(-1.0,0.0,0.0));
#1815=DIRECTION('',(0.0,0.0,1.0));
#1816=ORIENTED_EDGE('',*,*,#3185,.T.);
#1817=ORIENTED_EDGE('',*,*,#3186,.F.);
#1818=ORIENTED_EDGE('',*,*,#3187,.F.);
#1819=ORIENTED_EDGE('',*,*,#3134,.T.);
#1820=CARTESIAN_POINT('',(-4.45,4.0,0.0));
#1821=DIRECTION('',(-0.0,1.0,0.0));
#1822=DIRECTION('',(1.0,0.0,0.0));
#1823=ORIENTED_EDGE('',*,*,#3187,.T.);
#1824=ORIENTED_EDGE('',*,*,#3188,.F.);
#1825=ORIENTED_EDGE('',*,*,#3189,.F.);
#1826=ORIENTED_EDGE('',*,*,#3135,.T.);
#1827=CARTESIAN_POINT('',(-4.45,0.2,0.0));
#1828=DIRECTION('',(1.0,0.0,0.0));
#1829=DIRECTION('',(0.0,1.0,0.0));
#1830=ORIENTED_EDGE('',*,*,#3189,.T.);
#1831=ORIENTED_EDGE('',*,*,#3190,.F.);
#1832=ORIENTED_EDGE('',*,*,#3183,.F.);
#1833=ORIENTED_EDGE('',*,*,#3136,.T.);
#1834=CARTESIAN_POINT('',(-8.2,0.2,0.0));
#1835=DIRECTION('',(0.0,-1.0,0.0));
#1836=DIRECTION('',(0.0,0.0,-1.0));
#1837=ORIENTED_EDGE('',*,*,#3190,.T.);
#1838=ORIENTED_EDGE('',*,*,#3188,.T.);
#1839=ORIENTED_EDGE('',*,*,#3186,.T.);
#1840=ORIENTED_EDGE('',*,*,#3184,.T.);
#1841=ORIENTED_EDGE('',*,*,#3191,.F.);
#1842=ORIENTED_EDGE('',*,*,#3192,.F.);
#1843=ORIENTED_EDGE('',*,*,#3193,.T.);
#1844=ORIENTED_EDGE('',*,*,#3194,.T.);
#1845=CARTESIAN_POINT('',(0.0,0.0,-9.3));
#1846=DIRECTION('',(0.0,0.0,1.0));
#1847=DIRECTION('',(1.0,0.0,0.0));
#1848=ORIENTED_EDGE('',*,*,#3195,.T.);
#1849=ORIENTED_EDGE('',*,*,#3196,.T.);
#1850=ORIENTED_EDGE('',*,*,#3197,.T.);
#1851=ORIENTED_EDGE('',*,*,#3198,.F.);
#1852=ORIENTED_EDGE('',*,*,#3199,.T.);
#1853=ORIENTED_EDGE('',*,*,#3200,.F.);
#1854=ORIENTED_EDGE('',*,*,#3201,.F.);
#1855=ORIENTED_EDGE('',*,*,#3202,.F.);
#1856=ORIENTED_EDGE('',*,*,#3203,.T.);
#1857=ORIENTED_EDGE('',*,*,#3204,.F.);
#1858=CARTESIAN_POINT('',(0.0,0.0,-9.3));
#1859=DIRECTION('',(0.0,0.0,1.0));
#1860=DIRECTION('',(1.0,0.0,0.0));
#1861=ORIENTED_EDGE('',*,*,#3205,.T.);
#1862=ORIENTED_EDGE('',*,*,#3152,.F.);
#1863=ORIENTED_EDGE('',*,*,#3206,.F.);
#1864=ORIENTED_EDGE('',*,*,#3200,.T.);
#1865=CARTESIAN_POINT('',(-8.2,-1.35,0.0));
#1866=DIRECTION('',(0.707106781186548,-0.707106781186548,0.0));
#1867=DIRECTION('',(0.0,0.0,-1.0));
#1868=ORIENTED_EDGE('',*,*,#3151,.T.);
#1869=ORIENTED_EDGE('',*,*,#3207,.T.);
#1870=ORIENTED_EDGE('',*,*,#3195,.F.);
#1871=ORIENTED_EDGE('',*,*,#3206,.T.);
#1872=CARTESIAN_POINT('',(-8.2,-0.2,0.0));
#1873=DIRECTION('',(-1.0,0.0,0.0));
#1874=DIRECTION('',(0.0,0.0,1.0));
#1875=ORIENTED_EDGE('',*,*,#3208,.T.);
#1876=ORIENTED_EDGE('',*,*,#3196,.F.);
#1877=ORIENTED_EDGE('',*,*,#3207,.F.);
#1878=ORIENTED_EDGE('',*,*,#3150,.T.);
#1879=CARTESIAN_POINT('',(-8.2,-4.0,0.0));
#1880=DIRECTION('',(0.0,-1.0,0.0));
#1881=DIRECTION('',(0.0,0.0,-1.0));
#1882=ORIENTED_EDGE('',*,*,#3197,.F.);
#1883=ORIENTED_EDGE('',*,*,#3208,.F.);
#1884=ORIENTED_EDGE('',*,*,#3155,.T.);
#1885=ORIENTED_EDGE('',*,*,#3209,.F.);
#1886=CARTESIAN_POINT('',(-4.45,-4.0,0.0));
#1887=DIRECTION('',(1.0,0.0,0.0));
#1888=DIRECTION('',(0.0,1.0,0.0));
#1889=ORIENTED_EDGE('',*,*,#3209,.T.);
#1890=ORIENTED_EDGE('',*,*,#3154,.F.);
#1891=ORIENTED_EDGE('',*,*,#3210,.F.);
#1892=ORIENTED_EDGE('',*,*,#3198,.T.);
#1893=CARTESIAN_POINT('',(-5.6,-0.2,0.0));
#1894=DIRECTION('',(-0.707106781186548,-0.707106781186548,0.0));
#1895=DIRECTION('',(-0.707106781186548,0.707106781186548,0.0));
#1896=ORIENTED_EDGE('',*,*,#3199,.F.);
#1897=ORIENTED_EDGE('',*,*,#3210,.T.);
#1898=ORIENTED_EDGE('',*,*,#3153,.T.);
#1899=ORIENTED_EDGE('',*,*,#3205,.F.);
#1900=CARTESIAN_POINT('',(-4.45,-0.2,0.0));
#1901=DIRECTION('',(-0.0,1.0,0.0));
#1902=DIRECTION('',(1.0,0.0,0.0));
#1903=ORIENTED_EDGE('',*,*,#3204,.T.);
#1904=ORIENTED_EDGE('',*,*,#3211,.T.);
#1905=ORIENTED_EDGE('',*,*,#3212,.F.);
#1906=ORIENTED_EDGE('',*,*,#3213,.T.);
#1907=CARTESIAN_POINT('',(-6.875,0.0,0.0));
#1908=DIRECTION('',(-1.0,0.0,0.0));
#1909=DIRECTION('',(0.0,0.0,1.0));
#1910=ORIENTED_EDGE('',*,*,#3194,.F.);
#1911=ORIENTED_EDGE('',*,*,#3214,.T.);
#1912=ORIENTED_EDGE('',*,*,#3215,.F.);
#1913=ORIENTED_EDGE('',*,*,#3216,.T.);
#1914=CARTESIAN_POINT('',(-6.875,0.0,0.0));
#1915=DIRECTION('',(-1.0,0.0,0.0));
#1916=DIRECTION('',(0.0,0.0,1.0));
#1917=ORIENTED_EDGE('',*,*,#3213,.F.);
#1918=ORIENTED_EDGE('',*,*,#3217,.T.);
#1919=ORIENTED_EDGE('',*,*,#3218,.T.);
#1920=ORIENTED_EDGE('',*,*,#3201,.T.);
#1921=CARTESIAN_POINT('',(-6.875,-1.5955,-3.3));
#1922=DIRECTION('',(-0.0,1.0,0.0));
#1923=DIRECTION('',(1.0,0.0,0.0));
#1924=ORIENTED_EDGE('',*,*,#3202,.T.);
#1925=ORIENTED_EDGE('',*,*,#3218,.F.);
#1926=ORIENTED_EDGE('',*,*,#3219,.T.);
#1927=ORIENTED_EDGE('',*,*,#3220,.F.);
#1928=CARTESIAN_POINT('',(-5.725,0.0,0.0));
#1929=DIRECTION('',(-1.0,0.0,0.0));
#1930=DIRECTION('',(0.0,0.0,1.0));
#1931=ORIENTED_EDGE('',*,*,#3192,.T.);
#1932=ORIENTED_EDGE('',*,*,#3221,.F.);
#1933=ORIENTED_EDGE('',*,*,#3222,.T.);
#1934=ORIENTED_EDGE('',*,*,#3223,.F.);
#1935=CARTESIAN_POINT('',(-5.725,0.0,0.0));
#1936=DIRECTION('',(-1.0,0.0,0.0));
#1937=DIRECTION('',(0.0,0.0,1.0));
#1938=ORIENTED_EDGE('',*,*,#3220,.T.);
#1939=ORIENTED_EDGE('',*,*,#3224,.F.);
#1940=ORIENTED_EDGE('',*,*,#3211,.F.);
#1941=ORIENTED_EDGE('',*,*,#3203,.F.);
#1942=CARTESIAN_POINT('',(-6.875,-2.5955,-9.3));
#1943=DIRECTION('',(0.0,-1.0,0.0));
#1944=DIRECTION('',(0.0,0.0,-1.0));
#1945=ORIENTED_EDGE('',*,*,#3224,.T.);
#1946=ORIENTED_EDGE('',*,*,#3219,.F.);
#1947=ORIENTED_EDGE('',*,*,#3217,.F.);
#1948=ORIENTED_EDGE('',*,*,#3212,.T.);
#1949=CARTESIAN_POINT('',(-6.875,-2.5955,-3.3));
#1950=DIRECTION('',(0.0,0.0,1.0));
#1951=DIRECTION('',(1.0,0.0,0.0));
#1952=ORIENTED_EDGE('',*,*,#3223,.T.);
#1953=ORIENTED_EDGE('',*,*,#3225,.F.);
#1954=ORIENTED_EDGE('',*,*,#3214,.F.);
#1955=ORIENTED_EDGE('',*,*,#3193,.F.);
#1956=CARTESIAN_POINT('',(-6.875,1.5955,-9.3));
#1957=DIRECTION('',(0.0,-1.0,0.0));
#1958=DIRECTION('',(0.0,0.0,-1.0));
#1959=ORIENTED_EDGE('',*,*,#3225,.T.);
#1960=ORIENTED_EDGE('',*,*,#3222,.F.);
#1961=ORIENTED_EDGE('',*,*,#3226,.F.);
#1962=ORIENTED_EDGE('',*,*,#3215,.T.);
#1963=CARTESIAN_POINT('',(-6.875,1.5955,-3.3));
#1964=DIRECTION('',(0.0,0.0,1.0));
#1965=DIRECTION('',(1.0,0.0,0.0));
#1966=ORIENTED_EDGE('',*,*,#3216,.F.);
#1967=ORIENTED_EDGE('',*,*,#3226,.T.);
#1968=ORIENTED_EDGE('',*,*,#3221,.T.);
#1969=ORIENTED_EDGE('',*,*,#3191,.T.);
#1970=CARTESIAN_POINT('',(-6.875,2.5955,-3.3));
#1971=DIRECTION('',(-0.0,1.0,0.0));
#1972=DIRECTION('',(1.0,0.0,0.0));
#1973=ORIENTED_EDGE('',*,*,#3227,.T.);
#1974=ORIENTED_EDGE('',*,*,#3228,.F.);
#1975=ORIENTED_EDGE('',*,*,#3229,.F.);
#1976=ORIENTED_EDGE('',*,*,#3141,.T.);
#1977=CARTESIAN_POINT('',(-4.0,-0.2,0.0));
#1978=DIRECTION('',(-1.0,0.0,0.0));
#1979=DIRECTION('',(0.0,0.0,1.0));
#1980=ORIENTED_EDGE('',*,*,#3229,.T.);
#1981=ORIENTED_EDGE('',*,*,#3230,.F.);
#1982=ORIENTED_EDGE('',*,*,#3231,.F.);
#1983=ORIENTED_EDGE('',*,*,#3138,.T.);
#1984=CARTESIAN_POINT('',(-0.25,-0.2,0.0));
#1985=DIRECTION('',(-0.0,1.0,0.0));
#1986=DIRECTION('',(1.0,0.0,0.0));
#1987=ORIENTED_EDGE('',*,*,#3231,.T.);
#1988=ORIENTED_EDGE('',*,*,#3232,.F.);
#1989=ORIENTED_EDGE('',*,*,#3233,.F.);
#1990=ORIENTED_EDGE('',*,*,#3139,.T.);
#1991=CARTESIAN_POINT('',(-0.25,-4.0,0.0));
#1992=DIRECTION('',(1.0,0.0,0.0));
#1993=DIRECTION('',(0.0,1.0,0.0));
#1994=ORIENTED_EDGE('',*,*,#3233,.T.);
#1995=ORIENTED_EDGE('',*,*,#3234,.F.);
#1996=ORIENTED_EDGE('',*,*,#3227,.F.);
#1997=ORIENTED_EDGE('',*,*,#3140,.T.);
#1998=CARTESIAN_POINT('',(-4.0,-4.0,0.0));
#1999=DIRECTION('',(0.0,-1.0,0.0));
#2000=DIRECTION('',(0.0,0.0,-1.0));
#2001=ORIENTED_EDGE('',*,*,#3234,.T.);
#2002=ORIENTED_EDGE('',*,*,#3232,.T.);
#2003=ORIENTED_EDGE('',*,*,#3230,.T.);
#2004=ORIENTED_EDGE('',*,*,#3228,.T.);
#2005=ORIENTED_EDGE('',*,*,#3235,.F.);
#2006=ORIENTED_EDGE('',*,*,#3236,.F.);
#2007=ORIENTED_EDGE('',*,*,#3237,.T.);
#2008=ORIENTED_EDGE('',*,*,#3238,.T.);
#2009=CARTESIAN_POINT('',(0.0,0.0,-9.3));
#2010=DIRECTION('',(0.0,0.0,1.0));
#2011=DIRECTION('',(1.0,0.0,0.0));
#2012=ORIENTED_EDGE('',*,*,#3239,.T.);
#2013=ORIENTED_EDGE('',*,*,#3240,.T.);
#2014=ORIENTED_EDGE('',*,*,#3241,.T.);
#2015=ORIENTED_EDGE('',*,*,#3242,.F.);
#2016=ORIENTED_EDGE('',*,*,#3243,.T.);
#2017=ORIENTED_EDGE('',*,*,#3244,.F.);
#2018=ORIENTED_EDGE('',*,*,#3245,.F.);
#2019=ORIENTED_EDGE('',*,*,#3246,.F.);
#2020=ORIENTED_EDGE('',*,*,#3247,.T.);
#2021=ORIENTED_EDGE('',*,*,#3248,.T.);
#2022=CARTESIAN_POINT('',(0.0,0.0,-9.3));
#2023=DIRECTION('',(0.0,0.0,1.0));
#2024=DIRECTION('',(1.0,0.0,0.0));
#2025=ORIENTED_EDGE('',*,*,#3249,.T.);
#2026=ORIENTED_EDGE('',*,*,#3164,.F.);
#2027=ORIENTED_EDGE('',*,*,#3250,.F.);
#2028=ORIENTED_EDGE('',*,*,#3244,.T.);
#2029=CARTESIAN_POINT('',(-4.0,2.85,0.0));
#2030=DIRECTION('',(0.707106781186548,-0.707106781186548,0.0));
#2031=DIRECTION('',(0.0,0.0,-1.0));
#2032=ORIENTED_EDGE('',*,*,#3163,.T.);
#2033=ORIENTED_EDGE('',*,*,#3251,.T.);
#2034=ORIENTED_EDGE('',*,*,#3239,.F.);
#2035=ORIENTED_EDGE('',*,*,#3250,.T.);
#2036=CARTESIAN_POINT('',(-4.0,4.0,0.0));
#2037=DIRECTION('',(-1.0,0.0,0.0));
#2038=DIRECTION('',(0.0,0.0,1.0));
#2039=ORIENTED_EDGE('',*,*,#3252,.T.);
#2040=ORIENTED_EDGE('',*,*,#3240,.F.);
#2041=ORIENTED_EDGE('',*,*,#3251,.F.);
#2042=ORIENTED_EDGE('',*,*,#3162,.T.);
#2043=CARTESIAN_POINT('',(-4.0,0.2,0.0));
#2044=DIRECTION('',(0.0,-1.0,0.0));
#2045=DIRECTION('',(0.0,0.0,-1.0));
#2046=ORIENTED_EDGE('',*,*,#3241,.F.);
#2047=ORIENTED_EDGE('',*,*,#3252,.F.);
#2048=ORIENTED_EDGE('',*,*,#3167,.T.);
#2049=ORIENTED_EDGE('',*,*,#3253,.F.);
#2050=CARTESIAN_POINT('',(-0.25,0.2,0.0));
#2051=DIRECTION('',(1.0,0.0,0.0));
#2052=DIRECTION('',(0.0,1.0,0.0));
#2053=ORIENTED_EDGE('',*,*,#3253,.T.);
#2054=ORIENTED_EDGE('',*,*,#3166,.F.);
#2055=ORIENTED_EDGE('',*,*,#3254,.F.);
#2056=ORIENTED_EDGE('',*,*,#3242,.T.);
#2057=CARTESIAN_POINT('',(-1.4,4.0,0.0));
#2058=DIRECTION('',(-0.707106781186548,-0.707106781186548,0.0));
#2059=DIRECTION('',(-0.707106781186548,0.707106781186548,0.0));
#2060=ORIENTED_EDGE('',*,*,#3243,.F.);
#2061=ORIENTED_EDGE('',*,*,#3254,.T.);
#2062=ORIENTED_EDGE('',*,*,#3165,.T.);
#2063=ORIENTED_EDGE('',*,*,#3249,.F.);
#2064=CARTESIAN_POINT('',(-0.25,4.0,0.0));
#2065=DIRECTION('',(-0.0,1.0,0.0));
#2066=DIRECTION('',(1.0,0.0,0.0));
#2067=ORIENTED_EDGE('',*,*,#3238,.F.);
#2068=ORIENTED_EDGE('',*,*,#3255,.T.);
#2069=ORIENTED_EDGE('',*,*,#3256,.T.);
#2070=ORIENTED_EDGE('',*,*,#3257,.T.);
#2071=CARTESIAN_POINT('',(-2.675,0.0,0.0));
#2072=DIRECTION('',(-1.0,0.0,0.0));
#2073=DIRECTION('',(0.0,0.0,1.0));
#2074=ORIENTED_EDGE('',*,*,#3248,.F.);
#2075=ORIENTED_EDGE('',*,*,#3258,.T.);
#2076=ORIENTED_EDGE('',*,*,#3259,.T.);
#2077=ORIENTED_EDGE('',*,*,#3260,.T.);
#2078=CARTESIAN_POINT('',(-2.675,0.0,0.0));
#2079=DIRECTION('',(-1.0,0.0,0.0));
#2080=DIRECTION('',(0.0,0.0,1.0));
#2081=ORIENTED_EDGE('',*,*,#3257,.F.);
#2082=ORIENTED_EDGE('',*,*,#3261,.T.);
#2083=ORIENTED_EDGE('',*,*,#3262,.T.);
#2084=ORIENTED_EDGE('',*,*,#3235,.T.);
#2085=CARTESIAN_POINT('',(-2.675,-1.5955,-3.3));
#2086=DIRECTION('',(-0.0,1.0,0.0));
#2087=DIRECTION('',(1.0,0.0,0.0));
#2088=ORIENTED_EDGE('',*,*,#3236,.T.);
#2089=ORIENTED_EDGE('',*,*,#3262,.F.);
#2090=ORIENTED_EDGE('',*,*,#3263,.F.);
#2091=ORIENTED_EDGE('',*,*,#3264,.F.);
#2092=CARTESIAN_POINT('',(-1.525,0.0,0.0));
#2093=DIRECTION('',(-1.0,0.0,0.0));
#2094=DIRECTION('',(0.0,0.0,1.0));
#2095=ORIENTED_EDGE('',*,*,#3246,.T.);
#2096=ORIENTED_EDGE('',*,*,#3265,.F.);
#2097=ORIENTED_EDGE('',*,*,#3266,.F.);
#2098=ORIENTED_EDGE('',*,*,#3267,.F.);
#2099=CARTESIAN_POINT('',(-1.525,0.0,0.0));
#2100=DIRECTION('',(-1.0,0.0,0.0));
#2101=DIRECTION('',(0.0,0.0,1.0));
#2102=ORIENTED_EDGE('',*,*,#3264,.T.);
#2103=ORIENTED_EDGE('',*,*,#3268,.F.);
#2104=ORIENTED_EDGE('',*,*,#3255,.F.);
#2105=ORIENTED_EDGE('',*,*,#3237,.F.);
#2106=CARTESIAN_POINT('',(-2.675,-2.5955,-9.3));
#2107=DIRECTION('',(0.0,-1.0,0.0));
#2108=DIRECTION('',(0.0,0.0,-1.0));
#2109=ORIENTED_EDGE('',*,*,#3268,.T.);
#2110=ORIENTED_EDGE('',*,*,#3263,.T.);
#2111=ORIENTED_EDGE('',*,*,#3261,.F.);
#2112=ORIENTED_EDGE('',*,*,#3256,.F.);
#2113=CARTESIAN_POINT('',(-2.675,-2.5955,-3.3));
#2114=DIRECTION('',(0.0,0.0,1.0));
#2115=DIRECTION('',(1.0,0.0,0.0));
#2116=ORIENTED_EDGE('',*,*,#3267,.T.);
#2117=ORIENTED_EDGE('',*,*,#3269,.F.);
#2118=ORIENTED_EDGE('',*,*,#3258,.F.);
#2119=ORIENTED_EDGE('',*,*,#3247,.F.);
#2120=CARTESIAN_POINT('',(-2.675,1.5955,-9.3));
#2121=DIRECTION('',(0.0,-1.0,0.0));
#2122=DIRECTION('',(0.0,0.0,-1.0));
#2123=ORIENTED_EDGE('',*,*,#3269,.T.);
#2124=ORIENTED_EDGE('',*,*,#3266,.T.);
#2125=ORIENTED_EDGE('',*,*,#3270,.F.);
#2126=ORIENTED_EDGE('',*,*,#3259,.F.);
#2127=CARTESIAN_POINT('',(-2.675,1.5955,-3.3));
#2128=DIRECTION('',(0.0,0.0,1.0));
#2129=DIRECTION('',(1.0,0.0,0.0));
#2130=ORIENTED_EDGE('',*,*,#3260,.F.);
#2131=ORIENTED_EDGE('',*,*,#3270,.T.);
#2132=ORIENTED_EDGE('',*,*,#3265,.T.);
#2133=ORIENTED_EDGE('',*,*,#3245,.T.);
#2134=CARTESIAN_POINT('',(-2.675,2.5955,-3.3));
#2135=DIRECTION('',(-0.0,1.0,0.0));
#2136=DIRECTION('',(1.0,0.0,0.0));
#2137=ORIENTED_EDGE('',*,*,#3271,.T.);
#2138=ORIENTED_EDGE('',*,*,#3272,.F.);
#2139=ORIENTED_EDGE('',*,*,#3273,.F.);
#2140=ORIENTED_EDGE('',*,*,#3145,.T.);
#2141=CARTESIAN_POINT('',(0.2,-0.2,0.0));
#2142=DIRECTION('',(-1.0,0.0,0.0));
#2143=DIRECTION('',(0.0,0.0,1.0));
#2144=ORIENTED_EDGE('',*,*,#3273,.T.);
#2145=ORIENTED_EDGE('',*,*,#3274,.F.);
#2146=ORIENTED_EDGE('',*,*,#3275,.F.);
#2147=ORIENTED_EDGE('',*,*,#3142,.T.);
#2148=CARTESIAN_POINT('',(3.95,-0.2,0.0));
#2149=DIRECTION('',(-0.0,1.0,0.0));
#2150=DIRECTION('',(1.0,0.0,0.0));
#2151=ORIENTED_EDGE('',*,*,#3275,.T.);
#2152=ORIENTED_EDGE('',*,*,#3276,.F.);
#2153=ORIENTED_EDGE('',*,*,#3277,.F.);
#2154=ORIENTED_EDGE('',*,*,#3143,.T.);
#2155=CARTESIAN_POINT('',(3.95,-4.0,0.0));
#2156=DIRECTION('',(1.0,0.0,0.0));
#2157=DIRECTION('',(0.0,1.0,0.0));
#2158=ORIENTED_EDGE('',*,*,#3277,.T.);
#2159=ORIENTED_EDGE('',*,*,#3278,.F.);
#2160=ORIENTED_EDGE('',*,*,#3271,.F.);
#2161=ORIENTED_EDGE('',*,*,#3144,.T.);
#2162=CARTESIAN_POINT('',(0.2,-4.0,0.0));
#2163=DIRECTION('',(0.0,-1.0,0.0));
#2164=DIRECTION('',(0.0,0.0,-1.0));
#2165=ORIENTED_EDGE('',*,*,#3278,.T.);
#2166=ORIENTED_EDGE('',*,*,#3276,.T.);
#2167=ORIENTED_EDGE('',*,*,#3274,.T.);
#2168=ORIENTED_EDGE('',*,*,#3272,.T.);
#2169=ORIENTED_EDGE('',*,*,#3279,.F.);
#2170=ORIENTED_EDGE('',*,*,#3280,.F.);
#2171=ORIENTED_EDGE('',*,*,#3281,.T.);
#2172=ORIENTED_EDGE('',*,*,#3282,.T.);
#2173=CARTESIAN_POINT('',(0.0,0.0,-9.3));
#2174=DIRECTION('',(0.0,0.0,1.0));
#2175=DIRECTION('',(1.0,0.0,0.0));
#2176=ORIENTED_EDGE('',*,*,#3283,.T.);
#2177=ORIENTED_EDGE('',*,*,#3284,.T.);
#2178=ORIENTED_EDGE('',*,*,#3285,.T.);
#2179=ORIENTED_EDGE('',*,*,#3286,.F.);
#2180=ORIENTED_EDGE('',*,*,#3287,.T.);
#2181=ORIENTED_EDGE('',*,*,#3288,.F.);
#2182=ORIENTED_EDGE('',*,*,#3289,.F.);
#2183=ORIENTED_EDGE('',*,*,#3290,.F.);
#2184=ORIENTED_EDGE('',*,*,#3291,.T.);
#2185=ORIENTED_EDGE('',*,*,#3292,.T.);
#2186=CARTESIAN_POINT('',(0.0,0.0,-9.3));
#2187=DIRECTION('',(0.0,0.0,1.0));
#2188=DIRECTION('',(1.0,0.0,0.0));
#2189=ORIENTED_EDGE('',*,*,#3293,.T.);
#2190=ORIENTED_EDGE('',*,*,#3170,.F.);
#2191=ORIENTED_EDGE('',*,*,#3294,.F.);
#2192=ORIENTED_EDGE('',*,*,#3288,.T.);
#2193=CARTESIAN_POINT('',(0.2,2.85,0.0));
#2194=DIRECTION('',(0.707106781186548,-0.707106781186548,0.0));
#2195=DIRECTION('',(0.0,0.0,-1.0));
#2196=ORIENTED_EDGE('',*,*,#3169,.T.);
#2197=ORIENTED_EDGE('',*,*,#3295,.T.);
#2198=ORIENTED_EDGE('',*,*,#3283,.F.);
#2199=ORIENTED_EDGE('',*,*,#3294,.T.);
#2200=CARTESIAN_POINT('',(0.2,4.0,0.0));
#2201=DIRECTION('',(-1.0,0.0,0.0));
#2202=DIRECTION('',(0.0,0.0,1.0));
#2203=ORIENTED_EDGE('',*,*,#3296,.T.);
#2204=ORIENTED_EDGE('',*,*,#3284,.F.);
#2205=ORIENTED_EDGE('',*,*,#3295,.F.);
#2206=ORIENTED_EDGE('',*,*,#3168,.T.);
#2207=CARTESIAN_POINT('',(0.2,0.2,0.0));
#2208=DIRECTION('',(0.0,-1.0,0.0));
#2209=DIRECTION('',(0.0,0.0,-1.0));
#2210=ORIENTED_EDGE('',*,*,#3285,.F.);
#2211=ORIENTED_EDGE('',*,*,#3296,.F.);
#2212=ORIENTED_EDGE('',*,*,#3173,.T.);
#2213=ORIENTED_EDGE('',*,*,#3297,.F.);
#2214=CARTESIAN_POINT('',(3.95,0.2,0.0));
#2215=DIRECTION('',(1.0,0.0,0.0));
#2216=DIRECTION('',(0.0,1.0,0.0));
#2217=ORIENTED_EDGE('',*,*,#3297,.T.);
#2218=ORIENTED_EDGE('',*,*,#3172,.F.);
#2219=ORIENTED_EDGE('',*,*,#3298,.F.);
#2220=ORIENTED_EDGE('',*,*,#3286,.T.);
#2221=CARTESIAN_POINT('',(2.8,4.0,0.0));
#2222=DIRECTION('',(-0.707106781186548,-0.707106781186548,0.0));
#2223=DIRECTION('',(-0.707106781186548,0.707106781186548,0.0));
#2224=ORIENTED_EDGE('',*,*,#3287,.F.);
#2225=ORIENTED_EDGE('',*,*,#3298,.T.);
#2226=ORIENTED_EDGE('',*,*,#3171,.T.);
#2227=ORIENTED_EDGE('',*,*,#3293,.F.);
#2228=CARTESIAN_POINT('',(3.95,4.0,0.0));
#2229=DIRECTION('',(-0.0,1.0,0.0));
#2230=DIRECTION('',(1.0,0.0,0.0));
#2231=ORIENTED_EDGE('',*,*,#3282,.F.);
#2232=ORIENTED_EDGE('',*,*,#3299,.T.);
#2233=ORIENTED_EDGE('',*,*,#3300,.T.);
#2234=ORIENTED_EDGE('',*,*,#3301,.T.);
#2235=CARTESIAN_POINT('',(1.525,0.0,0.0));
#2236=DIRECTION('',(-1.0,0.0,0.0));
#2237=DIRECTION('',(0.0,0.0,1.0));
#2238=ORIENTED_EDGE('',*,*,#3292,.F.);
#2239=ORIENTED_EDGE('',*,*,#3302,.T.);
#2240=ORIENTED_EDGE('',*,*,#3303,.T.);
#2241=ORIENTED_EDGE('',*,*,#3304,.T.);
#2242=CARTESIAN_POINT('',(1.525,0.0,0.0));
#2243=DIRECTION('',(-1.0,0.0,0.0));
#2244=DIRECTION('',(0.0,0.0,1.0));
#2245=ORIENTED_EDGE('',*,*,#3301,.F.);
#2246=ORIENTED_EDGE('',*,*,#3305,.T.);
#2247=ORIENTED_EDGE('',*,*,#3306,.T.);
#2248=ORIENTED_EDGE('',*,*,#3279,.T.);
#2249=CARTESIAN_POINT('',(1.525,-1.5955,-3.3));
#2250=DIRECTION('',(-0.0,1.0,0.0));
#2251=DIRECTION('',(1.0,0.0,0.0));
#2252=ORIENTED_EDGE('',*,*,#3280,.T.);
#2253=ORIENTED_EDGE('',*,*,#3306,.F.);
#2254=ORIENTED_EDGE('',*,*,#3307,.F.);
#2255=ORIENTED_EDGE('',*,*,#3308,.F.);
#2256=CARTESIAN_POINT('',(2.675,0.0,0.0));
#2257=DIRECTION('',(-1.0,0.0,0.0));
#2258=DIRECTION('',(0.0,0.0,1.0));
#2259=ORIENTED_EDGE('',*,*,#3290,.T.);
#2260=ORIENTED_EDGE('',*,*,#3309,.F.);
#2261=ORIENTED_EDGE('',*,*,#3310,.F.);
#2262=ORIENTED_EDGE('',*,*,#3311,.F.);
#2263=CARTESIAN_POINT('',(2.675,0.0,0.0));
#2264=DIRECTION('',(-1.0,0.0,0.0));
#2265=DIRECTION('',(0.0,0.0,1.0));
#2266=ORIENTED_EDGE('',*,*,#3308,.T.);
#2267=ORIENTED_EDGE('',*,*,#3312,.F.);
#2268=ORIENTED_EDGE('',*,*,#3299,.F.);
#2269=ORIENTED_EDGE('',*,*,#3281,.F.);
#2270=CARTESIAN_POINT('',(1.525,-2.5955,-9.3));
#2271=DIRECTION('',(0.0,-1.0,0.0));
#2272=DIRECTION('',(0.0,0.0,-1.0));
#2273=ORIENTED_EDGE('',*,*,#3312,.T.);
#2274=ORIENTED_EDGE('',*,*,#3307,.T.);
#2275=ORIENTED_EDGE('',*,*,#3305,.F.);
#2276=ORIENTED_EDGE('',*,*,#3300,.F.);
#2277=CARTESIAN_POINT('',(1.525,-2.5955,-3.3));
#2278=DIRECTION('',(0.0,0.0,1.0));
#2279=DIRECTION('',(1.0,0.0,0.0));
#2280=ORIENTED_EDGE('',*,*,#3311,.T.);
#2281=ORIENTED_EDGE('',*,*,#3313,.F.);
#2282=ORIENTED_EDGE('',*,*,#3302,.F.);
#2283=ORIENTED_EDGE('',*,*,#3291,.F.);
#2284=CARTESIAN_POINT('',(1.525,1.5955,-9.3));
#2285=DIRECTION('',(0.0,-1.0,0.0));
#2286=DIRECTION('',(0.0,0.0,-1.0));
#2287=ORIENTED_EDGE('',*,*,#3313,.T.);
#2288=ORIENTED_EDGE('',*,*,#3310,.T.);
#2289=ORIENTED_EDGE('',*,*,#3314,.F.);
#2290=ORIENTED_EDGE('',*,*,#3303,.F.);
#2291=CARTESIAN_POINT('',(1.525,1.5955,-3.3));
#2292=DIRECTION('',(0.0,0.0,1.0));
#2293=DIRECTION('',(1.0,0.0,0.0));
#2294=ORIENTED_EDGE('',*,*,#3304,.F.);
#2295=ORIENTED_EDGE('',*,*,#3314,.T.);
#2296=ORIENTED_EDGE('',*,*,#3309,.T.);
#2297=ORIENTED_EDGE('',*,*,#3289,.T.);
#2298=CARTESIAN_POINT('',(1.525,2.5955,-3.3));
#2299=DIRECTION('',(-0.0,1.0,0.0));
#2300=DIRECTION('',(1.0,0.0,0.0));
#2301=ORIENTED_EDGE('',*,*,#3315,.T.);
#2302=ORIENTED_EDGE('',*,*,#3316,.F.);
#2303=ORIENTED_EDGE('',*,*,#3317,.F.);
#2304=ORIENTED_EDGE('',*,*,#3149,.T.);
#2305=CARTESIAN_POINT('',(4.4,4.0,0.0));
#2306=DIRECTION('',(-1.0,0.0,0.0));
#2307=DIRECTION('',(0.0,0.0,1.0));
#2308=ORIENTED_EDGE('',*,*,#3317,.T.);
#2309=ORIENTED_EDGE('',*,*,#3318,.F.);
#2310=ORIENTED_EDGE('',*,*,#3319,.F.);
#2311=ORIENTED_EDGE('',*,*,#3146,.T.);
#2312=CARTESIAN_POINT('',(8.15,4.0,0.0));
#2313=DIRECTION('',(-0.0,1.0,0.0));
#2314=DIRECTION('',(1.0,0.0,0.0));
#2315=ORIENTED_EDGE('',*,*,#3319,.T.);
#2316=ORIENTED_EDGE('',*,*,#3320,.F.);
#2317=ORIENTED_EDGE('',*,*,#3321,.F.);
#2318=ORIENTED_EDGE('',*,*,#3147,.T.);
#2319=CARTESIAN_POINT('',(8.15,0.2,0.0));
#2320=DIRECTION('',(1.0,0.0,0.0));
#2321=DIRECTION('',(0.0,1.0,0.0));
#2322=ORIENTED_EDGE('',*,*,#3321,.T.);
#2323=ORIENTED_EDGE('',*,*,#3322,.F.);
#2324=ORIENTED_EDGE('',*,*,#3315,.F.);
#2325=ORIENTED_EDGE('',*,*,#3148,.F.);
#2326=CARTESIAN_POINT('',(4.4,0.2,0.0));
#2327=DIRECTION('',(0.0,-1.0,0.0));
#2328=DIRECTION('',(0.0,0.0,-1.0));
#2329=ORIENTED_EDGE('',*,*,#3322,.T.);
#2330=ORIENTED_EDGE('',*,*,#3320,.T.);
#2331=ORIENTED_EDGE('',*,*,#3318,.T.);
#2332=ORIENTED_EDGE('',*,*,#3316,.T.);
#2333=ORIENTED_EDGE('',*,*,#3323,.F.);
#2334=ORIENTED_EDGE('',*,*,#3324,.F.);
#2335=ORIENTED_EDGE('',*,*,#3325,.T.);
#2336=ORIENTED_EDGE('',*,*,#3326,.T.);
#2337=CARTESIAN_POINT('',(0.0,0.0,-9.3));
#2338=DIRECTION('',(0.0,0.0,1.0));
#2339=DIRECTION('',(1.0,0.0,0.0));
#2340=ORIENTED_EDGE('',*,*,#3327,.T.);
#2341=ORIENTED_EDGE('',*,*,#3328,.T.);
#2342=ORIENTED_EDGE('',*,*,#3329,.T.);
#2343=ORIENTED_EDGE('',*,*,#3330,.F.);
#2344=ORIENTED_EDGE('',*,*,#3331,.T.);
#2345=ORIENTED_EDGE('',*,*,#3332,.F.);
#2346=ORIENTED_EDGE('',*,*,#3333,.F.);
#2347=ORIENTED_EDGE('',*,*,#3334,.F.);
#2348=ORIENTED_EDGE('',*,*,#3335,.T.);
#2349=ORIENTED_EDGE('',*,*,#3336,.T.);
#2350=CARTESIAN_POINT('',(0.0,0.0,-9.3));
#2351=DIRECTION('',(0.0,0.0,1.0));
#2352=DIRECTION('',(1.0,0.0,0.0));
#2353=ORIENTED_EDGE('',*,*,#3337,.T.);
#2354=ORIENTED_EDGE('',*,*,#3158,.F.);
#2355=ORIENTED_EDGE('',*,*,#3338,.F.);
#2356=ORIENTED_EDGE('',*,*,#3332,.T.);
#2357=CARTESIAN_POINT('',(4.4,-1.35,0.0));
#2358=DIRECTION('',(0.707106781186548,-0.707106781186548,0.0));
#2359=DIRECTION('',(0.0,0.0,-1.0));
#2360=ORIENTED_EDGE('',*,*,#3157,.T.);
#2361=ORIENTED_EDGE('',*,*,#3339,.T.);
#2362=ORIENTED_EDGE('',*,*,#3327,.F.);
#2363=ORIENTED_EDGE('',*,*,#3338,.T.);
#2364=CARTESIAN_POINT('',(4.4,-0.2,0.0));
#2365=DIRECTION('',(-1.0,0.0,0.0));
#2366=DIRECTION('',(0.0,0.0,1.0));
#2367=ORIENTED_EDGE('',*,*,#3340,.T.);
#2368=ORIENTED_EDGE('',*,*,#3328,.F.);
#2369=ORIENTED_EDGE('',*,*,#3339,.F.);
#2370=ORIENTED_EDGE('',*,*,#3156,.F.);
#2371=CARTESIAN_POINT('',(4.4,-4.0,0.0));
#2372=DIRECTION('',(0.0,-1.0,0.0));
#2373=DIRECTION('',(0.0,0.0,-1.0));
#2374=ORIENTED_EDGE('',*,*,#3329,.F.);
#2375=ORIENTED_EDGE('',*,*,#3340,.F.);
#2376=ORIENTED_EDGE('',*,*,#3161,.T.);
#2377=ORIENTED_EDGE('',*,*,#3341,.F.);
#2378=CARTESIAN_POINT('',(8.15,-4.0,0.0));
#2379=DIRECTION('',(1.0,0.0,0.0));
#2380=DIRECTION('',(0.0,1.0,0.0));
#2381=ORIENTED_EDGE('',*,*,#3341,.T.);
#2382=ORIENTED_EDGE('',*,*,#3160,.F.);
#2383=ORIENTED_EDGE('',*,*,#3342,.F.);
#2384=ORIENTED_EDGE('',*,*,#3330,.T.);
#2385=CARTESIAN_POINT('',(7.0,-0.2,0.0));
#2386=DIRECTION('',(-0.707106781186548,-0.707106781186548,0.0));
#2387=DIRECTION('',(-0.707106781186548,0.707106781186548,0.0));
#2388=ORIENTED_EDGE('',*,*,#3331,.F.);
#2389=ORIENTED_EDGE('',*,*,#3342,.T.);
#2390=ORIENTED_EDGE('',*,*,#3159,.T.);
#2391=ORIENTED_EDGE('',*,*,#3337,.F.);
#2392=CARTESIAN_POINT('',(8.15,-0.2,0.0));
#2393=DIRECTION('',(-0.0,1.0,0.0));
#2394=DIRECTION('',(1.0,0.0,0.0));
#2395=ORIENTED_EDGE('',*,*,#3336,.F.);
#2396=ORIENTED_EDGE('',*,*,#3343,.T.);
#2397=ORIENTED_EDGE('',*,*,#3344,.T.);
#2398=ORIENTED_EDGE('',*,*,#3345,.T.);
#2399=CARTESIAN_POINT('',(5.725,0.0,0.0));
#2400=DIRECTION('',(-1.0,0.0,0.0));
#2401=DIRECTION('',(0.0,0.0,1.0));
#2402=ORIENTED_EDGE('',*,*,#3326,.F.);
#2403=ORIENTED_EDGE('',*,*,#3346,.T.);
#2404=ORIENTED_EDGE('',*,*,#3347,.T.);
#2405=ORIENTED_EDGE('',*,*,#3348,.T.);
#2406=CARTESIAN_POINT('',(5.725,0.0,0.0));
#2407=DIRECTION('',(-1.0,0.0,0.0));
#2408=DIRECTION('',(0.0,0.0,1.0));
#2409=ORIENTED_EDGE('',*,*,#3345,.F.);
#2410=ORIENTED_EDGE('',*,*,#3349,.T.);
#2411=ORIENTED_EDGE('',*,*,#3350,.T.);
#2412=ORIENTED_EDGE('',*,*,#3333,.T.);
#2413=CARTESIAN_POINT('',(5.725,-1.5955,-3.3));
#2414=DIRECTION('',(-0.0,1.0,0.0));
#2415=DIRECTION('',(1.0,0.0,0.0));
#2416=ORIENTED_EDGE('',*,*,#3334,.T.);
#2417=ORIENTED_EDGE('',*,*,#3350,.F.);
#2418=ORIENTED_EDGE('',*,*,#3351,.F.);
#2419=ORIENTED_EDGE('',*,*,#3352,.F.);
#2420=CARTESIAN_POINT('',(6.875,0.0,0.0));
#2421=DIRECTION('',(-1.0,0.0,0.0));
#2422=DIRECTION('',(0.0,0.0,1.0));
#2423=ORIENTED_EDGE('',*,*,#3324,.T.);
#2424=ORIENTED_EDGE('',*,*,#3353,.F.);
#2425=ORIENTED_EDGE('',*,*,#3354,.F.);
#2426=ORIENTED_EDGE('',*,*,#3355,.F.);
#2427=CARTESIAN_POINT('',(6.875,0.0,0.0));
#2428=DIRECTION('',(-1.0,0.0,0.0));
#2429=DIRECTION('',(0.0,0.0,1.0));
#2430=ORIENTED_EDGE('',*,*,#3352,.T.);
#2431=ORIENTED_EDGE('',*,*,#3356,.F.);
#2432=ORIENTED_EDGE('',*,*,#3343,.F.);
#2433=ORIENTED_EDGE('',*,*,#3335,.F.);
#2434=CARTESIAN_POINT('',(5.725,-2.5955,-9.3));
#2435=DIRECTION('',(0.0,-1.0,0.0));
#2436=DIRECTION('',(0.0,0.0,-1.0));
#2437=ORIENTED_EDGE('',*,*,#3356,.T.);
#2438=ORIENTED_EDGE('',*,*,#3351,.T.);
#2439=ORIENTED_EDGE('',*,*,#3349,.F.);
#2440=ORIENTED_EDGE('',*,*,#3344,.F.);
#2441=CARTESIAN_POINT('',(5.725,-2.5955,-3.3));
#2442=DIRECTION('',(0.0,0.0,1.0));
#2443=DIRECTION('',(1.0,0.0,0.0));
#2444=ORIENTED_EDGE('',*,*,#3355,.T.);
#2445=ORIENTED_EDGE('',*,*,#3357,.F.);
#2446=ORIENTED_EDGE('',*,*,#3346,.F.);
#2447=ORIENTED_EDGE('',*,*,#3325,.F.);
#2448=CARTESIAN_POINT('',(5.725,1.5955,-9.3));
#2449=DIRECTION('',(0.0,-1.0,0.0));
#2450=DIRECTION('',(0.0,0.0,-1.0));
#2451=ORIENTED_EDGE('',*,*,#3357,.T.);
#2452=ORIENTED_EDGE('',*,*,#3354,.T.);
#2453=ORIENTED_EDGE('',*,*,#3358,.F.);
#2454=ORIENTED_EDGE('',*,*,#3347,.F.);
#2455=CARTESIAN_POINT('',(5.725,1.5955,-3.3));
#2456=DIRECTION('',(0.0,0.0,1.0));
#2457=DIRECTION('',(1.0,0.0,0.0));
#2458=ORIENTED_EDGE('',*,*,#3348,.F.);
#2459=ORIENTED_EDGE('',*,*,#3358,.T.);
#2460=ORIENTED_EDGE('',*,*,#3353,.T.);
#2461=ORIENTED_EDGE('',*,*,#3323,.T.);
#2462=CARTESIAN_POINT('',(5.725,2.5955,-3.3));
#2463=DIRECTION('',(-0.0,1.0,0.0));
#2464=DIRECTION('',(1.0,0.0,0.0));
#2465=ORIENTED_EDGE('',*,*,#3011,.F.);
#2466=ORIENTED_EDGE('',*,*,#3111,.T.);
#2467=ORIENTED_EDGE('',*,*,#3035,.T.);
#2468=ORIENTED_EDGE('',*,*,#3017,.F.);
#2469=CARTESIAN_POINT('',(-9.0,3.875,-12.8));
#2470=DIRECTION('',(0.0,-1.0,0.0));
#2471=DIRECTION('',(0.0,0.0,-1.0));
#2472=ORIENTED_EDGE('',*,*,#3040,.F.);
#2473=ORIENTED_EDGE('',*,*,#3114,.T.);
#2474=ORIENTED_EDGE('',*,*,#3002,.T.);
#2475=ORIENTED_EDGE('',*,*,#3025,.T.);
#2476=CARTESIAN_POINT('',(-7.28,-3.875,-12.8));
#2477=DIRECTION('',(-0.0,1.0,0.0));
#2478=DIRECTION('',(1.0,0.0,0.0));
#2479=ORIENTED_EDGE('',*,*,#3359,.F.);
#2480=ORIENTED_EDGE('',*,*,#3360,.F.);
#2481=ORIENTED_EDGE('',*,*,#3361,.F.);
#2482=ORIENTED_EDGE('',*,*,#3362,.F.);
#2483=ORIENTED_EDGE('',*,*,#3363,.T.);
#2484=ORIENTED_EDGE('',*,*,#3364,.F.);
#2485=CARTESIAN_POINT('',(-6.875,0.0,0.0));
#2486=DIRECTION('',(-1.0,0.0,0.0));
#2487=DIRECTION('',(0.0,0.0,1.0));
#2488=ORIENTED_EDGE('',*,*,#3365,.T.);
#2489=ORIENTED_EDGE('',*,*,#3366,.F.);
#2490=ORIENTED_EDGE('',*,*,#3367,.T.);
#2491=ORIENTED_EDGE('',*,*,#3364,.T.);
#2492=CARTESIAN_POINT('',(-6.875,3.1,-12.6));
#2493=DIRECTION('',(-0.0,1.0,0.0));
#2494=DIRECTION('',(1.0,0.0,0.0));
#2495=ORIENTED_EDGE('',*,*,#3367,.F.);
#2496=ORIENTED_EDGE('',*,*,#3368,.F.);
#2497=ORIENTED_EDGE('',*,*,#3369,.T.);
#2498=ORIENTED_EDGE('',*,*,#3359,.T.);
#2499=CARTESIAN_POINT('',(-6.875,3.1,-16.3));
#2500=DIRECTION('',(0.0,0.0,-1.0));
#2501=DIRECTION('',(0.0,-1.0,0.0));
#2502=ORIENTED_EDGE('',*,*,#3369,.F.);
#2503=ORIENTED_EDGE('',*,*,#3370,.F.);
#2504=ORIENTED_EDGE('',*,*,#3371,.T.);
#2505=ORIENTED_EDGE('',*,*,#3360,.T.);
#2506=CARTESIAN_POINT('',(-6.875,2.8,-16.3));
#2507=DIRECTION('',(0.0,-1.0,0.0));
#2508=DIRECTION('',(0.0,0.0,-1.0));
#2509=ORIENTED_EDGE('',*,*,#3371,.F.);
#2510=ORIENTED_EDGE('',*,*,#3372,.F.);
#2511=ORIENTED_EDGE('',*,*,#3373,.T.);
#2512=ORIENTED_EDGE('',*,*,#3361,.T.);
#2513=CARTESIAN_POINT('',(-6.875,2.8,-15.4));
#2514=DIRECTION('',(0.0,0.0,-1.0));
#2515=DIRECTION('',(0.0,-1.0,0.0));
#2516=ORIENTED_EDGE('',*,*,#3373,.F.);
#2517=ORIENTED_EDGE('',*,*,#3374,.F.);
#2518=ORIENTED_EDGE('',*,*,#3375,.F.);
#2519=ORIENTED_EDGE('',*,*,#3362,.T.);
#2520=CARTESIAN_POINT('',(-6.875,2.4,-15.4));
#2521=DIRECTION('',(0.0,-1.0,0.0));
#2522=DIRECTION('',(0.0,0.0,-1.0));
#2523=ORIENTED_EDGE('',*,*,#3375,.T.);
#2524=ORIENTED_EDGE('',*,*,#3376,.T.);
#2525=ORIENTED_EDGE('',*,*,#3365,.F.);
#2526=ORIENTED_EDGE('',*,*,#3363,.F.);
#2527=CARTESIAN_POINT('',(-6.875,2.4,-12.6));
#2528=DIRECTION('',(0.0,0.0,1.0));
#2529=DIRECTION('',(1.0,0.0,0.0));
#2530=ORIENTED_EDGE('',*,*,#3376,.F.);
#2531=ORIENTED_EDGE('',*,*,#3374,.T.);
#2532=ORIENTED_EDGE('',*,*,#3372,.T.);
#2533=ORIENTED_EDGE('',*,*,#3370,.T.);
#2534=ORIENTED_EDGE('',*,*,#3368,.T.);
#2535=ORIENTED_EDGE('',*,*,#3366,.T.);
#2536=CARTESIAN_POINT('',(-5.725,0.0,0.0));
#2537=DIRECTION('',(-1.0,0.0,0.0));
#2538=DIRECTION('',(0.0,0.0,1.0));
#2539=ORIENTED_EDGE('',*,*,#3377,.T.);
#2540=ORIENTED_EDGE('',*,*,#3378,.T.);
#2541=ORIENTED_EDGE('',*,*,#3379,.T.);
#2542=ORIENTED_EDGE('',*,*,#3380,.T.);
#2543=ORIENTED_EDGE('',*,*,#3381,.T.);
#2544=ORIENTED_EDGE('',*,*,#3382,.T.);
#2545=CARTESIAN_POINT('',(-6.875,0.0,0.0));
#2546=DIRECTION('',(-1.0,0.0,0.0));
#2547=DIRECTION('',(0.0,0.0,1.0));
#2548=ORIENTED_EDGE('',*,*,#3383,.T.);
#2549=ORIENTED_EDGE('',*,*,#3384,.T.);
#2550=ORIENTED_EDGE('',*,*,#3385,.F.);
#2551=ORIENTED_EDGE('',*,*,#3382,.F.);
#2552=CARTESIAN_POINT('',(-6.875,-3.1,-12.6));
#2553=DIRECTION('',(0.0,0.0,1.0));
#2554=DIRECTION('',(1.0,0.0,0.0));
#2555=ORIENTED_EDGE('',*,*,#3385,.T.);
#2556=ORIENTED_EDGE('',*,*,#3386,.T.);
#2557=ORIENTED_EDGE('',*,*,#3387,.F.);
#2558=ORIENTED_EDGE('',*,*,#3377,.F.);
#2559=CARTESIAN_POINT('',(-6.875,-2.4,-12.6));
#2560=DIRECTION('',(-0.0,1.0,0.0));
#2561=DIRECTION('',(1.0,0.0,0.0));
#2562=ORIENTED_EDGE('',*,*,#3387,.T.);
#2563=ORIENTED_EDGE('',*,*,#3388,.T.);
#2564=ORIENTED_EDGE('',*,*,#3389,.F.);
#2565=ORIENTED_EDGE('',*,*,#3378,.F.);
#2566=CARTESIAN_POINT('',(-6.875,-2.4,-15.4));
#2567=DIRECTION('',(0.0,0.0,-1.0));
#2568=DIRECTION('',(0.0,-1.0,0.0));
#2569=ORIENTED_EDGE('',*,*,#3389,.T.);
#2570=ORIENTED_EDGE('',*,*,#3390,.T.);
#2571=ORIENTED_EDGE('',*,*,#3391,.F.);
#2572=ORIENTED_EDGE('',*,*,#3379,.F.);
#2573=CARTESIAN_POINT('',(-6.875,-2.8,-15.4));
#2574=DIRECTION('',(-0.0,1.0,0.0));
#2575=DIRECTION('',(1.0,0.0,0.0));
#2576=ORIENTED_EDGE('',*,*,#3391,.T.);
#2577=ORIENTED_EDGE('',*,*,#3392,.T.);
#2578=ORIENTED_EDGE('',*,*,#3393,.F.);
#2579=ORIENTED_EDGE('',*,*,#3380,.F.);
#2580=CARTESIAN_POINT('',(-6.875,-2.8,-16.3));
#2581=DIRECTION('',(0.0,1.184237892934E-14,-1.0));
#2582=DIRECTION('',(-1.0,0.0,0.0));
#2583=ORIENTED_EDGE('',*,*,#3393,.T.);
#2584=ORIENTED_EDGE('',*,*,#3394,.T.);
#2585=ORIENTED_EDGE('',*,*,#3383,.F.);
#2586=ORIENTED_EDGE('',*,*,#3381,.F.);
#2587=CARTESIAN_POINT('',(-6.875,-3.1,-16.3));
#2588=DIRECTION('',(0.0,-1.0,0.0));
#2589=DIRECTION('',(0.0,0.0,-1.0));
#2590=ORIENTED_EDGE('',*,*,#3394,.F.);
#2591=ORIENTED_EDGE('',*,*,#3392,.F.);
#2592=ORIENTED_EDGE('',*,*,#3390,.F.);
#2593=ORIENTED_EDGE('',*,*,#3388,.F.);
#2594=ORIENTED_EDGE('',*,*,#3386,.F.);
#2595=ORIENTED_EDGE('',*,*,#3384,.F.);
#2596=CARTESIAN_POINT('',(-5.725,0.0,0.0));
#2597=DIRECTION('',(-1.0,0.0,0.0));
#2598=DIRECTION('',(0.0,0.0,1.0));
#2599=ORIENTED_EDGE('',*,*,#3395,.T.);
#2600=ORIENTED_EDGE('',*,*,#3396,.T.);
#2601=ORIENTED_EDGE('',*,*,#3397,.T.);
#2602=ORIENTED_EDGE('',*,*,#3398,.T.);
#2603=ORIENTED_EDGE('',*,*,#3399,.T.);
#2604=ORIENTED_EDGE('',*,*,#3400,.T.);
#2605=CARTESIAN_POINT('',(-2.675,0.0,0.0));
#2606=DIRECTION('',(-1.0,0.0,0.0));
#2607=DIRECTION('',(0.0,0.0,1.0));
#2608=ORIENTED_EDGE('',*,*,#3401,.T.);
#2609=ORIENTED_EDGE('',*,*,#3402,.T.);
#2610=ORIENTED_EDGE('',*,*,#3403,.F.);
#2611=ORIENTED_EDGE('',*,*,#3400,.F.);
#2612=CARTESIAN_POINT('',(-2.675,3.1,-12.6));
#2613=DIRECTION('',(-0.0,1.0,0.0));
#2614=DIRECTION('',(1.0,0.0,0.0));
#2615=ORIENTED_EDGE('',*,*,#3403,.T.);
#2616=ORIENTED_EDGE('',*,*,#3404,.T.);
#2617=ORIENTED_EDGE('',*,*,#3405,.F.);
#2618=ORIENTED_EDGE('',*,*,#3395,.F.);
#2619=CARTESIAN_POINT('',(-2.675,3.1,-16.3));
#2620=DIRECTION('',(0.0,0.0,-1.0));
#2621=DIRECTION('',(0.0,-1.0,0.0));
#2622=ORIENTED_EDGE('',*,*,#3405,.T.);
#2623=ORIENTED_EDGE('',*,*,#3406,.T.);
#2624=ORIENTED_EDGE('',*,*,#3407,.F.);
#2625=ORIENTED_EDGE('',*,*,#3396,.F.);
#2626=CARTESIAN_POINT('',(-2.675,2.8,-16.3));
#2627=DIRECTION('',(0.0,-1.0,0.0));
#2628=DIRECTION('',(0.0,0.0,-1.0));
#2629=ORIENTED_EDGE('',*,*,#3407,.T.);
#2630=ORIENTED_EDGE('',*,*,#3408,.T.);
#2631=ORIENTED_EDGE('',*,*,#3409,.F.);
#2632=ORIENTED_EDGE('',*,*,#3397,.F.);
#2633=CARTESIAN_POINT('',(-2.675,2.8,-15.4));
#2634=DIRECTION('',(0.0,0.0,-1.0));
#2635=DIRECTION('',(0.0,-1.0,0.0));
#2636=ORIENTED_EDGE('',*,*,#3409,.T.);
#2637=ORIENTED_EDGE('',*,*,#3410,.T.);
#2638=ORIENTED_EDGE('',*,*,#3411,.F.);
#2639=ORIENTED_EDGE('',*,*,#3398,.F.);
#2640=CARTESIAN_POINT('',(-2.675,2.4,-15.4));
#2641=DIRECTION('',(0.0,-1.0,0.0));
#2642=DIRECTION('',(0.0,0.0,-1.0));
#2643=ORIENTED_EDGE('',*,*,#3411,.T.);
#2644=ORIENTED_EDGE('',*,*,#3412,.T.);
#2645=ORIENTED_EDGE('',*,*,#3401,.F.);
#2646=ORIENTED_EDGE('',*,*,#3399,.F.);
#2647=CARTESIAN_POINT('',(-2.675,2.4,-12.6));
#2648=DIRECTION('',(0.0,0.0,1.0));
#2649=DIRECTION('',(1.0,0.0,0.0));
#2650=ORIENTED_EDGE('',*,*,#3412,.F.);
#2651=ORIENTED_EDGE('',*,*,#3410,.F.);
#2652=ORIENTED_EDGE('',*,*,#3408,.F.);
#2653=ORIENTED_EDGE('',*,*,#3406,.F.);
#2654=ORIENTED_EDGE('',*,*,#3404,.F.);
#2655=ORIENTED_EDGE('',*,*,#3402,.F.);
#2656=CARTESIAN_POINT('',(-1.525,0.0,0.0));
#2657=DIRECTION('',(-1.0,0.0,0.0));
#2658=DIRECTION('',(0.0,0.0,1.0));
#2659=ORIENTED_EDGE('',*,*,#3413,.T.);
#2660=ORIENTED_EDGE('',*,*,#3414,.T.);
#2661=ORIENTED_EDGE('',*,*,#3415,.T.);
#2662=ORIENTED_EDGE('',*,*,#3416,.T.);
#2663=ORIENTED_EDGE('',*,*,#3417,.T.);
#2664=ORIENTED_EDGE('',*,*,#3418,.T.);
#2665=CARTESIAN_POINT('',(-2.675,0.0,0.0));
#2666=DIRECTION('',(-1.0,0.0,0.0));
#2667=DIRECTION('',(0.0,0.0,1.0));
#2668=ORIENTED_EDGE('',*,*,#3419,.T.);
#2669=ORIENTED_EDGE('',*,*,#3420,.T.);
#2670=ORIENTED_EDGE('',*,*,#3421,.F.);
#2671=ORIENTED_EDGE('',*,*,#3418,.F.);
#2672=CARTESIAN_POINT('',(-2.675,-3.1,-12.6));
#2673=DIRECTION('',(0.0,0.0,1.0));
#2674=DIRECTION('',(1.0,0.0,0.0));
#2675=ORIENTED_EDGE('',*,*,#3421,.T.);
#2676=ORIENTED_EDGE('',*,*,#3422,.T.);
#2677=ORIENTED_EDGE('',*,*,#3423,.F.);
#2678=ORIENTED_EDGE('',*,*,#3413,.F.);
#2679=CARTESIAN_POINT('',(-2.675,-2.4,-12.6));
#2680=DIRECTION('',(-0.0,1.0,0.0));
#2681=DIRECTION('',(1.0,0.0,0.0));
#2682=ORIENTED_EDGE('',*,*,#3423,.T.);
#2683=ORIENTED_EDGE('',*,*,#3424,.T.);
#2684=ORIENTED_EDGE('',*,*,#3425,.F.);
#2685=ORIENTED_EDGE('',*,*,#3414,.F.);
#2686=CARTESIAN_POINT('',(-2.675,-2.4,-15.4));
#2687=DIRECTION('',(0.0,0.0,-1.0));
#2688=DIRECTION('',(0.0,-1.0,0.0));
#2689=ORIENTED_EDGE('',*,*,#3425,.T.);
#2690=ORIENTED_EDGE('',*,*,#3426,.T.);
#2691=ORIENTED_EDGE('',*,*,#3427,.F.);
#2692=ORIENTED_EDGE('',*,*,#3415,.F.);
#2693=CARTESIAN_POINT('',(-2.675,-2.8,-15.4));
#2694=DIRECTION('',(-0.0,1.0,0.0));
#2695=DIRECTION('',(1.0,0.0,0.0));
#2696=ORIENTED_EDGE('',*,*,#3427,.T.);
#2697=ORIENTED_EDGE('',*,*,#3428,.T.);
#2698=ORIENTED_EDGE('',*,*,#3429,.F.);
#2699=ORIENTED_EDGE('',*,*,#3416,.F.);
#2700=CARTESIAN_POINT('',(-2.675,-2.8,-16.3));
#2701=DIRECTION('',(0.0,1.184237892934E-14,-1.0));
#2702=DIRECTION('',(-1.0,0.0,0.0));
#2703=ORIENTED_EDGE('',*,*,#3429,.T.);
#2704=ORIENTED_EDGE('',*,*,#3430,.T.);
#2705=ORIENTED_EDGE('',*,*,#3419,.F.);
#2706=ORIENTED_EDGE('',*,*,#3417,.F.);
#2707=CARTESIAN_POINT('',(-2.675,-3.1,-16.3));
#2708=DIRECTION('',(0.0,-1.0,0.0));
#2709=DIRECTION('',(0.0,0.0,-1.0));
#2710=ORIENTED_EDGE('',*,*,#3430,.F.);
#2711=ORIENTED_EDGE('',*,*,#3428,.F.);
#2712=ORIENTED_EDGE('',*,*,#3426,.F.);
#2713=ORIENTED_EDGE('',*,*,#3424,.F.);
#2714=ORIENTED_EDGE('',*,*,#3422,.F.);
#2715=ORIENTED_EDGE('',*,*,#3420,.F.);
#2716=CARTESIAN_POINT('',(-1.525,0.0,0.0));
#2717=DIRECTION('',(-1.0,0.0,0.0));
#2718=DIRECTION('',(0.0,0.0,1.0));
#2719=ORIENTED_EDGE('',*,*,#3431,.T.);
#2720=ORIENTED_EDGE('',*,*,#3432,.T.);
#2721=ORIENTED_EDGE('',*,*,#3433,.T.);
#2722=ORIENTED_EDGE('',*,*,#3434,.T.);
#2723=ORIENTED_EDGE('',*,*,#3435,.T.);
#2724=ORIENTED_EDGE('',*,*,#3436,.T.);
#2725=CARTESIAN_POINT('',(1.525,0.0,0.0));
#2726=DIRECTION('',(-1.0,0.0,0.0));
#2727=DIRECTION('',(0.0,0.0,1.0));
#2728=ORIENTED_EDGE('',*,*,#3437,.T.);
#2729=ORIENTED_EDGE('',*,*,#3438,.T.);
#2730=ORIENTED_EDGE('',*,*,#3439,.F.);
#2731=ORIENTED_EDGE('',*,*,#3436,.F.);
#2732=CARTESIAN_POINT('',(1.525,3.1,-12.6));
#2733=DIRECTION('',(-0.0,1.0,0.0));
#2734=DIRECTION('',(1.0,0.0,0.0));
#2735=ORIENTED_EDGE('',*,*,#3439,.T.);
#2736=ORIENTED_EDGE('',*,*,#3440,.T.);
#2737=ORIENTED_EDGE('',*,*,#3441,.F.);
#2738=ORIENTED_EDGE('',*,*,#3431,.F.);
#2739=CARTESIAN_POINT('',(1.525,3.1,-16.3));
#2740=DIRECTION('',(0.0,0.0,-1.0));
#2741=DIRECTION('',(0.0,-1.0,0.0));
#2742=ORIENTED_EDGE('',*,*,#3441,.T.);
#2743=ORIENTED_EDGE('',*,*,#3442,.T.);
#2744=ORIENTED_EDGE('',*,*,#3443,.F.);
#2745=ORIENTED_EDGE('',*,*,#3432,.F.);
#2746=CARTESIAN_POINT('',(1.525,2.8,-16.3));
#2747=DIRECTION('',(0.0,-1.0,0.0));
#2748=DIRECTION('',(0.0,0.0,-1.0));
#2749=ORIENTED_EDGE('',*,*,#3443,.T.);
#2750=ORIENTED_EDGE('',*,*,#3444,.T.);
#2751=ORIENTED_EDGE('',*,*,#3445,.F.);
#2752=ORIENTED_EDGE('',*,*,#3433,.F.);
#2753=CARTESIAN_POINT('',(1.525,2.8,-15.4));
#2754=DIRECTION('',(0.0,0.0,-1.0));
#2755=DIRECTION('',(0.0,-1.0,0.0));
#2756=ORIENTED_EDGE('',*,*,#3445,.T.);
#2757=ORIENTED_EDGE('',*,*,#3446,.T.);
#2758=ORIENTED_EDGE('',*,*,#3447,.F.);
#2759=ORIENTED_EDGE('',*,*,#3434,.F.);
#2760=CARTESIAN_POINT('',(1.525,2.4,-15.4));
#2761=DIRECTION('',(0.0,-1.0,0.0));
#2762=DIRECTION('',(0.0,0.0,-1.0));
#2763=ORIENTED_EDGE('',*,*,#3447,.T.);
#2764=ORIENTED_EDGE('',*,*,#3448,.T.);
#2765=ORIENTED_EDGE('',*,*,#3437,.F.);
#2766=ORIENTED_EDGE('',*,*,#3435,.F.);
#2767=CARTESIAN_POINT('',(1.525,2.4,-12.6));
#2768=DIRECTION('',(0.0,0.0,1.0));
#2769=DIRECTION('',(1.0,0.0,0.0));
#2770=ORIENTED_EDGE('',*,*,#3448,.F.);
#2771=ORIENTED_EDGE('',*,*,#3446,.F.);
#2772=ORIENTED_EDGE('',*,*,#3444,.F.);
#2773=ORIENTED_EDGE('',*,*,#3442,.F.);
#2774=ORIENTED_EDGE('',*,*,#3440,.F.);
#2775=ORIENTED_EDGE('',*,*,#3438,.F.);
#2776=CARTESIAN_POINT('',(2.675,0.0,0.0));
#2777=DIRECTION('',(-1.0,0.0,0.0));
#2778=DIRECTION('',(0.0,0.0,1.0));
#2779=ORIENTED_EDGE('',*,*,#3449,.T.);
#2780=ORIENTED_EDGE('',*,*,#3450,.T.);
#2781=ORIENTED_EDGE('',*,*,#3451,.T.);
#2782=ORIENTED_EDGE('',*,*,#3452,.T.);
#2783=ORIENTED_EDGE('',*,*,#3453,.T.);
#2784=ORIENTED_EDGE('',*,*,#3454,.T.);
#2785=CARTESIAN_POINT('',(1.525,0.0,0.0));
#2786=DIRECTION('',(-1.0,0.0,0.0));
#2787=DIRECTION('',(0.0,0.0,1.0));
#2788=ORIENTED_EDGE('',*,*,#3455,.T.);
#2789=ORIENTED_EDGE('',*,*,#3456,.T.);
#2790=ORIENTED_EDGE('',*,*,#3457,.F.);
#2791=ORIENTED_EDGE('',*,*,#3454,.F.);
#2792=CARTESIAN_POINT('',(1.525,-3.1,-12.6));
#2793=DIRECTION('',(0.0,0.0,1.0));
#2794=DIRECTION('',(1.0,0.0,0.0));
#2795=ORIENTED_EDGE('',*,*,#3457,.T.);
#2796=ORIENTED_EDGE('',*,*,#3458,.T.);
#2797=ORIENTED_EDGE('',*,*,#3459,.F.);
#2798=ORIENTED_EDGE('',*,*,#3449,.F.);
#2799=CARTESIAN_POINT('',(1.525,-2.4,-12.6));
#2800=DIRECTION('',(-0.0,1.0,0.0));
#2801=DIRECTION('',(1.0,0.0,0.0));
#2802=ORIENTED_EDGE('',*,*,#3459,.T.);
#2803=ORIENTED_EDGE('',*,*,#3460,.T.);
#2804=ORIENTED_EDGE('',*,*,#3461,.F.);
#2805=ORIENTED_EDGE('',*,*,#3450,.F.);
#2806=CARTESIAN_POINT('',(1.525,-2.4,-15.4));
#2807=DIRECTION('',(0.0,0.0,-1.0));
#2808=DIRECTION('',(0.0,-1.0,0.0));
#2809=ORIENTED_EDGE('',*,*,#3461,.T.);
#2810=ORIENTED_EDGE('',*,*,#3462,.T.);
#2811=ORIENTED_EDGE('',*,*,#3463,.F.);
#2812=ORIENTED_EDGE('',*,*,#3451,.F.);
#2813=CARTESIAN_POINT('',(1.525,-2.8,-15.4));
#2814=DIRECTION('',(-0.0,1.0,0.0));
#2815=DIRECTION('',(1.0,0.0,0.0));
#2816=ORIENTED_EDGE('',*,*,#3463,.T.);
#2817=ORIENTED_EDGE('',*,*,#3464,.T.);
#2818=ORIENTED_EDGE('',*,*,#3465,.F.);
#2819=ORIENTED_EDGE('',*,*,#3452,.F.);
#2820=CARTESIAN_POINT('',(1.525,-2.8,-16.3));
#2821=DIRECTION('',(0.0,1.184237892934E-14,-1.0));
#2822=DIRECTION('',(-1.0,0.0,0.0));
#2823=ORIENTED_EDGE('',*,*,#3465,.T.);
#2824=ORIENTED_EDGE('',*,*,#3466,.T.);
#2825=ORIENTED_EDGE('',*,*,#3455,.F.);
#2826=ORIENTED_EDGE('',*,*,#3453,.F.);
#2827=CARTESIAN_POINT('',(1.525,-3.1,-16.3));
#2828=DIRECTION('',(0.0,-1.0,0.0));
#2829=DIRECTION('',(0.0,0.0,-1.0));
#2830=ORIENTED_EDGE('',*,*,#3466,.F.);
#2831=ORIENTED_EDGE('',*,*,#3464,.F.);
#2832=ORIENTED_EDGE('',*,*,#3462,.F.);
#2833=ORIENTED_EDGE('',*,*,#3460,.F.);
#2834=ORIENTED_EDGE('',*,*,#3458,.F.);
#2835=ORIENTED_EDGE('',*,*,#3456,.F.);
#2836=CARTESIAN_POINT('',(2.675,0.0,0.0));
#2837=DIRECTION('',(-1.0,0.0,0.0));
#2838=DIRECTION('',(0.0,0.0,1.0));
#2839=ORIENTED_EDGE('',*,*,#3467,.T.);
#2840=ORIENTED_EDGE('',*,*,#3468,.T.);
#2841=ORIENTED_EDGE('',*,*,#3469,.T.);
#2842=ORIENTED_EDGE('',*,*,#3470,.T.);
#2843=ORIENTED_EDGE('',*,*,#3471,.T.);
#2844=ORIENTED_EDGE('',*,*,#3472,.T.);
#2845=CARTESIAN_POINT('',(5.725,0.0,0.0));
#2846=DIRECTION('',(-1.0,0.0,0.0));
#2847=DIRECTION('',(0.0,0.0,1.0));
#2848=ORIENTED_EDGE('',*,*,#3473,.T.);
#2849=ORIENTED_EDGE('',*,*,#3474,.T.);
#2850=ORIENTED_EDGE('',*,*,#3475,.F.);
#2851=ORIENTED_EDGE('',*,*,#3472,.F.);
#2852=CARTESIAN_POINT('',(5.725,3.1,-12.6));
#2853=DIRECTION('',(-0.0,1.0,0.0));
#2854=DIRECTION('',(1.0,0.0,0.0));
#2855=ORIENTED_EDGE('',*,*,#3475,.T.);
#2856=ORIENTED_EDGE('',*,*,#3476,.T.);
#2857=ORIENTED_EDGE('',*,*,#3477,.F.);
#2858=ORIENTED_EDGE('',*,*,#3467,.F.);
#2859=CARTESIAN_POINT('',(5.725,3.1,-16.3));
#2860=DIRECTION('',(0.0,0.0,-1.0));
#2861=DIRECTION('',(0.0,-1.0,0.0));
#2862=ORIENTED_EDGE('',*,*,#3477,.T.);
#2863=ORIENTED_EDGE('',*,*,#3478,.T.);
#2864=ORIENTED_EDGE('',*,*,#3479,.F.);
#2865=ORIENTED_EDGE('',*,*,#3468,.F.);
#2866=CARTESIAN_POINT('',(5.725,2.8,-16.3));
#2867=DIRECTION('',(0.0,-1.0,0.0));
#2868=DIRECTION('',(0.0,0.0,-1.0));
#2869=ORIENTED_EDGE('',*,*,#3479,.T.);
#2870=ORIENTED_EDGE('',*,*,#3480,.T.);
#2871=ORIENTED_EDGE('',*,*,#3481,.F.);
#2872=ORIENTED_EDGE('',*,*,#3469,.F.);
#2873=CARTESIAN_POINT('',(5.725,2.8,-15.4));
#2874=DIRECTION('',(0.0,0.0,-1.0));
#2875=DIRECTION('',(0.0,-1.0,0.0));
#2876=ORIENTED_EDGE('',*,*,#3481,.T.);
#2877=ORIENTED_EDGE('',*,*,#3482,.T.);
#2878=ORIENTED_EDGE('',*,*,#3483,.F.);
#2879=ORIENTED_EDGE('',*,*,#3470,.F.);
#2880=CARTESIAN_POINT('',(5.725,2.4,-15.4));
#2881=DIRECTION('',(0.0,-1.0,0.0));
#2882=DIRECTION('',(0.0,0.0,-1.0));
#2883=ORIENTED_EDGE('',*,*,#3483,.T.);
#2884=ORIENTED_EDGE('',*,*,#3484,.T.);
#2885=ORIENTED_EDGE('',*,*,#3473,.F.);
#2886=ORIENTED_EDGE('',*,*,#3471,.F.);
#2887=CARTESIAN_POINT('',(5.725,2.4,-12.6));
#2888=DIRECTION('',(0.0,0.0,1.0));
#2889=DIRECTION('',(1.0,0.0,0.0));
#2890=ORIENTED_EDGE('',*,*,#3484,.F.);
#2891=ORIENTED_EDGE('',*,*,#3482,.F.);
#2892=ORIENTED_EDGE('',*,*,#3480,.F.);
#2893=ORIENTED_EDGE('',*,*,#3478,.F.);
#2894=ORIENTED_EDGE('',*,*,#3476,.F.);
#2895=ORIENTED_EDGE('',*,*,#3474,.F.);
#2896=CARTESIAN_POINT('',(6.875,0.0,0.0));
#2897=DIRECTION('',(-1.0,0.0,0.0));
#2898=DIRECTION('',(0.0,0.0,1.0));
#2899=ORIENTED_EDGE('',*,*,#3485,.T.);
#2900=ORIENTED_EDGE('',*,*,#3486,.T.);
#2901=ORIENTED_EDGE('',*,*,#3487,.T.);
#2902=ORIENTED_EDGE('',*,*,#3488,.T.);
#2903=ORIENTED_EDGE('',*,*,#3489,.T.);
#2904=ORIENTED_EDGE('',*,*,#3490,.T.);
#2905=CARTESIAN_POINT('',(5.725,0.0,0.0));
#2906=DIRECTION('',(-1.0,0.0,0.0));
#2907=DIRECTION('',(0.0,0.0,1.0));
#2908=ORIENTED_EDGE('',*,*,#3491,.T.);
#2909=ORIENTED_EDGE('',*,*,#3492,.T.);
#2910=ORIENTED_EDGE('',*,*,#3493,.F.);
#2911=ORIENTED_EDGE('',*,*,#3490,.F.);
#2912=CARTESIAN_POINT('',(5.725,-3.1,-12.6));
#2913=DIRECTION('',(0.0,0.0,1.0));
#2914=DIRECTION('',(1.0,0.0,0.0));
#2915=ORIENTED_EDGE('',*,*,#3493,.T.);
#2916=ORIENTED_EDGE('',*,*,#3494,.T.);
#2917=ORIENTED_EDGE('',*,*,#3495,.F.);
#2918=ORIENTED_EDGE('',*,*,#3485,.F.);
#2919=CARTESIAN_POINT('',(5.725,-2.4,-12.6));
#2920=DIRECTION('',(-0.0,1.0,0.0));
#2921=DIRECTION('',(1.0,0.0,0.0));
#2922=ORIENTED_EDGE('',*,*,#3495,.T.);
#2923=ORIENTED_EDGE('',*,*,#3496,.T.);
#2924=ORIENTED_EDGE('',*,*,#3497,.F.);
#2925=ORIENTED_EDGE('',*,*,#3486,.F.);
#2926=CARTESIAN_POINT('',(5.725,-2.4,-15.4));
#2927=DIRECTION('',(0.0,0.0,-1.0));
#2928=DIRECTION('',(0.0,-1.0,0.0));
#2929=ORIENTED_EDGE('',*,*,#3497,.T.);
#2930=ORIENTED_EDGE('',*,*,#3498,.T.);
#2931=ORIENTED_EDGE('',*,*,#3499,.F.);
#2932=ORIENTED_EDGE('',*,*,#3487,.F.);
#2933=CARTESIAN_POINT('',(5.725,-2.8,-15.4));
#2934=DIRECTION('',(-0.0,1.0,0.0));
#2935=DIRECTION('',(1.0,0.0,0.0));
#2936=ORIENTED_EDGE('',*,*,#3499,.T.);
#2937=ORIENTED_EDGE('',*,*,#3500,.T.);
#2938=ORIENTED_EDGE('',*,*,#3501,.F.);
#2939=ORIENTED_EDGE('',*,*,#3488,.F.);
#2940=CARTESIAN_POINT('',(5.725,-2.8,-16.3));
#2941=DIRECTION('',(0.0,1.184237892934E-14,-1.0));
#2942=DIRECTION('',(-1.0,0.0,0.0));
#2943=ORIENTED_EDGE('',*,*,#3501,.T.);
#2944=ORIENTED_EDGE('',*,*,#3502,.T.);
#2945=ORIENTED_EDGE('',*,*,#3491,.F.);
#2946=ORIENTED_EDGE('',*,*,#3489,.F.);
#2947=CARTESIAN_POINT('',(5.725,-3.1,-16.3));
#2948=DIRECTION('',(0.0,-1.0,0.0));
#2949=DIRECTION('',(0.0,0.0,-1.0));
#2950=ORIENTED_EDGE('',*,*,#3502,.F.);
#2951=ORIENTED_EDGE('',*,*,#3500,.F.);
#2952=ORIENTED_EDGE('',*,*,#3498,.F.);
#2953=ORIENTED_EDGE('',*,*,#3496,.F.);
#2954=ORIENTED_EDGE('',*,*,#3494,.F.);
#2955=ORIENTED_EDGE('',*,*,#3492,.F.);
#2956=CARTESIAN_POINT('',(6.875,0.0,0.0));
#2957=DIRECTION('',(-1.0,0.0,0.0));
#2958=DIRECTION('',(0.0,0.0,1.0));
#2959=EDGE_CURVE('',#3503,#3504,#3505,.T.);
#2960=EDGE_CURVE('',#3506,#3503,#3507,.T.);
#2961=EDGE_CURVE('',#3506,#3508,#3509,.T.);
#2962=EDGE_CURVE('',#3508,#3504,#3510,.T.);
#2963=EDGE_CURVE('',#3511,#3512,#3513,.T.);
#2964=EDGE_CURVE('',#3514,#3511,#3515,.T.);
#2965=EDGE_CURVE('',#3514,#3516,#3517,.T.);
#2966=EDGE_CURVE('',#3512,#3516,#3518,.T.);
#2967=EDGE_CURVE('',#3519,#3520,#3521,.T.);
#2968=EDGE_CURVE('',#3504,#3519,#3522,.T.);
#2969=EDGE_CURVE('',#3523,#3508,#3524,.T.);
#2970=EDGE_CURVE('',#3520,#3523,#3525,.T.);
#2971=EDGE_CURVE('',#3526,#3527,#3528,.T.);
#2972=EDGE_CURVE('',#3529,#3526,#3530,.T.);
#2973=EDGE_CURVE('',#3529,#3531,#3532,.T.);
#2974=EDGE_CURVE('',#3531,#3533,#3534,.T.);
#2975=EDGE_CURVE('',#3535,#3533,#3536,.T.);
#2976=EDGE_CURVE('',#3535,#3537,#3538,.T.);
#2977=EDGE_CURVE('',#3539,#3537,#3540,.T.);
#2978=EDGE_CURVE('',#3541,#3539,#3542,.T.);
#2979=EDGE_CURVE('',#3543,#3541,#3544,.T.);
#2980=EDGE_CURVE('',#3543,#3545,#3546,.T.);
#2981=EDGE_CURVE('',#3547,#3545,#3548,.T.);
#2982=EDGE_CURVE('',#3549,#3547,#3550,.T.);
#2983=EDGE_CURVE('',#3551,#3549,#3552,.T.);
#2984=EDGE_CURVE('',#3551,#3553,#3554,.T.);
#2985=EDGE_CURVE('',#3555,#3553,#3556,.T.);
#2986=EDGE_CURVE('',#3527,#3555,#3557,.T.);
#2987=EDGE_CURVE('',#3558,#3559,#3560,.T.);
#2988=EDGE_CURVE('',#3558,#3561,#3562,.T.);
#2989=EDGE_CURVE('',#3563,#3561,#3564,.T.);
#2990=EDGE_CURVE('',#3565,#3563,#3566,.T.);
#2991=EDGE_CURVE('',#3512,#3565,#3567,.T.);
#2992=EDGE_CURVE('',#3568,#3516,#3569,.T.);
#2993=EDGE_CURVE('',#3570,#3568,#3571,.T.);
#2994=EDGE_CURVE('',#3572,#3570,#3573,.T.);
#2995=EDGE_CURVE('',#3572,#3574,#3575,.T.);
#2996=EDGE_CURVE('',#3576,#3574,#3577,.T.);
#2997=EDGE_CURVE('',#3578,#3576,#3579,.T.);
#2998=EDGE_CURVE('',#3580,#3578,#3581,.T.);
#2999=EDGE_CURVE('',#3580,#3582,#3583,.T.);
#3000=EDGE_CURVE('',#3584,#3582,#3585,.T.);
#3001=EDGE_CURVE('',#3559,#3584,#3586,.T.);
#3002=EDGE_CURVE('',#3587,#3588,#3589,.T.);
#3003=EDGE_CURVE('',#3587,#3590,#3591,.T.);
#3004=EDGE_CURVE('',#3590,#3592,#3593,.T.);
#3005=EDGE_CURVE('',#3594,#3592,#3595,.T.);
#3006=EDGE_CURVE('',#3594,#3520,#3596,.T.);
#3007=EDGE_CURVE('',#3597,#3523,#3598,.T.);
#3008=EDGE_CURVE('',#3599,#3597,#3600,.T.);
#3009=EDGE_CURVE('',#3601,#3599,#3602,.T.);
#3010=EDGE_CURVE('',#3601,#3603,#3604,.T.);
#3011=EDGE_CURVE('',#3603,#3605,#3606,.T.);
#3012=EDGE_CURVE('',#3607,#3605,#3608,.T.);
#3013=EDGE_CURVE('',#3607,#3609,#3610,.T.);
#3014=EDGE_CURVE('',#3611,#3609,#3612,.T.);
#3015=EDGE_CURVE('',#3613,#3611,#3614,.T.);
#3016=EDGE_CURVE('',#3588,#3613,#3615,.T.);
#3017=EDGE_CURVE('',#3605,#3616,#3617,.T.);
#3018=EDGE_CURVE('',#3616,#3618,#3619,.T.);
#3019=EDGE_CURVE('',#3607,#3618,#3620,.T.);
#3020=EDGE_CURVE('',#3621,#3622,#3623,.T.);
#3021=EDGE_CURVE('',#3624,#3622,#3625,.T.);
#3022=EDGE_CURVE('',#3624,#3626,#3627,.T.);
#3023=EDGE_CURVE('',#3621,#3626,#3628,.T.);
#3024=EDGE_CURVE('',#3629,#3630,#3631,.T.);
#3025=EDGE_CURVE('',#3588,#3630,#3632,.T.);
#3026=EDGE_CURVE('',#3613,#3629,#3633,.T.);
#3027=EDGE_CURVE('',#3634,#3635,#3636,.T.);
#3028=EDGE_CURVE('',#3635,#3637,#3638,.T.);
#3029=EDGE_CURVE('',#3637,#3639,#3640,.T.);
#3030=EDGE_CURVE('',#3639,#3634,#3641,.T.);
#3031=EDGE_CURVE('',#3529,#3621,#3642,.T.);
#3032=EDGE_CURVE('',#3626,#3643,#3644,.T.);
#3033=EDGE_CURVE('',#3609,#3643,#3645,.T.);
#3034=EDGE_CURVE('',#3531,#3618,#3646,.T.);
#3035=EDGE_CURVE('',#3647,#3616,#3648,.T.);
#3036=EDGE_CURVE('',#3647,#3649,#3650,.T.);
#3037=EDGE_CURVE('',#3533,#3649,#3651,.T.);
#3038=EDGE_CURVE('',#3652,#3572,#3653,.T.);
#3039=EDGE_CURVE('',#3652,#3654,#3655,.T.);
#3040=EDGE_CURVE('',#3654,#3630,#3656,.T.);
#3041=EDGE_CURVE('',#3574,#3629,#3657,.T.);
#3042=EDGE_CURVE('',#3658,#3549,#3659,.T.);
#3043=EDGE_CURVE('',#3660,#3658,#3661,.T.);
#3044=EDGE_CURVE('',#3660,#3543,#3662,.T.);
#3045=EDGE_CURVE('',#3663,#3541,#3664,.T.);
#3046=EDGE_CURVE('',#3665,#3663,#3666,.T.);
#3047=EDGE_CURVE('',#3665,#3535,#3667,.T.);
#3048=EDGE_CURVE('',#3649,#3668,#3669,.T.);
#3049=EDGE_CURVE('',#3668,#3670,#3671,.T.);
#3050=EDGE_CURVE('',#3672,#3670,#3673,.T.);
#3051=EDGE_CURVE('',#3674,#3672,#3675,.T.);
#3052=EDGE_CURVE('',#3674,#3676,#3677,.T.);
#3053=EDGE_CURVE('',#3676,#3526,#3678,.T.);
#3054=EDGE_CURVE('',#3679,#3527,#3680,.T.);
#3055=EDGE_CURVE('',#3681,#3679,#3682,.T.);
#3056=EDGE_CURVE('',#3681,#3551,#3683,.T.);
#3057=EDGE_CURVE('',#3684,#3681,#3685,.T.);
#3058=EDGE_CURVE('',#3684,#3553,#3686,.T.);
#3059=EDGE_CURVE('',#3687,#3684,#3688,.T.);
#3060=EDGE_CURVE('',#3687,#3555,#3689,.T.);
#3061=EDGE_CURVE('',#3679,#3687,#3690,.T.);
#3062=EDGE_CURVE('',#3691,#3692,#3693,.T.);
#3063=EDGE_CURVE('',#3692,#3694,#3695,.T.);
#3064=EDGE_CURVE('',#3694,#3696,#3697,.T.);
#3065=EDGE_CURVE('',#3696,#3691,#3698,.T.);
#3066=EDGE_CURVE('',#3699,#3578,#3700,.T.);
#3067=EDGE_CURVE('',#3699,#3701,#3702,.T.);
#3068=EDGE_CURVE('',#3701,#3703,#3704,.T.);
#3069=EDGE_CURVE('',#3705,#3703,#3706,.T.);
#3070=EDGE_CURVE('',#3705,#3707,#3708,.T.);
#3071=EDGE_CURVE('',#3709,#3707,#3710,.T.);
#3072=EDGE_CURVE('',#3711,#3709,#3712,.T.);
#3073=EDGE_CURVE('',#3713,#3711,#3714,.T.);
#3074=EDGE_CURVE('',#3713,#3715,#3716,.T.);
#3075=EDGE_CURVE('',#3715,#3652,#3717,.T.);
#3076=EDGE_CURVE('',#3718,#3570,#3719,.T.);
#3077=EDGE_CURVE('',#3511,#3718,#3720,.T.);
#3078=EDGE_CURVE('',#3721,#3565,#3722,.T.);
#3079=EDGE_CURVE('',#3723,#3721,#3724,.T.);
#3080=EDGE_CURVE('',#3723,#3558,#3725,.T.);
#3081=EDGE_CURVE('',#3691,#3559,#3726,.T.);
#3082=EDGE_CURVE('',#3696,#3580,#3727,.T.);
#3083=EDGE_CURVE('',#3694,#3582,#3728,.T.);
#3084=EDGE_CURVE('',#3692,#3584,#3729,.T.);
#3085=EDGE_CURVE('',#3730,#3723,#3731,.T.);
#3086=EDGE_CURVE('',#3730,#3561,#3732,.T.);
#3087=EDGE_CURVE('',#3733,#3730,#3734,.T.);
#3088=EDGE_CURVE('',#3733,#3563,#3735,.T.);
#3089=EDGE_CURVE('',#3721,#3733,#3736,.T.);
#3090=EDGE_CURVE('',#3737,#3738,#3739,.T.);
#3091=EDGE_CURVE('',#3738,#3660,#3740,.T.);
#3092=EDGE_CURVE('',#3658,#3737,#3741,.T.);
#3093=EDGE_CURVE('',#3737,#3547,#3742,.T.);
#3094=EDGE_CURVE('',#3738,#3545,#3743,.T.);
#3095=EDGE_CURVE('',#3744,#3745,#3746,.T.);
#3096=EDGE_CURVE('',#3745,#3665,#3747,.T.);
#3097=EDGE_CURVE('',#3663,#3744,#3748,.T.);
#3098=EDGE_CURVE('',#3718,#3749,#3750,.T.);
#3099=EDGE_CURVE('',#3749,#3514,#3751,.T.);
#3100=EDGE_CURVE('',#3744,#3539,#3752,.T.);
#3101=EDGE_CURVE('',#3745,#3537,#3753,.T.);
#3102=EDGE_CURVE('',#3749,#3568,#3754,.T.);
#3103=EDGE_CURVE('',#3676,#3755,#3756,.T.);
#3104=EDGE_CURVE('',#3757,#3674,#3758,.T.);
#3105=EDGE_CURVE('',#3759,#3757,#3760,.T.);
#3106=EDGE_CURVE('',#3755,#3759,#3761,.T.);
#3107=EDGE_CURVE('',#3762,#3763,#3764,.T.);
#3108=EDGE_CURVE('',#3765,#3762,#3766,.T.);
#3109=EDGE_CURVE('',#3701,#3765,#3767,.T.);
#3110=EDGE_CURVE('',#3763,#3699,#3768,.T.);
#3111=EDGE_CURVE('',#3603,#3647,#3769,.T.);
#3112=EDGE_CURVE('',#3668,#3601,#3770,.T.);
#3113=EDGE_CURVE('',#3590,#3715,#3771,.T.);
#3114=EDGE_CURVE('',#3654,#3587,#3772,.T.);
#3115=EDGE_CURVE('',#3755,#3622,#3773,.T.);
#3116=EDGE_CURVE('',#3759,#3624,#3774,.T.);
#3117=EDGE_CURVE('',#3757,#3775,#3776,.T.);
#3118=EDGE_CURVE('',#3777,#3775,#3778,.T.);
#3119=EDGE_CURVE('',#3777,#3765,#3779,.T.);
#3120=EDGE_CURVE('',#3762,#3635,#3780,.T.);
#3121=EDGE_CURVE('',#3634,#3781,#3782,.T.);
#3122=EDGE_CURVE('',#3643,#3781,#3783,.T.);
#3123=EDGE_CURVE('',#3781,#3611,#3784,.T.);
#3124=EDGE_CURVE('',#3576,#3639,#3785,.T.);
#3125=EDGE_CURVE('',#3763,#3637,#3786,.T.);
#3126=EDGE_CURVE('',#3703,#3777,#3787,.T.);
#3127=EDGE_CURVE('',#3775,#3672,#3788,.T.);
#3128=EDGE_CURVE('',#3670,#3599,#3789,.T.);
#3129=EDGE_CURVE('',#3597,#3506,#3790,.T.);
#3130=EDGE_CURVE('',#3503,#3791,#3792,.T.);
#3131=EDGE_CURVE('',#3791,#3594,#3793,.T.);
#3132=EDGE_CURVE('',#3592,#3713,#3794,.T.);
#3133=EDGE_CURVE('',#3705,#3711,#3795,.T.);
#3134=EDGE_CURVE('',#3796,#3797,#3798,.T.);
#3135=EDGE_CURVE('',#3799,#3796,#3800,.T.);
#3136=EDGE_CURVE('',#3801,#3799,#3802,.T.);
#3137=EDGE_CURVE('',#3797,#3801,#3803,.T.);
#3138=EDGE_CURVE('',#3804,#3805,#3806,.T.);
#3139=EDGE_CURVE('',#3807,#3804,#3808,.T.);
#3140=EDGE_CURVE('',#3809,#3807,#3810,.T.);
#3141=EDGE_CURVE('',#3805,#3809,#3811,.T.);
#3142=EDGE_CURVE('',#3812,#3813,#3814,.T.);
#3143=EDGE_CURVE('',#3815,#3812,#3816,.T.);
#3144=EDGE_CURVE('',#3817,#3815,#3818,.T.);
#3145=EDGE_CURVE('',#3813,#3817,#3819,.T.);
#3146=EDGE_CURVE('',#3820,#3821,#3822,.T.);
#3147=EDGE_CURVE('',#3823,#3820,#3824,.T.);
#3148=EDGE_CURVE('',#3823,#3825,#3826,.T.);
#3149=EDGE_CURVE('',#3821,#3825,#3827,.T.);
#3150=EDGE_CURVE('',#3828,#3829,#3830,.T.);
#3151=EDGE_CURVE('',#3831,#3828,#3832,.T.);
#3152=EDGE_CURVE('',#3831,#3833,#3834,.T.);
#3153=EDGE_CURVE('',#3835,#3833,#3836,.T.);
#3154=EDGE_CURVE('',#3835,#3837,#3838,.T.);
#3155=EDGE_CURVE('',#3829,#3837,#3839,.T.);
#3156=EDGE_CURVE('',#3840,#3841,#3842,.T.);
#3157=EDGE_CURVE('',#3843,#3841,#3844,.T.);
#3158=EDGE_CURVE('',#3843,#3845,#3846,.T.);
#3159=EDGE_CURVE('',#3847,#3845,#3848,.T.);
#3160=EDGE_CURVE('',#3847,#3849,#3850,.T.);
#3161=EDGE_CURVE('',#3840,#3849,#3851,.T.);
#3162=EDGE_CURVE('',#3852,#3853,#3854,.T.);
#3163=EDGE_CURVE('',#3855,#3852,#3856,.T.);
#3164=EDGE_CURVE('',#3855,#3857,#3858,.T.);
#3165=EDGE_CURVE('',#3859,#3857,#3860,.T.);
#3166=EDGE_CURVE('',#3859,#3861,#3862,.T.);
#3167=EDGE_CURVE('',#3853,#3861,#3863,.T.);
#3168=EDGE_CURVE('',#3864,#3865,#3866,.T.);
#3169=EDGE_CURVE('',#3867,#3864,#3868,.T.);
#3170=EDGE_CURVE('',#3867,#3869,#3870,.T.);
#3171=EDGE_CURVE('',#3871,#3869,#3872,.T.);
#3172=EDGE_CURVE('',#3871,#3873,#3874,.T.);
#3173=EDGE_CURVE('',#3865,#3873,#3875,.T.);
#3174=EDGE_CURVE('',#3711,#3876,#3877,.T.);
#3175=EDGE_CURVE('',#3876,#3878,#3879,.T.);
#3176=EDGE_CURVE('',#3705,#3878,#3880,.T.);
#3177=EDGE_CURVE('',#3878,#3881,#3882,.T.);
#3178=EDGE_CURVE('',#3881,#3707,#3883,.T.);
#3179=EDGE_CURVE('',#3884,#3881,#3885,.T.);
#3180=EDGE_CURVE('',#3884,#3709,#3886,.T.);
#3181=EDGE_CURVE('',#3876,#3884,#3887,.T.);
#3182=EDGE_CURVE('',#3791,#3519,#3888,.T.);
#3183=EDGE_CURVE('',#3801,#3889,#3890,.T.);
#3184=EDGE_CURVE('',#3891,#3889,#3892,.T.);
#3185=EDGE_CURVE('',#3797,#3891,#3893,.T.);
#3186=EDGE_CURVE('',#3894,#3891,#3895,.T.);
#3187=EDGE_CURVE('',#3796,#3894,#3896,.T.);
#3188=EDGE_CURVE('',#3897,#3894,#3898,.T.);
#3189=EDGE_CURVE('',#3799,#3897,#3899,.T.);
#3190=EDGE_CURVE('',#3889,#3897,#3900,.T.);
#3191=EDGE_CURVE('',#3901,#3902,#3903,.T.);
#3192=EDGE_CURVE('',#3904,#3901,#3905,.T.);
#3193=EDGE_CURVE('',#3904,#3906,#3907,.T.);
#3194=EDGE_CURVE('',#3906,#3902,#3908,.T.);
#3195=EDGE_CURVE('',#3909,#3910,#3911,.T.);
#3196=EDGE_CURVE('',#3910,#3912,#3913,.T.);
#3197=EDGE_CURVE('',#3912,#3914,#3915,.T.);
#3198=EDGE_CURVE('',#3916,#3914,#3917,.T.);
#3199=EDGE_CURVE('',#3916,#3918,#3919,.T.);
#3200=EDGE_CURVE('',#3909,#3918,#3920,.T.);
#3201=EDGE_CURVE('',#3921,#3922,#3923,.T.);
#3202=EDGE_CURVE('',#3924,#3921,#3925,.T.);
#3203=EDGE_CURVE('',#3924,#3926,#3927,.T.);
#3204=EDGE_CURVE('',#3922,#3926,#3928,.T.);
#3205=EDGE_CURVE('',#3918,#3833,#3929,.T.);
#3206=EDGE_CURVE('',#3909,#3831,#3930,.T.);
#3207=EDGE_CURVE('',#3828,#3910,#3931,.T.);
#3208=EDGE_CURVE('',#3829,#3912,#3932,.T.);
#3209=EDGE_CURVE('',#3914,#3837,#3933,.T.);
#3210=EDGE_CURVE('',#3916,#3835,#3934,.T.);
#3211=EDGE_CURVE('',#3926,#3935,#3936,.T.);
#3212=EDGE_CURVE('',#3937,#3935,#3938,.T.);
#3213=EDGE_CURVE('',#3937,#3922,#3939,.T.);
#3214=EDGE_CURVE('',#3906,#3940,#3941,.T.);
#3215=EDGE_CURVE('',#3942,#3940,#3943,.T.);
#3216=EDGE_CURVE('',#3942,#3902,#3944,.T.);
#3217=EDGE_CURVE('',#3937,#3945,#3946,.T.);
#3218=EDGE_CURVE('',#3945,#3921,#3947,.T.);
#3219=EDGE_CURVE('',#3945,#3948,#3949,.T.);
#3220=EDGE_CURVE('',#3924,#3948,#3950,.T.);
#3221=EDGE_CURVE('',#3951,#3901,#3952,.T.);
#3222=EDGE_CURVE('',#3951,#3953,#3954,.T.);
#3223=EDGE_CURVE('',#3904,#3953,#3955,.T.);
#3224=EDGE_CURVE('',#3935,#3948,#3956,.T.);
#3225=EDGE_CURVE('',#3940,#3953,#3957,.T.);
#3226=EDGE_CURVE('',#3942,#3951,#3958,.T.);
#3227=EDGE_CURVE('',#3809,#3959,#3960,.T.);
#3228=EDGE_CURVE('',#3961,#3959,#3962,.T.);
#3229=EDGE_CURVE('',#3805,#3961,#3963,.T.);
#3230=EDGE_CURVE('',#3964,#3961,#3965,.T.);
#3231=EDGE_CURVE('',#3804,#3964,#3966,.T.);
#3232=EDGE_CURVE('',#3967,#3964,#3968,.T.);
#3233=EDGE_CURVE('',#3807,#3967,#3969,.T.);
#3234=EDGE_CURVE('',#3959,#3967,#3970,.T.);
#3235=EDGE_CURVE('',#3971,#3972,#3973,.T.);
#3236=EDGE_CURVE('',#3974,#3971,#3975,.T.);
#3237=EDGE_CURVE('',#3974,#3976,#3977,.T.);
#3238=EDGE_CURVE('',#3976,#3972,#3978,.T.);
#3239=EDGE_CURVE('',#3979,#3980,#3981,.T.);
#3240=EDGE_CURVE('',#3980,#3982,#3983,.T.);
#3241=EDGE_CURVE('',#3982,#3984,#3985,.T.);
#3242=EDGE_CURVE('',#3986,#3984,#3987,.T.);
#3243=EDGE_CURVE('',#3986,#3988,#3989,.T.);
#3244=EDGE_CURVE('',#3979,#3988,#3990,.T.);
#3245=EDGE_CURVE('',#3991,#3992,#3993,.T.);
#3246=EDGE_CURVE('',#3994,#3991,#3995,.T.);
#3247=EDGE_CURVE('',#3994,#3996,#3997,.T.);
#3248=EDGE_CURVE('',#3996,#3992,#3998,.T.);
#3249=EDGE_CURVE('',#3988,#3857,#3999,.T.);
#3250=EDGE_CURVE('',#3979,#3855,#4000,.T.);
#3251=EDGE_CURVE('',#3852,#3980,#4001,.T.);
#3252=EDGE_CURVE('',#3853,#3982,#4002,.T.);
#3253=EDGE_CURVE('',#3984,#3861,#4003,.T.);
#3254=EDGE_CURVE('',#3986,#3859,#4004,.T.);
#3255=EDGE_CURVE('',#3976,#4005,#4006,.T.);
#3256=EDGE_CURVE('',#4005,#4007,#4008,.T.);
#3257=EDGE_CURVE('',#4007,#3972,#4009,.T.);
#3258=EDGE_CURVE('',#3996,#4010,#4011,.T.);
#3259=EDGE_CURVE('',#4010,#4012,#4013,.T.);
#3260=EDGE_CURVE('',#4012,#3992,#4014,.T.);
#3261=EDGE_CURVE('',#4007,#4015,#4016,.T.);
#3262=EDGE_CURVE('',#4015,#3971,#4017,.T.);
#3263=EDGE_CURVE('',#4018,#4015,#4019,.T.);
#3264=EDGE_CURVE('',#3974,#4018,#4020,.T.);
#3265=EDGE_CURVE('',#4021,#3991,#4022,.T.);
#3266=EDGE_CURVE('',#4023,#4021,#4024,.T.);
#3267=EDGE_CURVE('',#3994,#4023,#4025,.T.);
#3268=EDGE_CURVE('',#4005,#4018,#4026,.T.);
#3269=EDGE_CURVE('',#4010,#4023,#4027,.T.);
#3270=EDGE_CURVE('',#4012,#4021,#4028,.T.);
#3271=EDGE_CURVE('',#3817,#4029,#4030,.T.);
#3272=EDGE_CURVE('',#4031,#4029,#4032,.T.);
#3273=EDGE_CURVE('',#3813,#4031,#4033,.T.);
#3274=EDGE_CURVE('',#4034,#4031,#4035,.T.);
#3275=EDGE_CURVE('',#3812,#4034,#4036,.T.);
#3276=EDGE_CURVE('',#4037,#4034,#4038,.T.);
#3277=EDGE_CURVE('',#3815,#4037,#4039,.T.);
#3278=EDGE_CURVE('',#4029,#4037,#4040,.T.);
#3279=EDGE_CURVE('',#4041,#4042,#4043,.T.);
#3280=EDGE_CURVE('',#4044,#4041,#4045,.T.);
#3281=EDGE_CURVE('',#4044,#4046,#4047,.T.);
#3282=EDGE_CURVE('',#4046,#4042,#4048,.T.);
#3283=EDGE_CURVE('',#4049,#4050,#4051,.T.);
#3284=EDGE_CURVE('',#4050,#4052,#4053,.T.);
#3285=EDGE_CURVE('',#4052,#4054,#4055,.T.);
#3286=EDGE_CURVE('',#4056,#4054,#4057,.T.);
#3287=EDGE_CURVE('',#4056,#4058,#4059,.T.);
#3288=EDGE_CURVE('',#4049,#4058,#4060,.T.);
#3289=EDGE_CURVE('',#4061,#4062,#4063,.T.);
#3290=EDGE_CURVE('',#4064,#4061,#4065,.T.);
#3291=EDGE_CURVE('',#4064,#4066,#4067,.T.);
#3292=EDGE_CURVE('',#4066,#4062,#4068,.T.);
#3293=EDGE_CURVE('',#4058,#3869,#4069,.T.);
#3294=EDGE_CURVE('',#4049,#3867,#4070,.T.);
#3295=EDGE_CURVE('',#3864,#4050,#4071,.T.);
#3296=EDGE_CURVE('',#3865,#4052,#4072,.T.);
#3297=EDGE_CURVE('',#4054,#3873,#4073,.T.);
#3298=EDGE_CURVE('',#4056,#3871,#4074,.T.);
#3299=EDGE_CURVE('',#4046,#4075,#4076,.T.);
#3300=EDGE_CURVE('',#4075,#4077,#4078,.T.);
#3301=EDGE_CURVE('',#4077,#4042,#4079,.T.);
#3302=EDGE_CURVE('',#4066,#4080,#4081,.T.);
#3303=EDGE_CURVE('',#4080,#4082,#4083,.T.);
#3304=EDGE_CURVE('',#4082,#4062,#4084,.T.);
#3305=EDGE_CURVE('',#4077,#4085,#4086,.T.);
#3306=EDGE_CURVE('',#4085,#4041,#4087,.T.);
#3307=EDGE_CURVE('',#4088,#4085,#4089,.T.);
#3308=EDGE_CURVE('',#4044,#4088,#4090,.T.);
#3309=EDGE_CURVE('',#4091,#4061,#4092,.T.);
#3310=EDGE_CURVE('',#4093,#4091,#4094,.T.);
#3311=EDGE_CURVE('',#4064,#4093,#4095,.T.);
#3312=EDGE_CURVE('',#4075,#4088,#4096,.T.);
#3313=EDGE_CURVE('',#4080,#4093,#4097,.T.);
#3314=EDGE_CURVE('',#4082,#4091,#4098,.T.);
#3315=EDGE_CURVE('',#3825,#4099,#4100,.T.);
#3316=EDGE_CURVE('',#4101,#4099,#4102,.T.);
#3317=EDGE_CURVE('',#3821,#4101,#4103,.T.);
#3318=EDGE_CURVE('',#4104,#4101,#4105,.T.);
#3319=EDGE_CURVE('',#3820,#4104,#4106,.T.);
#3320=EDGE_CURVE('',#4107,#4104,#4108,.T.);
#3321=EDGE_CURVE('',#3823,#4107,#4109,.T.);
#3322=EDGE_CURVE('',#4099,#4107,#4110,.T.);
#3323=EDGE_CURVE('',#4111,#4112,#4113,.T.);
#3324=EDGE_CURVE('',#4114,#4111,#4115,.T.);
#3325=EDGE_CURVE('',#4114,#4116,#4117,.T.);
#3326=EDGE_CURVE('',#4116,#4112,#4118,.T.);
#3327=EDGE_CURVE('',#4119,#4120,#4121,.T.);
#3328=EDGE_CURVE('',#4120,#4122,#4123,.T.);
#3329=EDGE_CURVE('',#4122,#4124,#4125,.T.);
#3330=EDGE_CURVE('',#4126,#4124,#4127,.T.);
#3331=EDGE_CURVE('',#4126,#4128,#4129,.T.);
#3332=EDGE_CURVE('',#4119,#4128,#4130,.T.);
#3333=EDGE_CURVE('',#4131,#4132,#4133,.T.);
#3334=EDGE_CURVE('',#4134,#4131,#4135,.T.);
#3335=EDGE_CURVE('',#4134,#4136,#4137,.T.);
#3336=EDGE_CURVE('',#4136,#4132,#4138,.T.);
#3337=EDGE_CURVE('',#4128,#3845,#4139,.T.);
#3338=EDGE_CURVE('',#4119,#3843,#4140,.T.);
#3339=EDGE_CURVE('',#3841,#4120,#4141,.T.);
#3340=EDGE_CURVE('',#3840,#4122,#4142,.T.);
#3341=EDGE_CURVE('',#4124,#3849,#4143,.T.);
#3342=EDGE_CURVE('',#4126,#3847,#4144,.T.);
#3343=EDGE_CURVE('',#4136,#4145,#4146,.T.);
#3344=EDGE_CURVE('',#4145,#4147,#4148,.T.);
#3345=EDGE_CURVE('',#4147,#4132,#4149,.T.);
#3346=EDGE_CURVE('',#4116,#4150,#4151,.T.);
#3347=EDGE_CURVE('',#4150,#4152,#4153,.T.);
#3348=EDGE_CURVE('',#4152,#4112,#4154,.T.);
#3349=EDGE_CURVE('',#4147,#4155,#4156,.T.);
#3350=EDGE_CURVE('',#4155,#4131,#4157,.T.);
#3351=EDGE_CURVE('',#4158,#4155,#4159,.T.);
#3352=EDGE_CURVE('',#4134,#4158,#4160,.T.);
#3353=EDGE_CURVE('',#4161,#4111,#4162,.T.);
#3354=EDGE_CURVE('',#4163,#4161,#4164,.T.);
#3355=EDGE_CURVE('',#4114,#4163,#4165,.T.);
#3356=EDGE_CURVE('',#4145,#4158,#4166,.T.);
#3357=EDGE_CURVE('',#4150,#4163,#4167,.T.);
#3358=EDGE_CURVE('',#4152,#4161,#4168,.T.);
#3359=EDGE_CURVE('',#4169,#4170,#4171,.T.);
#3360=EDGE_CURVE('',#4172,#4169,#4173,.T.);
#3361=EDGE_CURVE('',#4174,#4172,#4175,.T.);
#3362=EDGE_CURVE('',#4176,#4174,#4177,.T.);
#3363=EDGE_CURVE('',#4176,#4178,#4179,.T.);
#3364=EDGE_CURVE('',#4170,#4178,#4180,.T.);
#3365=EDGE_CURVE('',#4178,#4181,#4182,.T.);
#3366=EDGE_CURVE('',#4183,#4181,#4184,.T.);
#3367=EDGE_CURVE('',#4183,#4170,#4185,.T.);
#3368=EDGE_CURVE('',#4186,#4183,#4187,.T.);
#3369=EDGE_CURVE('',#4186,#4169,#4188,.T.);
#3370=EDGE_CURVE('',#4189,#4186,#4190,.T.);
#3371=EDGE_CURVE('',#4189,#4172,#4191,.T.);
#3372=EDGE_CURVE('',#4192,#4189,#4193,.T.);
#3373=EDGE_CURVE('',#4192,#4174,#4194,.T.);
#3374=EDGE_CURVE('',#4195,#4192,#4196,.T.);
#3375=EDGE_CURVE('',#4176,#4195,#4197,.T.);
#3376=EDGE_CURVE('',#4195,#4181,#4198,.T.);
#3377=EDGE_CURVE('',#4199,#4200,#4201,.T.);
#3378=EDGE_CURVE('',#4200,#4202,#4203,.T.);
#3379=EDGE_CURVE('',#4202,#4204,#4205,.T.);
#3380=EDGE_CURVE('',#4204,#4206,#4207,.T.);
#3381=EDGE_CURVE('',#4206,#4208,#4209,.T.);
#3382=EDGE_CURVE('',#4208,#4199,#4210,.T.);
#3383=EDGE_CURVE('',#4208,#4211,#4212,.T.);
#3384=EDGE_CURVE('',#4211,#4213,#4214,.T.);
#3385=EDGE_CURVE('',#4199,#4213,#4215,.T.);
#3386=EDGE_CURVE('',#4213,#4216,#4217,.T.);
#3387=EDGE_CURVE('',#4200,#4216,#4218,.T.);
#3388=EDGE_CURVE('',#4216,#4219,#4220,.T.);
#3389=EDGE_CURVE('',#4202,#4219,#4221,.T.);
#3390=EDGE_CURVE('',#4219,#4222,#4223,.T.);
#3391=EDGE_CURVE('',#4204,#4222,#4224,.T.);
#3392=EDGE_CURVE('',#4222,#4225,#4226,.T.);
#3393=EDGE_CURVE('',#4206,#4225,#4227,.T.);
#3394=EDGE_CURVE('',#4225,#4211,#4228,.T.);
#3395=EDGE_CURVE('',#4229,#4230,#4231,.T.);
#3396=EDGE_CURVE('',#4230,#4232,#4233,.T.);
#3397=EDGE_CURVE('',#4232,#4234,#4235,.T.);
#3398=EDGE_CURVE('',#4234,#4236,#4237,.T.);
#3399=EDGE_CURVE('',#4236,#4238,#4239,.T.);
#3400=EDGE_CURVE('',#4238,#4229,#4240,.T.);
#3401=EDGE_CURVE('',#4238,#4241,#4242,.T.);
#3402=EDGE_CURVE('',#4241,#4243,#4244,.T.);
#3403=EDGE_CURVE('',#4229,#4243,#4245,.T.);
#3404=EDGE_CURVE('',#4243,#4246,#4247,.T.);
#3405=EDGE_CURVE('',#4230,#4246,#4248,.T.);
#3406=EDGE_CURVE('',#4246,#4249,#4250,.T.);
#3407=EDGE_CURVE('',#4232,#4249,#4251,.T.);
#3408=EDGE_CURVE('',#4249,#4252,#4253,.T.);
#3409=EDGE_CURVE('',#4234,#4252,#4254,.T.);
#3410=EDGE_CURVE('',#4252,#4255,#4256,.T.);
#3411=EDGE_CURVE('',#4236,#4255,#4257,.T.);
#3412=EDGE_CURVE('',#4255,#4241,#4258,.T.);
#3413=EDGE_CURVE('',#4259,#4260,#4261,.T.);
#3414=EDGE_CURVE('',#4260,#4262,#4263,.T.);
#3415=EDGE_CURVE('',#4262,#4264,#4265,.T.);
#3416=EDGE_CURVE('',#4264,#4266,#4267,.T.);
#3417=EDGE_CURVE('',#4266,#4268,#4269,.T.);
#3418=EDGE_CURVE('',#4268,#4259,#4270,.T.);
#3419=EDGE_CURVE('',#4268,#4271,#4272,.T.);
#3420=EDGE_CURVE('',#4271,#4273,#4274,.T.);
#3421=EDGE_CURVE('',#4259,#4273,#4275,.T.);
#3422=EDGE_CURVE('',#4273,#4276,#4277,.T.);
#3423=EDGE_CURVE('',#4260,#4276,#4278,.T.);
#3424=EDGE_CURVE('',#4276,#4279,#4280,.T.);
#3425=EDGE_CURVE('',#4262,#4279,#4281,.T.);
#3426=EDGE_CURVE('',#4279,#4282,#4283,.T.);
#3427=EDGE_CURVE('',#4264,#4282,#4284,.T.);
#3428=EDGE_CURVE('',#4282,#4285,#4286,.T.);
#3429=EDGE_CURVE('',#4266,#4285,#4287,.T.);
#3430=EDGE_CURVE('',#4285,#4271,#4288,.T.);
#3431=EDGE_CURVE('',#4289,#4290,#4291,.T.);
#3432=EDGE_CURVE('',#4290,#4292,#4293,.T.);
#3433=EDGE_CURVE('',#4292,#4294,#4295,.T.);
#3434=EDGE_CURVE('',#4294,#4296,#4297,.T.);
#3435=EDGE_CURVE('',#4296,#4298,#4299,.T.);
#3436=EDGE_CURVE('',#4298,#4289,#4300,.T.);
#3437=EDGE_CURVE('',#4298,#4301,#4302,.T.);
#3438=EDGE_CURVE('',#4301,#4303,#4304,.T.);
#3439=EDGE_CURVE('',#4289,#4303,#4305,.T.);
#3440=EDGE_CURVE('',#4303,#4306,#4307,.T.);
#3441=EDGE_CURVE('',#4290,#4306,#4308,.T.);
#3442=EDGE_CURVE('',#4306,#4309,#4310,.T.);
#3443=EDGE_CURVE('',#4292,#4309,#4311,.T.);
#3444=EDGE_CURVE('',#4309,#4312,#4313,.T.);
#3445=EDGE_CURVE('',#4294,#4312,#4314,.T.);
#3446=EDGE_CURVE('',#4312,#4315,#4316,.T.);
#3447=EDGE_CURVE('',#4296,#4315,#4317,.T.);
#3448=EDGE_CURVE('',#4315,#4301,#4318,.T.);
#3449=EDGE_CURVE('',#4319,#4320,#4321,.T.);
#3450=EDGE_CURVE('',#4320,#4322,#4323,.T.);
#3451=EDGE_CURVE('',#4322,#4324,#4325,.T.);
#3452=EDGE_CURVE('',#4324,#4326,#4327,.T.);
#3453=EDGE_CURVE('',#4326,#4328,#4329,.T.);
#3454=EDGE_CURVE('',#4328,#4319,#4330,.T.);
#3455=EDGE_CURVE('',#4328,#4331,#4332,.T.);
#3456=EDGE_CURVE('',#4331,#4333,#4334,.T.);
#3457=EDGE_CURVE('',#4319,#4333,#4335,.T.);
#3458=EDGE_CURVE('',#4333,#4336,#4337,.T.);
#3459=EDGE_CURVE('',#4320,#4336,#4338,.T.);
#3460=EDGE_CURVE('',#4336,#4339,#4340,.T.);
#3461=EDGE_CURVE('',#4322,#4339,#4341,.T.);
#3462=EDGE_CURVE('',#4339,#4342,#4343,.T.);
#3463=EDGE_CURVE('',#4324,#4342,#4344,.T.);
#3464=EDGE_CURVE('',#4342,#4345,#4346,.T.);
#3465=EDGE_CURVE('',#4326,#4345,#4347,.T.);
#3466=EDGE_CURVE('',#4345,#4331,#4348,.T.);
#3467=EDGE_CURVE('',#4349,#4350,#4351,.T.);
#3468=EDGE_CURVE('',#4350,#4352,#4353,.T.);
#3469=EDGE_CURVE('',#4352,#4354,#4355,.T.);
#3470=EDGE_CURVE('',#4354,#4356,#4357,.T.);
#3471=EDGE_CURVE('',#4356,#4358,#4359,.T.);
#3472=EDGE_CURVE('',#4358,#4349,#4360,.T.);
#3473=EDGE_CURVE('',#4358,#4361,#4362,.T.);
#3474=EDGE_CURVE('',#4361,#4363,#4364,.T.);
#3475=EDGE_CURVE('',#4349,#4363,#4365,.T.);
#3476=EDGE_CURVE('',#4363,#4366,#4367,.T.);
#3477=EDGE_CURVE('',#4350,#4366,#4368,.T.);
#3478=EDGE_CURVE('',#4366,#4369,#4370,.T.);
#3479=EDGE_CURVE('',#4352,#4369,#4371,.T.);
#3480=EDGE_CURVE('',#4369,#4372,#4373,.T.);
#3481=EDGE_CURVE('',#4354,#4372,#4374,.T.);
#3482=EDGE_CURVE('',#4372,#4375,#4376,.T.);
#3483=EDGE_CURVE('',#4356,#4375,#4377,.T.);
#3484=EDGE_CURVE('',#4375,#4361,#4378,.T.);
#3485=EDGE_CURVE('',#4379,#4380,#4381,.T.);
#3486=EDGE_CURVE('',#4380,#4382,#4383,.T.);
#3487=EDGE_CURVE('',#4382,#4384,#4385,.T.);
#3488=EDGE_CURVE('',#4384,#4386,#4387,.T.);
#3489=EDGE_CURVE('',#4386,#4388,#4389,.T.);
#3490=EDGE_CURVE('',#4388,#4379,#4390,.T.);
#3491=EDGE_CURVE('',#4388,#4391,#4392,.T.);
#3492=EDGE_CURVE('',#4391,#4393,#4394,.T.);
#3493=EDGE_CURVE('',#4379,#4393,#4395,.T.);
#3494=EDGE_CURVE('',#4393,#4396,#4397,.T.);
#3495=EDGE_CURVE('',#4380,#4396,#4398,.T.);
#3496=EDGE_CURVE('',#4396,#4399,#4400,.T.);
#3497=EDGE_CURVE('',#4382,#4399,#4401,.T.);
#3498=EDGE_CURVE('',#4399,#4402,#4403,.T.);
#3499=EDGE_CURVE('',#4384,#4402,#4404,.T.);
#3500=EDGE_CURVE('',#4402,#4405,#4406,.T.);
#3501=EDGE_CURVE('',#4386,#4405,#4407,.T.);
#3502=EDGE_CURVE('',#4405,#4391,#4408,.T.);
#3503=VERTEX_POINT('',#4409);
#3504=VERTEX_POINT('',#4410);
#3505=LINE('',#4411,#4412);
#3506=VERTEX_POINT('',#4413);
#3507=CIRCLE('',#4414,0.375);
#3508=VERTEX_POINT('',#4415);
#3509=LINE('',#4416,#4417);
#3510=CIRCLE('',#4418,0.375);
#3511=VERTEX_POINT('',#4419);
#3512=VERTEX_POINT('',#4420);
#3513=LINE('',#4421,#4422);
#3514=VERTEX_POINT('',#4423);
#3515=LINE('',#4424,#4425);
#3516=VERTEX_POINT('',#4426);
#3517=LINE('',#4427,#4428);
#3518=LINE('',#4429,#4430);
#3519=VERTEX_POINT('',#4431);
#3520=VERTEX_POINT('',#4432);
#3521=LINE('',#4433,#4434);
#3522=CIRCLE('',#4435,0.375);
#3523=VERTEX_POINT('',#4436);
#3524=LINE('',#4437,#4438);
#3525=LINE('',#4439,#4440);
#3526=VERTEX_POINT('',#4441);
#3527=VERTEX_POINT('',#4442);
#3528=LINE('',#4443,#4444);
#3529=VERTEX_POINT('',#4445);
#3530=LINE('',#4446,#4447);
#3531=VERTEX_POINT('',#4448);
#3532=LINE('',#4449,#4450);
#3533=VERTEX_POINT('',#4451);
#3534=LINE('',#4452,#4453);
#3535=VERTEX_POINT('',#4454);
#3536=LINE('',#4455,#4456);
#3537=VERTEX_POINT('',#4457);
#3538=LINE('',#4458,#4459);
#3539=VERTEX_POINT('',#4460);
#3540=LINE('',#4461,#4462);
#3541=VERTEX_POINT('',#4463);
#3542=LINE('',#4464,#4465);
#3543=VERTEX_POINT('',#4466);
#3544=LINE('',#4467,#4468);
#3545=VERTEX_POINT('',#4469);
#3546=LINE('',#4470,#4471);
#3547=VERTEX_POINT('',#4472);
#3548=LINE('',#4473,#4474);
#3549=VERTEX_POINT('',#4475);
#3550=LINE('',#4476,#4477);
#3551=VERTEX_POINT('',#4478);
#3552=LINE('',#4479,#4480);
#3553=VERTEX_POINT('',#4481);
#3554=LINE('',#4482,#4483);
#3555=VERTEX_POINT('',#4484);
#3556=LINE('',#4485,#4486);
#3557=LINE('',#4487,#4488);
#3558=VERTEX_POINT('',#4489);
#3559=VERTEX_POINT('',#4490);
#3560=LINE('',#4491,#4492);
#3561=VERTEX_POINT('',#4493);
#3562=LINE('',#4494,#4495);
#3563=VERTEX_POINT('',#4496);
#3564=LINE('',#4497,#4498);
#3565=VERTEX_POINT('',#4499);
#3566=LINE('',#4500,#4501);
#3567=LINE('',#4502,#4503);
#3568=VERTEX_POINT('',#4504);
#3569=LINE('',#4505,#4506);
#3570=VERTEX_POINT('',#4507);
#3571=LINE('',#4508,#4509);
#3572=VERTEX_POINT('',#4510);
#3573=LINE('',#4511,#4512);
#3574=VERTEX_POINT('',#4513);
#3575=LINE('',#4514,#4515);
#3576=VERTEX_POINT('',#4516);
#3577=LINE('',#4517,#4518);
#3578=VERTEX_POINT('',#4519);
#3579=LINE('',#4520,#4521);
#3580=VERTEX_POINT('',#4522);
#3581=LINE('',#4523,#4524);
#3582=VERTEX_POINT('',#4525);
#3583=LINE('',#4526,#4527);
#3584=VERTEX_POINT('',#4528);
#3585=LINE('',#4529,#4530);
#3586=LINE('',#4531,#4532);
#3587=VERTEX_POINT('',#4533);
#3588=VERTEX_POINT('',#4534);
#3589=LINE('',#4535,#4536);
#3590=VERTEX_POINT('',#4537);
#3591=LINE('',#4538,#4539);
#3592=VERTEX_POINT('',#4540);
#3593=LINE('',#4541,#4542);
#3594=VERTEX_POINT('',#4543);
#3595=LINE('',#4544,#4545);
#3596=LINE('',#4546,#4547);
#3597=VERTEX_POINT('',#4548);
#3598=LINE('',#4549,#4550);
#3599=VERTEX_POINT('',#4551);
#3600=LINE('',#4552,#4553);
#3601=VERTEX_POINT('',#4554);
#3602=LINE('',#4555,#4556);
#3603=VERTEX_POINT('',#4557);
#3604=LINE('',#4558,#4559);
#3605=VERTEX_POINT('',#4560);
#3606=LINE('',#4561,#4562);
#3607=VERTEX_POINT('',#4563);
#3608=LINE('',#4564,#4565);
#3609=VERTEX_POINT('',#4566);
#3610=LINE('',#4567,#4568);
#3611=VERTEX_POINT('',#4569);
#3612=LINE('',#4570,#4571);
#3613=VERTEX_POINT('',#4572);
#3614=LINE('',#4573,#4574);
#3615=LINE('',#4575,#4576);
#3616=VERTEX_POINT('',#4577);
#3617=LINE('',#4578,#4579);
#3618=VERTEX_POINT('',#4580);
#3619=LINE('',#4581,#4582);
#3620=LINE('',#4583,#4584);
#3621=VERTEX_POINT('',#4585);
#3622=VERTEX_POINT('',#4586);
#3623=LINE('',#4587,#4588);
#3624=VERTEX_POINT('',#4589);
#3625=LINE('',#4590,#4591);
#3626=VERTEX_POINT('',#4592);
#3627=LINE('',#4593,#4594);
#3628=LINE('',#4595,#4596);
#3629=VERTEX_POINT('',#4597);
#3630=VERTEX_POINT('',#4598);
#3631=LINE('',#4599,#4600);
#3632=LINE('',#4601,#4602);
#3633=LINE('',#4603,#4604);
#3634=VERTEX_POINT('',#4605);
#3635=VERTEX_POINT('',#4606);
#3636=LINE('',#4607,#4608);
#3637=VERTEX_POINT('',#4609);
#3638=LINE('',#4610,#4611);
#3639=VERTEX_POINT('',#4612);
#3640=LINE('',#4613,#4614);
#3641=LINE('',#4615,#4616);
#3642=LINE('',#4617,#4618);
#3643=VERTEX_POINT('',#4619);
#3644=LINE('',#4620,#4621);
#3645=LINE('',#4622,#4623);
#3646=LINE('',#4624,#4625);
#3647=VERTEX_POINT('',#4626);
#3648=LINE('',#4627,#4628);
#3649=VERTEX_POINT('',#4629);
#3650=LINE('',#4630,#4631);
#3651=LINE('',#4632,#4633);
#3652=VERTEX_POINT('',#4634);
#3653=LINE('',#4635,#4636);
#3654=VERTEX_POINT('',#4637);
#3655=LINE('',#4638,#4639);
#3656=LINE('',#4640,#4641);
#3657=LINE('',#4642,#4643);
#3658=VERTEX_POINT('',#4644);
#3659=LINE('',#4645,#4646);
#3660=VERTEX_POINT('',#4647);
#3661=LINE('',#4648,#4649);
#3662=LINE('',#4650,#4651);
#3663=VERTEX_POINT('',#4652);
#3664=LINE('',#4653,#4654);
#3665=VERTEX_POINT('',#4655);
#3666=LINE('',#4656,#4657);
#3667=LINE('',#4658,#4659);
#3668=VERTEX_POINT('',#4660);
#3669=LINE('',#4661,#4662);
#3670=VERTEX_POINT('',#4663);
#3671=LINE('',#4664,#4665);
#3672=VERTEX_POINT('',#4666);
#3673=LINE('',#4667,#4668);
#3674=VERTEX_POINT('',#4669);
#3675=LINE('',#4670,#4671);
#3676=VERTEX_POINT('',#4672);
#3677=LINE('',#4673,#4674);
#3678=LINE('',#4675,#4676);
#3679=VERTEX_POINT('',#4677);
#3680=LINE('',#4678,#4679);
#3681=VERTEX_POINT('',#4680);
#3682=LINE('',#4681,#4682);
#3683=LINE('',#4683,#4684);
#3684=VERTEX_POINT('',#4685);
#3685=LINE('',#4686,#4687);
#3686=LINE('',#4688,#4689);
#3687=VERTEX_POINT('',#4690);
#3688=LINE('',#4691,#4692);
#3689=LINE('',#4693,#4694);
#3690=LINE('',#4695,#4696);
#3691=VERTEX_POINT('',#4697);
#3692=VERTEX_POINT('',#4698);
#3693=LINE('',#4699,#4700);
#3694=VERTEX_POINT('',#4701);
#3695=LINE('',#4702,#4703);
#3696=VERTEX_POINT('',#4704);
#3697=LINE('',#4705,#4706);
#3698=LINE('',#4707,#4708);
#3699=VERTEX_POINT('',#4709);
#3700=LINE('',#4710,#4711);
#3701=VERTEX_POINT('',#4712);
#3702=LINE('',#4713,#4714);
#3703=VERTEX_POINT('',#4715);
#3704=LINE('',#4716,#4717);
#3705=VERTEX_POINT('',#4718);
#3706=LINE('',#4719,#4720);
#3707=VERTEX_POINT('',#4721);
#3708=LINE('',#4722,#4723);
#3709=VERTEX_POINT('',#4724);
#3710=LINE('',#4725,#4726);
#3711=VERTEX_POINT('',#4727);
#3712=LINE('',#4728,#4729);
#3713=VERTEX_POINT('',#4730);
#3714=LINE('',#4731,#4732);
#3715=VERTEX_POINT('',#4733);
#3716=LINE('',#4734,#4735);
#3717=LINE('',#4736,#4737);
#3718=VERTEX_POINT('',#4738);
#3719=LINE('',#4739,#4740);
#3720=LINE('',#4741,#4742);
#3721=VERTEX_POINT('',#4743);
#3722=LINE('',#4744,#4745);
#3723=VERTEX_POINT('',#4746);
#3724=LINE('',#4747,#4748);
#3725=LINE('',#4749,#4750);
#3726=LINE('',#4751,#4752);
#3727=LINE('',#4753,#4754);
#3728=LINE('',#4755,#4756);
#3729=LINE('',#4757,#4758);
#3730=VERTEX_POINT('',#4759);
#3731=LINE('',#4760,#4761);
#3732=LINE('',#4762,#4763);
#3733=VERTEX_POINT('',#4764);
#3734=LINE('',#4765,#4766);
#3735=LINE('',#4767,#4768);
#3736=LINE('',#4769,#4770);
#3737=VERTEX_POINT('',#4771);
#3738=VERTEX_POINT('',#4772);
#3739=LINE('',#4773,#4774);
#3740=LINE('',#4775,#4776);
#3741=LINE('',#4777,#4778);
#3742=LINE('',#4779,#4780);
#3743=LINE('',#4781,#4782);
#3744=VERTEX_POINT('',#4783);
#3745=VERTEX_POINT('',#4784);
#3746=LINE('',#4785,#4786);
#3747=LINE('',#4787,#4788);
#3748=LINE('',#4789,#4790);
#3749=VERTEX_POINT('',#4791);
#3750=LINE('',#4792,#4793);
#3751=LINE('',#4794,#4795);
#3752=LINE('',#4796,#4797);
#3753=LINE('',#4798,#4799);
#3754=LINE('',#4800,#4801);
#3755=VERTEX_POINT('',#4802);
#3756=LINE('',#4803,#4804);
#3757=VERTEX_POINT('',#4805);
#3758=CIRCLE('',#4806,0.5);
#3759=VERTEX_POINT('',#4807);
#3760=LINE('',#4808,#4809);
#3761=LINE('',#4810,#4811);
#3762=VERTEX_POINT('',#4812);
#3763=VERTEX_POINT('',#4813);
#3764=LINE('',#4814,#4815);
#3765=VERTEX_POINT('',#4816);
#3766=LINE('',#4817,#4818);
#3767=CIRCLE('',#4819,0.5);
#3768=LINE('',#4820,#4821);
#3769=LINE('',#4822,#4823);
#3770=CIRCLE('',#4824,0.5);
#3771=CIRCLE('',#4825,0.5);
#3772=LINE('',#4826,#4827);
#3773=LINE('',#4828,#4829);
#3774=LINE('',#4830,#4831);
#3775=VERTEX_POINT('',#4832);
#3776=LINE('',#4833,#4834);
#3777=VERTEX_POINT('',#4835);
#3778=LINE('',#4836,#4837);
#3779=LINE('',#4838,#4839);
#3780=LINE('',#4840,#4841);
#3781=VERTEX_POINT('',#4842);
#3782=LINE('',#4843,#4844);
#3783=LINE('',#4845,#4846);
#3784=LINE('',#4847,#4848);
#3785=LINE('',#4849,#4850);
#3786=LINE('',#4851,#4852);
#3787=CIRCLE('',#4853,0.5);
#3788=CIRCLE('',#4854,0.5);
#3789=CIRCLE('',#4855,0.5);
#3790=LINE('',#4856,#4857);
#3791=VERTEX_POINT('',#4858);
#3792=CIRCLE('',#4859,0.375);
#3793=LINE('',#4860,#4861);
#3794=CIRCLE('',#4862,0.5);
#3795=LINE('',#4863,#4864);
#3796=VERTEX_POINT('',#4865);
#3797=VERTEX_POINT('',#4866);
#3798=LINE('',#4867,#4868);
#3799=VERTEX_POINT('',#4869);
#3800=LINE('',#4870,#4871);
#3801=VERTEX_POINT('',#4872);
#3802=LINE('',#4873,#4874);
#3803=LINE('',#4875,#4876);
#3804=VERTEX_POINT('',#4877);
#3805=VERTEX_POINT('',#4878);
#3806=LINE('',#4879,#4880);
#3807=VERTEX_POINT('',#4881);
#3808=LINE('',#4882,#4883);
#3809=VERTEX_POINT('',#4884);
#3810=LINE('',#4885,#4886);
#3811=LINE('',#4887,#4888);
#3812=VERTEX_POINT('',#4889);
#3813=VERTEX_POINT('',#4890);
#3814=LINE('',#4891,#4892);
#3815=VERTEX_POINT('',#4893);
#3816=LINE('',#4894,#4895);
#3817=VERTEX_POINT('',#4896);
#3818=LINE('',#4897,#4898);
#3819=LINE('',#4899,#4900);
#3820=VERTEX_POINT('',#4901);
#3821=VERTEX_POINT('',#4902);
#3822=LINE('',#4903,#4904);
#3823=VERTEX_POINT('',#4905);
#3824=LINE('',#4906,#4907);
#3825=VERTEX_POINT('',#4908);
#3826=LINE('',#4909,#4910);
#3827=LINE('',#4911,#4912);
#3828=VERTEX_POINT('',#4913);
#3829=VERTEX_POINT('',#4914);
#3830=LINE('',#4915,#4916);
#3831=VERTEX_POINT('',#4917);
#3832=LINE('',#4918,#4919);
#3833=VERTEX_POINT('',#4920);
#3834=LINE('',#4921,#4922);
#3835=VERTEX_POINT('',#4923);
#3836=LINE('',#4924,#4925);
#3837=VERTEX_POINT('',#4926);
#3838=LINE('',#4927,#4928);
#3839=LINE('',#4929,#4930);
#3840=VERTEX_POINT('',#4931);
#3841=VERTEX_POINT('',#4932);
#3842=LINE('',#4933,#4934);
#3843=VERTEX_POINT('',#4935);
#3844=LINE('',#4936,#4937);
#3845=VERTEX_POINT('',#4938);
#3846=LINE('',#4939,#4940);
#3847=VERTEX_POINT('',#4941);
#3848=LINE('',#4942,#4943);
#3849=VERTEX_POINT('',#4944);
#3850=LINE('',#4945,#4946);
#3851=LINE('',#4947,#4948);
#3852=VERTEX_POINT('',#4949);
#3853=VERTEX_POINT('',#4950);
#3854=LINE('',#4951,#4952);
#3855=VERTEX_POINT('',#4953);
#3856=LINE('',#4954,#4955);
#3857=VERTEX_POINT('',#4956);
#3858=LINE('',#4957,#4958);
#3859=VERTEX_POINT('',#4959);
#3860=LINE('',#4960,#4961);
#3861=VERTEX_POINT('',#4962);
#3862=LINE('',#4963,#4964);
#3863=LINE('',#4965,#4966);
#3864=VERTEX_POINT('',#4967);
#3865=VERTEX_POINT('',#4968);
#3866=LINE('',#4969,#4970);
#3867=VERTEX_POINT('',#4971);
#3868=LINE('',#4972,#4973);
#3869=VERTEX_POINT('',#4974);
#3870=LINE('',#4975,#4976);
#3871=VERTEX_POINT('',#4977);
#3872=LINE('',#4978,#4979);
#3873=VERTEX_POINT('',#4980);
#3874=LINE('',#4981,#4982);
#3875=LINE('',#4983,#4984);
#3876=VERTEX_POINT('',#4985);
#3877=LINE('',#4986,#4987);
#3878=VERTEX_POINT('',#4988);
#3879=LINE('',#4989,#4990);
#3880=LINE('',#4991,#4992);
#3881=VERTEX_POINT('',#4993);
#3882=LINE('',#4994,#4995);
#3883=LINE('',#4996,#4997);
#3884=VERTEX_POINT('',#4998);
#3885=LINE('',#4999,#5000);
#3886=LINE('',#5001,#5002);
#3887=LINE('',#5003,#5004);
#3888=LINE('',#5005,#5006);
#3889=VERTEX_POINT('',#5007);
#3890=LINE('',#5008,#5009);
#3891=VERTEX_POINT('',#5010);
#3892=LINE('',#5011,#5012);
#3893=LINE('',#5013,#5014);
#3894=VERTEX_POINT('',#5015);
#3895=LINE('',#5016,#5017);
#3896=LINE('',#5018,#5019);
#3897=VERTEX_POINT('',#5020);
#3898=LINE('',#5021,#5022);
#3899=LINE('',#5023,#5024);
#3900=LINE('',#5025,#5026);
#3901=VERTEX_POINT('',#5027);
#3902=VERTEX_POINT('',#5028);
#3903=LINE('',#5029,#5030);
#3904=VERTEX_POINT('',#5031);
#3905=LINE('',#5032,#5033);
#3906=VERTEX_POINT('',#5034);
#3907=LINE('',#5035,#5036);
#3908=LINE('',#5037,#5038);
#3909=VERTEX_POINT('',#5039);
#3910=VERTEX_POINT('',#5040);
#3911=LINE('',#5041,#5042);
#3912=VERTEX_POINT('',#5043);
#3913=LINE('',#5044,#5045);
#3914=VERTEX_POINT('',#5046);
#3915=LINE('',#5047,#5048);
#3916=VERTEX_POINT('',#5049);
#3917=LINE('',#5050,#5051);
#3918=VERTEX_POINT('',#5052);
#3919=LINE('',#5053,#5054);
#3920=LINE('',#5055,#5056);
#3921=VERTEX_POINT('',#5057);
#3922=VERTEX_POINT('',#5058);
#3923=LINE('',#5059,#5060);
#3924=VERTEX_POINT('',#5061);
#3925=LINE('',#5062,#5063);
#3926=VERTEX_POINT('',#5064);
#3927=LINE('',#5065,#5066);
#3928=LINE('',#5067,#5068);
#3929=LINE('',#5069,#5070);
#3930=LINE('',#5071,#5072);
#3931=LINE('',#5073,#5074);
#3932=LINE('',#5075,#5076);
#3933=LINE('',#5077,#5078);
#3934=LINE('',#5079,#5080);
#3935=VERTEX_POINT('',#5081);
#3936=LINE('',#5082,#5083);
#3937=VERTEX_POINT('',#5084);
#3938=LINE('',#5085,#5086);
#3939=LINE('',#5087,#5088);
#3940=VERTEX_POINT('',#5089);
#3941=LINE('',#5090,#5091);
#3942=VERTEX_POINT('',#5092);
#3943=LINE('',#5093,#5094);
#3944=LINE('',#5095,#5096);
#3945=VERTEX_POINT('',#5097);
#3946=LINE('',#5098,#5099);
#3947=LINE('',#5100,#5101);
#3948=VERTEX_POINT('',#5102);
#3949=LINE('',#5103,#5104);
#3950=LINE('',#5105,#5106);
#3951=VERTEX_POINT('',#5107);
#3952=LINE('',#5108,#5109);
#3953=VERTEX_POINT('',#5110);
#3954=LINE('',#5111,#5112);
#3955=LINE('',#5113,#5114);
#3956=LINE('',#5115,#5116);
#3957=LINE('',#5117,#5118);
#3958=LINE('',#5119,#5120);
#3959=VERTEX_POINT('',#5121);
#3960=LINE('',#5122,#5123);
#3961=VERTEX_POINT('',#5124);
#3962=LINE('',#5125,#5126);
#3963=LINE('',#5127,#5128);
#3964=VERTEX_POINT('',#5129);
#3965=LINE('',#5130,#5131);
#3966=LINE('',#5132,#5133);
#3967=VERTEX_POINT('',#5134);
#3968=LINE('',#5135,#5136);
#3969=LINE('',#5137,#5138);
#3970=LINE('',#5139,#5140);
#3971=VERTEX_POINT('',#5141);
#3972=VERTEX_POINT('',#5142);
#3973=LINE('',#5143,#5144);
#3974=VERTEX_POINT('',#5145);
#3975=LINE('',#5146,#5147);
#3976=VERTEX_POINT('',#5148);
#3977=LINE('',#5149,#5150);
#3978=LINE('',#5151,#5152);
#3979=VERTEX_POINT('',#5153);
#3980=VERTEX_POINT('',#5154);
#3981=LINE('',#5155,#5156);
#3982=VERTEX_POINT('',#5157);
#3983=LINE('',#5158,#5159);
#3984=VERTEX_POINT('',#5160);
#3985=LINE('',#5161,#5162);
#3986=VERTEX_POINT('',#5163);
#3987=LINE('',#5164,#5165);
#3988=VERTEX_POINT('',#5166);
#3989=LINE('',#5167,#5168);
#3990=LINE('',#5169,#5170);
#3991=VERTEX_POINT('',#5171);
#3992=VERTEX_POINT('',#5172);
#3993=LINE('',#5173,#5174);
#3994=VERTEX_POINT('',#5175);
#3995=LINE('',#5176,#5177);
#3996=VERTEX_POINT('',#5178);
#3997=LINE('',#5179,#5180);
#3998=LINE('',#5181,#5182);
#3999=LINE('',#5183,#5184);
#4000=LINE('',#5185,#5186);
#4001=LINE('',#5187,#5188);
#4002=LINE('',#5189,#5190);
#4003=LINE('',#5191,#5192);
#4004=LINE('',#5193,#5194);
#4005=VERTEX_POINT('',#5195);
#4006=LINE('',#5196,#5197);
#4007=VERTEX_POINT('',#5198);
#4008=LINE('',#5199,#5200);
#4009=LINE('',#5201,#5202);
#4010=VERTEX_POINT('',#5203);
#4011=LINE('',#5204,#5205);
#4012=VERTEX_POINT('',#5206);
#4013=LINE('',#5207,#5208);
#4014=LINE('',#5209,#5210);
#4015=VERTEX_POINT('',#5211);
#4016=LINE('',#5212,#5213);
#4017=LINE('',#5214,#5215);
#4018=VERTEX_POINT('',#5216);
#4019=LINE('',#5217,#5218);
#4020=LINE('',#5219,#5220);
#4021=VERTEX_POINT('',#5221);
#4022=LINE('',#5222,#5223);
#4023=VERTEX_POINT('',#5224);
#4024=LINE('',#5225,#5226);
#4025=LINE('',#5227,#5228);
#4026=LINE('',#5229,#5230);
#4027=LINE('',#5231,#5232);
#4028=LINE('',#5233,#5234);
#4029=VERTEX_POINT('',#5235);
#4030=LINE('',#5236,#5237);
#4031=VERTEX_POINT('',#5238);
#4032=LINE('',#5239,#5240);
#4033=LINE('',#5241,#5242);
#4034=VERTEX_POINT('',#5243);
#4035=LINE('',#5244,#5245);
#4036=LINE('',#5246,#5247);
#4037=VERTEX_POINT('',#5248);
#4038=LINE('',#5249,#5250);
#4039=LINE('',#5251,#5252);
#4040=LINE('',#5253,#5254);
#4041=VERTEX_POINT('',#5255);
#4042=VERTEX_POINT('',#5256);
#4043=LINE('',#5257,#5258);
#4044=VERTEX_POINT('',#5259);
#4045=LINE('',#5260,#5261);
#4046=VERTEX_POINT('',#5262);
#4047=LINE('',#5263,#5264);
#4048=LINE('',#5265,#5266);
#4049=VERTEX_POINT('',#5267);
#4050=VERTEX_POINT('',#5268);
#4051=LINE('',#5269,#5270);
#4052=VERTEX_POINT('',#5271);
#4053=LINE('',#5272,#5273);
#4054=VERTEX_POINT('',#5274);
#4055=LINE('',#5275,#5276);
#4056=VERTEX_POINT('',#5277);
#4057=LINE('',#5278,#5279);
#4058=VERTEX_POINT('',#5280);
#4059=LINE('',#5281,#5282);
#4060=LINE('',#5283,#5284);
#4061=VERTEX_POINT('',#5285);
#4062=VERTEX_POINT('',#5286);
#4063=LINE('',#5287,#5288);
#4064=VERTEX_POINT('',#5289);
#4065=LINE('',#5290,#5291);
#4066=VERTEX_POINT('',#5292);
#4067=LINE('',#5293,#5294);
#4068=LINE('',#5295,#5296);
#4069=LINE('',#5297,#5298);
#4070=LINE('',#5299,#5300);
#4071=LINE('',#5301,#5302);
#4072=LINE('',#5303,#5304);
#4073=LINE('',#5305,#5306);
#4074=LINE('',#5307,#5308);
#4075=VERTEX_POINT('',#5309);
#4076=LINE('',#5310,#5311);
#4077=VERTEX_POINT('',#5312);
#4078=LINE('',#5313,#5314);
#4079=LINE('',#5315,#5316);
#4080=VERTEX_POINT('',#5317);
#4081=LINE('',#5318,#5319);
#4082=VERTEX_POINT('',#5320);
#4083=LINE('',#5321,#5322);
#4084=LINE('',#5323,#5324);
#4085=VERTEX_POINT('',#5325);
#4086=LINE('',#5326,#5327);
#4087=LINE('',#5328,#5329);
#4088=VERTEX_POINT('',#5330);
#4089=LINE('',#5331,#5332);
#4090=LINE('',#5333,#5334);
#4091=VERTEX_POINT('',#5335);
#4092=LINE('',#5336,#5337);
#4093=VERTEX_POINT('',#5338);
#4094=LINE('',#5339,#5340);
#4095=LINE('',#5341,#5342);
#4096=LINE('',#5343,#5344);
#4097=LINE('',#5345,#5346);
#4098=LINE('',#5347,#5348);
#4099=VERTEX_POINT('',#5349);
#4100=LINE('',#5350,#5351);
#4101=VERTEX_POINT('',#5352);
#4102=LINE('',#5353,#5354);
#4103=LINE('',#5355,#5356);
#4104=VERTEX_POINT('',#5357);
#4105=LINE('',#5358,#5359);
#4106=LINE('',#5360,#5361);
#4107=VERTEX_POINT('',#5362);
#4108=LINE('',#5363,#5364);
#4109=LINE('',#5365,#5366);
#4110=LINE('',#5367,#5368);
#4111=VERTEX_POINT('',#5369);
#4112=VERTEX_POINT('',#5370);
#4113=LINE('',#5371,#5372);
#4114=VERTEX_POINT('',#5373);
#4115=LINE('',#5374,#5375);
#4116=VERTEX_POINT('',#5376);
#4117=LINE('',#5377,#5378);
#4118=LINE('',#5379,#5380);
#4119=VERTEX_POINT('',#5381);
#4120=VERTEX_POINT('',#5382);
#4121=LINE('',#5383,#5384);
#4122=VERTEX_POINT('',#5385);
#4123=LINE('',#5386,#5387);
#4124=VERTEX_POINT('',#5388);
#4125=LINE('',#5389,#5390);
#4126=VERTEX_POINT('',#5391);
#4127=LINE('',#5392,#5393);
#4128=VERTEX_POINT('',#5394);
#4129=LINE('',#5395,#5396);
#4130=LINE('',#5397,#5398);
#4131=VERTEX_POINT('',#5399);
#4132=VERTEX_POINT('',#5400);
#4133=LINE('',#5401,#5402);
#4134=VERTEX_POINT('',#5403);
#4135=LINE('',#5404,#5405);
#4136=VERTEX_POINT('',#5406);
#4137=LINE('',#5407,#5408);
#4138=LINE('',#5409,#5410);
#4139=LINE('',#5411,#5412);
#4140=LINE('',#5413,#5414);
#4141=LINE('',#5415,#5416);
#4142=LINE('',#5417,#5418);
#4143=LINE('',#5419,#5420);
#4144=LINE('',#5421,#5422);
#4145=VERTEX_POINT('',#5423);
#4146=LINE('',#5424,#5425);
#4147=VERTEX_POINT('',#5426);
#4148=LINE('',#5427,#5428);
#4149=LINE('',#5429,#5430);
#4150=VERTEX_POINT('',#5431);
#4151=LINE('',#5432,#5433);
#4152=VERTEX_POINT('',#5434);
#4153=LINE('',#5435,#5436);
#4154=LINE('',#5437,#5438);
#4155=VERTEX_POINT('',#5439);
#4156=LINE('',#5440,#5441);
#4157=LINE('',#5442,#5443);
#4158=VERTEX_POINT('',#5444);
#4159=LINE('',#5445,#5446);
#4160=LINE('',#5447,#5448);
#4161=VERTEX_POINT('',#5449);
#4162=LINE('',#5450,#5451);
#4163=VERTEX_POINT('',#5452);
#4164=LINE('',#5453,#5454);
#4165=LINE('',#5455,#5456);
#4166=LINE('',#5457,#5458);
#4167=LINE('',#5459,#5460);
#4168=LINE('',#5461,#5462);
#4169=VERTEX_POINT('',#5463);
#4170=VERTEX_POINT('',#5464);
#4171=LINE('',#5465,#5466);
#4172=VERTEX_POINT('',#5467);
#4173=LINE('',#5468,#5469);
#4174=VERTEX_POINT('',#5470);
#4175=LINE('',#5471,#5472);
#4176=VERTEX_POINT('',#5473);
#4177=LINE('',#5474,#5475);
#4178=VERTEX_POINT('',#5476);
#4179=LINE('',#5477,#5478);
#4180=LINE('',#5479,#5480);
#4181=VERTEX_POINT('',#5481);
#4182=LINE('',#5482,#5483);
#4183=VERTEX_POINT('',#5484);
#4184=LINE('',#5485,#5486);
#4185=LINE('',#5487,#5488);
#4186=VERTEX_POINT('',#5489);
#4187=LINE('',#5490,#5491);
#4188=LINE('',#5492,#5493);
#4189=VERTEX_POINT('',#5494);
#4190=LINE('',#5495,#5496);
#4191=LINE('',#5497,#5498);
#4192=VERTEX_POINT('',#5499);
#4193=LINE('',#5500,#5501);
#4194=LINE('',#5502,#5503);
#4195=VERTEX_POINT('',#5504);
#4196=LINE('',#5505,#5506);
#4197=LINE('',#5507,#5508);
#4198=LINE('',#5509,#5510);
#4199=VERTEX_POINT('',#5511);
#4200=VERTEX_POINT('',#5512);
#4201=LINE('',#5513,#5514);
#4202=VERTEX_POINT('',#5515);
#4203=LINE('',#5516,#5517);
#4204=VERTEX_POINT('',#5518);
#4205=LINE('',#5519,#5520);
#4206=VERTEX_POINT('',#5521);
#4207=LINE('',#5522,#5523);
#4208=VERTEX_POINT('',#5524);
#4209=LINE('',#5525,#5526);
#4210=LINE('',#5527,#5528);
#4211=VERTEX_POINT('',#5529);
#4212=LINE('',#5530,#5531);
#4213=VERTEX_POINT('',#5532);
#4214=LINE('',#5533,#5534);
#4215=LINE('',#5535,#5536);
#4216=VERTEX_POINT('',#5537);
#4217=LINE('',#5538,#5539);
#4218=LINE('',#5540,#5541);
#4219=VERTEX_POINT('',#5542);
#4220=LINE('',#5543,#5544);
#4221=LINE('',#5545,#5546);
#4222=VERTEX_POINT('',#5547);
#4223=LINE('',#5548,#5549);
#4224=LINE('',#5550,#5551);
#4225=VERTEX_POINT('',#5552);
#4226=LINE('',#5553,#5554);
#4227=LINE('',#5555,#5556);
#4228=LINE('',#5557,#5558);
#4229=VERTEX_POINT('',#5559);
#4230=VERTEX_POINT('',#5560);
#4231=LINE('',#5561,#5562);
#4232=VERTEX_POINT('',#5563);
#4233=LINE('',#5564,#5565);
#4234=VERTEX_POINT('',#5566);
#4235=LINE('',#5567,#5568);
#4236=VERTEX_POINT('',#5569);
#4237=LINE('',#5570,#5571);
#4238=VERTEX_POINT('',#5572);
#4239=LINE('',#5573,#5574);
#4240=LINE('',#5575,#5576);
#4241=VERTEX_POINT('',#5577);
#4242=LINE('',#5578,#5579);
#4243=VERTEX_POINT('',#5580);
#4244=LINE('',#5581,#5582);
#4245=LINE('',#5583,#5584);
#4246=VERTEX_POINT('',#5585);
#4247=LINE('',#5586,#5587);
#4248=LINE('',#5588,#5589);
#4249=VERTEX_POINT('',#5590);
#4250=LINE('',#5591,#5592);
#4251=LINE('',#5593,#5594);
#4252=VERTEX_POINT('',#5595);
#4253=LINE('',#5596,#5597);
#4254=LINE('',#5598,#5599);
#4255=VERTEX_POINT('',#5600);
#4256=LINE('',#5601,#5602);
#4257=LINE('',#5603,#5604);
#4258=LINE('',#5605,#5606);
#4259=VERTEX_POINT('',#5607);
#4260=VERTEX_POINT('',#5608);
#4261=LINE('',#5609,#5610);
#4262=VERTEX_POINT('',#5611);
#4263=LINE('',#5612,#5613);
#4264=VERTEX_POINT('',#5614);
#4265=LINE('',#5615,#5616);
#4266=VERTEX_POINT('',#5617);
#4267=LINE('',#5618,#5619);
#4268=VERTEX_POINT('',#5620);
#4269=LINE('',#5621,#5622);
#4270=LINE('',#5623,#5624);
#4271=VERTEX_POINT('',#5625);
#4272=LINE('',#5626,#5627);
#4273=VERTEX_POINT('',#5628);
#4274=LINE('',#5629,#5630);
#4275=LINE('',#5631,#5632);
#4276=VERTEX_POINT('',#5633);
#4277=LINE('',#5634,#5635);
#4278=LINE('',#5636,#5637);
#4279=VERTEX_POINT('',#5638);
#4280=LINE('',#5639,#5640);
#4281=LINE('',#5641,#5642);
#4282=VERTEX_POINT('',#5643);
#4283=LINE('',#5644,#5645);
#4284=LINE('',#5646,#5647);
#4285=VERTEX_POINT('',#5648);
#4286=LINE('',#5649,#5650);
#4287=LINE('',#5651,#5652);
#4288=LINE('',#5653,#5654);
#4289=VERTEX_POINT('',#5655);
#4290=VERTEX_POINT('',#5656);
#4291=LINE('',#5657,#5658);
#4292=VERTEX_POINT('',#5659);
#4293=LINE('',#5660,#5661);
#4294=VERTEX_POINT('',#5662);
#4295=LINE('',#5663,#5664);
#4296=VERTEX_POINT('',#5665);
#4297=LINE('',#5666,#5667);
#4298=VERTEX_POINT('',#5668);
#4299=LINE('',#5669,#5670);
#4300=LINE('',#5671,#5672);
#4301=VERTEX_POINT('',#5673);
#4302=LINE('',#5674,#5675);
#4303=VERTEX_POINT('',#5676);
#4304=LINE('',#5677,#5678);
#4305=LINE('',#5679,#5680);
#4306=VERTEX_POINT('',#5681);
#4307=LINE('',#5682,#5683);
#4308=LINE('',#5684,#5685);
#4309=VERTEX_POINT('',#5686);
#4310=LINE('',#5687,#5688);
#4311=LINE('',#5689,#5690);
#4312=VERTEX_POINT('',#5691);
#4313=LINE('',#5692,#5693);
#4314=LINE('',#5694,#5695);
#4315=VERTEX_POINT('',#5696);
#4316=LINE('',#5697,#5698);
#4317=LINE('',#5699,#5700);
#4318=LINE('',#5701,#5702);
#4319=VERTEX_POINT('',#5703);
#4320=VERTEX_POINT('',#5704);
#4321=LINE('',#5705,#5706);
#4322=VERTEX_POINT('',#5707);
#4323=LINE('',#5708,#5709);
#4324=VERTEX_POINT('',#5710);
#4325=LINE('',#5711,#5712);
#4326=VERTEX_POINT('',#5713);
#4327=LINE('',#5714,#5715);
#4328=VERTEX_POINT('',#5716);
#4329=LINE('',#5717,#5718);
#4330=LINE('',#5719,#5720);
#4331=VERTEX_POINT('',#5721);
#4332=LINE('',#5722,#5723);
#4333=VERTEX_POINT('',#5724);
#4334=LINE('',#5725,#5726);
#4335=LINE('',#5727,#5728);
#4336=VERTEX_POINT('',#5729);
#4337=LINE('',#5730,#5731);
#4338=LINE('',#5732,#5733);
#4339=VERTEX_POINT('',#5734);
#4340=LINE('',#5735,#5736);
#4341=LINE('',#5737,#5738);
#4342=VERTEX_POINT('',#5739);
#4343=LINE('',#5740,#5741);
#4344=LINE('',#5742,#5743);
#4345=VERTEX_POINT('',#5744);
#4346=LINE('',#5745,#5746);
#4347=LINE('',#5747,#5748);
#4348=LINE('',#5749,#5750);
#4349=VERTEX_POINT('',#5751);
#4350=VERTEX_POINT('',#5752);
#4351=LINE('',#5753,#5754);
#4352=VERTEX_POINT('',#5755);
#4353=LINE('',#5756,#5757);
#4354=VERTEX_POINT('',#5758);
#4355=LINE('',#5759,#5760);
#4356=VERTEX_POINT('',#5761);
#4357=LINE('',#5762,#5763);
#4358=VERTEX_POINT('',#5764);
#4359=LINE('',#5765,#5766);
#4360=LINE('',#5767,#5768);
#4361=VERTEX_POINT('',#5769);
#4362=LINE('',#5770,#5771);
#4363=VERTEX_POINT('',#5772);
#4364=LINE('',#5773,#5774);
#4365=LINE('',#5775,#5776);
#4366=VERTEX_POINT('',#5777);
#4367=LINE('',#5778,#5779);
#4368=LINE('',#5780,#5781);
#4369=VERTEX_POINT('',#5782);
#4370=LINE('',#5783,#5784);
#4371=LINE('',#5785,#5786);
#4372=VERTEX_POINT('',#5787);
#4373=LINE('',#5788,#5789);
#4374=LINE('',#5790,#5791);
#4375=VERTEX_POINT('',#5792);
#4376=LINE('',#5793,#5794);
#4377=LINE('',#5795,#5796);
#4378=LINE('',#5797,#5798);
#4379=VERTEX_POINT('',#5799);
#4380=VERTEX_POINT('',#5800);
#4381=LINE('',#5801,#5802);
#4382=VERTEX_POINT('',#5803);
#4383=LINE('',#5804,#5805);
#4384=VERTEX_POINT('',#5806);
#4385=LINE('',#5807,#5808);
#4386=VERTEX_POINT('',#5809);
#4387=LINE('',#5810,#5811);
#4388=VERTEX_POINT('',#5812);
#4389=LINE('',#5813,#5814);
#4390=LINE('',#5815,#5816);
#4391=VERTEX_POINT('',#5817);
#4392=LINE('',#5818,#5819);
#4393=VERTEX_POINT('',#5820);
#4394=LINE('',#5821,#5822);
#4395=LINE('',#5823,#5824);
#4396=VERTEX_POINT('',#5825);
#4397=LINE('',#5826,#5827);
#4398=LINE('',#5828,#5829);
#4399=VERTEX_POINT('',#5830);
#4400=LINE('',#5831,#5832);
#4401=LINE('',#5833,#5834);
#4402=VERTEX_POINT('',#5835);
#4403=LINE('',#5836,#5837);
#4404=LINE('',#5838,#5839);
#4405=VERTEX_POINT('',#5840);
#4406=LINE('',#5841,#5842);
#4407=LINE('',#5843,#5844);
#4408=LINE('',#5845,#5846);
#4409=CARTESIAN_POINT('',(-9.4,2.45,0.0));
#4410=CARTESIAN_POINT('',(-9.4,2.45,-12.1));
#4411=CARTESIAN_POINT('',(-9.4,2.45,0.0));
#4412=VECTOR('',#5847,1.0);
#4413=CARTESIAN_POINT('',(-9.025,2.825,0.0));
#4414=AXIS2_PLACEMENT_3D('',#5848,#5849,#5850);
#4415=CARTESIAN_POINT('',(-9.025,2.825,-12.1));
#4416=CARTESIAN_POINT('',(-9.025,2.825,0.0));
#4417=VECTOR('',#5851,12.1);
#4418=AXIS2_PLACEMENT_3D('',#5852,#5853,#5854);
#4419=CARTESIAN_POINT('',(-3.07,-4.875,-12.8));
#4420=CARTESIAN_POINT('',(-3.07,-4.875,-12.1));
#4421=CARTESIAN_POINT('',(-3.07,-4.875,-12.8));
#4422=VECTOR('',#5855,0.7);
#4423=CARTESIAN_POINT('',(-3.07,-3.875,-12.8));
#4424=CARTESIAN_POINT('',(-3.07,-3.875,-12.8));
#4425=VECTOR('',#5856,1.0);
#4426=CARTESIAN_POINT('',(-3.07,-3.875,-12.1));
#4427=CARTESIAN_POINT('',(-3.07,-3.875,-12.8));
#4428=VECTOR('',#5857,0.7);
#4429=CARTESIAN_POINT('',(-3.07,-4.875,-12.1));
#4430=VECTOR('',#5858,1.0);
#4431=CARTESIAN_POINT('',(-9.025,2.075,-12.1));
#4432=CARTESIAN_POINT('',(-9.0,2.075,-12.1));
#4433=CARTESIAN_POINT('',(-9.025,2.075,-12.1));
#4434=VECTOR('',#5859,0.025);
#4435=AXIS2_PLACEMENT_3D('',#5860,#5861,#5862);
#4436=CARTESIAN_POINT('',(-9.0,2.825,-12.1));
#4437=CARTESIAN_POINT('',(-9.0,2.825,-12.1));
#4438=VECTOR('',#5863,0.025);
#4439=CARTESIAN_POINT('',(-9.0,2.075,-12.1));
#4440=VECTOR('',#5864,0.75);
#4441=CARTESIAN_POINT('',(7.28,4.875,-12.1));
#4442=CARTESIAN_POINT('',(5.33,4.875,-12.1));
#4443=CARTESIAN_POINT('',(7.28,4.875,-12.1));
#4444=VECTOR('',#5865,1.95);
#4445=CARTESIAN_POINT('',(7.28,0.5,-12.1));
#4446=CARTESIAN_POINT('',(7.28,0.5,-12.1));
#4447=VECTOR('',#5866,4.375);
#4448=CARTESIAN_POINT('',(-7.28,0.5,-12.1));
#4449=CARTESIAN_POINT('',(7.28,0.5,-12.1));
#4450=VECTOR('',#5867,14.56);
#4451=CARTESIAN_POINT('',(-7.28,4.875,-12.1));
#4452=CARTESIAN_POINT('',(-7.28,0.5,-12.1));
#4453=VECTOR('',#5868,4.375);
#4454=CARTESIAN_POINT('',(-5.07,4.875,-12.1));
#4455=CARTESIAN_POINT('',(-5.07,4.875,-12.1));
#4456=VECTOR('',#5869,2.21);
#4457=CARTESIAN_POINT('',(-5.07,3.875,-12.1));
#4458=CARTESIAN_POINT('',(-5.07,4.875,-12.1));
#4459=VECTOR('',#5870,1.0);
#4460=CARTESIAN_POINT('',(-3.07,3.875,-12.1));
#4461=CARTESIAN_POINT('',(-3.07,3.875,-12.1));
#4462=VECTOR('',#5871,2.0);
#4463=CARTESIAN_POINT('',(-3.07,4.875,-12.1));
#4464=CARTESIAN_POINT('',(-3.07,4.875,-12.1));
#4465=VECTOR('',#5872,1.0);
#4466=CARTESIAN_POINT('',(-0.87,4.875,-12.1));
#4467=CARTESIAN_POINT('',(-0.87,4.875,-12.1));
#4468=VECTOR('',#5873,2.2);
#4469=CARTESIAN_POINT('',(-0.87,3.875,-12.1));
#4470=CARTESIAN_POINT('',(-0.87,4.875,-12.1));
#4471=VECTOR('',#5874,1.0);
#4472=CARTESIAN_POINT('',(1.13,3.875,-12.1));
#4473=CARTESIAN_POINT('',(1.13,3.875,-12.1));
#4474=VECTOR('',#5875,2.0);
#4475=CARTESIAN_POINT('',(1.13,4.875,-12.1));
#4476=CARTESIAN_POINT('',(1.13,4.875,-12.1));
#4477=VECTOR('',#5876,1.0);
#4478=CARTESIAN_POINT('',(3.33,4.875,-12.1));
#4479=CARTESIAN_POINT('',(3.33,4.875,-12.1));
#4480=VECTOR('',#5877,2.2);
#4481=CARTESIAN_POINT('',(3.33,3.875,-12.1));
#4482=CARTESIAN_POINT('',(3.33,4.875,-12.1));
#4483=VECTOR('',#5878,1.0);
#4484=CARTESIAN_POINT('',(5.33,3.875,-12.1));
#4485=CARTESIAN_POINT('',(5.33,3.875,-12.1));
#4486=VECTOR('',#5879,2.0);
#4487=CARTESIAN_POINT('',(5.33,4.875,-12.1));
#4488=VECTOR('',#5880,1.0);
#4489=CARTESIAN_POINT('',(1.13,-4.875,-12.1));
#4490=CARTESIAN_POINT('',(3.33,-4.875,-12.1));
#4491=CARTESIAN_POINT('',(1.13,-4.875,-12.1));
#4492=VECTOR('',#5881,2.2);
#4493=CARTESIAN_POINT('',(1.13,-3.875,-12.1));
#4494=CARTESIAN_POINT('',(1.13,-4.875,-12.1));
#4495=VECTOR('',#5882,1.0);
#4496=CARTESIAN_POINT('',(-0.87,-3.875,-12.1));
#4497=CARTESIAN_POINT('',(-0.87,-3.875,-12.1));
#4498=VECTOR('',#5883,2.0);
#4499=CARTESIAN_POINT('',(-0.87,-4.875,-12.1));
#4500=CARTESIAN_POINT('',(-0.87,-4.875,-12.1));
#4501=VECTOR('',#5884,1.0);
#4502=CARTESIAN_POINT('',(-3.07,-4.875,-12.1));
#4503=VECTOR('',#5885,2.2);
#4504=CARTESIAN_POINT('',(-5.07,-3.875,-12.1));
#4505=CARTESIAN_POINT('',(-5.07,-3.875,-12.1));
#4506=VECTOR('',#5886,2.0);
#4507=CARTESIAN_POINT('',(-5.07,-4.875,-12.1));
#4508=CARTESIAN_POINT('',(-5.07,-4.875,-12.1));
#4509=VECTOR('',#5887,1.0);
#4510=CARTESIAN_POINT('',(-7.28,-4.875,-12.1));
#4511=CARTESIAN_POINT('',(-7.28,-4.875,-12.1));
#4512=VECTOR('',#5888,2.21);
#4513=CARTESIAN_POINT('',(-7.28,-0.5,-12.1));
#4514=CARTESIAN_POINT('',(-7.28,-4.875,-12.1));
#4515=VECTOR('',#5889,4.375);
#4516=CARTESIAN_POINT('',(7.28,-0.5,-12.1));
#4517=CARTESIAN_POINT('',(7.28,-0.5,-12.1));
#4518=VECTOR('',#5890,14.56);
#4519=CARTESIAN_POINT('',(7.28,-4.875,-12.1));
#4520=CARTESIAN_POINT('',(7.28,-4.875,-12.1));
#4521=VECTOR('',#5891,4.375);
#4522=CARTESIAN_POINT('',(5.33,-4.875,-12.1));
#4523=CARTESIAN_POINT('',(5.33,-4.875,-12.1));
#4524=VECTOR('',#5892,1.95);
#4525=CARTESIAN_POINT('',(5.33,-3.875,-12.1));
#4526=CARTESIAN_POINT('',(5.33,-4.875,-12.1));
#4527=VECTOR('',#5893,1.0);
#4528=CARTESIAN_POINT('',(3.33,-3.875,-12.1));
#4529=CARTESIAN_POINT('',(3.33,-3.875,-12.1));
#4530=VECTOR('',#5894,2.0);
#4531=CARTESIAN_POINT('',(3.33,-4.875,-12.1));
#4532=VECTOR('',#5895,1.0);
#4533=CARTESIAN_POINT('',(-9.0,-3.875,-12.8));
#4534=CARTESIAN_POINT('',(-9.0,-3.875,-12.6));
#4535=CARTESIAN_POINT('',(-9.0,-3.875,-12.8));
#4536=VECTOR('',#5896,0.2);
#4537=CARTESIAN_POINT('',(-9.0,-4.375,-12.8));
#4538=CARTESIAN_POINT('',(-9.0,-3.875,-12.8));
#4539=VECTOR('',#5897,0.5);
#4540=CARTESIAN_POINT('',(-9.0,-4.375,0.0));
#4541=CARTESIAN_POINT('',(-9.0,-4.375,-12.8));
#4542=VECTOR('',#5898,12.8);
#4543=CARTESIAN_POINT('',(-9.0,2.075,0.0));
#4544=CARTESIAN_POINT('',(-9.0,2.075,0.0));
#4545=VECTOR('',#5899,6.45);
#4546=CARTESIAN_POINT('',(-9.0,2.075,0.0));
#4547=VECTOR('',#5900,12.1);
#4548=CARTESIAN_POINT('',(-9.0,2.825,0.0));
#4549=CARTESIAN_POINT('',(-9.0,2.825,0.0));
#4550=VECTOR('',#5901,12.1);
#4551=CARTESIAN_POINT('',(-9.0,4.375,0.0));
#4552=CARTESIAN_POINT('',(-9.0,4.375,0.0));
#4553=VECTOR('',#5902,1.55);
#4554=CARTESIAN_POINT('',(-9.0,4.375,-12.8));
#4555=CARTESIAN_POINT('',(-9.0,4.375,-12.8));
#4556=VECTOR('',#5903,12.8);
#4557=CARTESIAN_POINT('',(-9.0,3.875,-12.8));
#4558=CARTESIAN_POINT('',(-9.0,4.375,-12.8));
#4559=VECTOR('',#5904,0.5);
#4560=CARTESIAN_POINT('',(-9.0,3.875,-12.6));
#4561=CARTESIAN_POINT('',(-9.0,3.875,-12.8));
#4562=VECTOR('',#5905,0.2);
#4563=CARTESIAN_POINT('',(-9.0,0.5,-12.6));
#4564=CARTESIAN_POINT('',(-9.0,0.5,-12.6));
#4565=VECTOR('',#5906,3.375);
#4566=CARTESIAN_POINT('',(-9.0,0.5,-12.8));
#4567=CARTESIAN_POINT('',(-9.0,0.5,-12.6));
#4568=VECTOR('',#5907,0.2);
#4569=CARTESIAN_POINT('',(-9.0,-0.5,-12.8));
#4570=CARTESIAN_POINT('',(-9.0,-0.5,-12.8));
#4571=VECTOR('',#5908,1.0);
#4572=CARTESIAN_POINT('',(-9.0,-0.5,-12.6));
#4573=CARTESIAN_POINT('',(-9.0,-0.5,-12.6));
#4574=VECTOR('',#5909,0.2);
#4575=CARTESIAN_POINT('',(-9.0,-3.875,-12.6));
#4576=VECTOR('',#5910,3.375);
#4577=CARTESIAN_POINT('',(-7.28,3.875,-12.6));
#4578=CARTESIAN_POINT('',(-9.0,3.875,-12.6));
#4579=VECTOR('',#5911,1.72);
#4580=CARTESIAN_POINT('',(-7.28,0.5,-12.6));
#4581=CARTESIAN_POINT('',(-7.28,3.875,-12.6));
#4582=VECTOR('',#5912,3.375);
#4583=CARTESIAN_POINT('',(-9.0,0.5,-12.6));
#4584=VECTOR('',#5913,1.72);
#4585=CARTESIAN_POINT('',(7.28,0.5,-12.6));
#4586=CARTESIAN_POINT('',(7.28,3.875,-12.6));
#4587=CARTESIAN_POINT('',(7.28,0.5,-12.6));
#4588=VECTOR('',#5914,3.375);
#4589=CARTESIAN_POINT('',(9.0,3.875,-12.6));
#4590=CARTESIAN_POINT('',(9.0,3.875,-12.6));
#4591=VECTOR('',#5915,1.72);
#4592=CARTESIAN_POINT('',(9.0,0.5,-12.6));
#4593=CARTESIAN_POINT('',(9.0,3.875,-12.6));
#4594=VECTOR('',#5916,3.375);
#4595=CARTESIAN_POINT('',(7.28,0.5,-12.6));
#4596=VECTOR('',#5917,1.72);
#4597=CARTESIAN_POINT('',(-7.28,-0.5,-12.6));
#4598=CARTESIAN_POINT('',(-7.28,-3.875,-12.6));
#4599=CARTESIAN_POINT('',(-7.28,-0.5,-12.6));
#4600=VECTOR('',#5918,3.375);
#4601=CARTESIAN_POINT('',(-9.0,-3.875,-12.6));
#4602=VECTOR('',#5919,1.72);
#4603=CARTESIAN_POINT('',(-9.0,-0.5,-12.6));
#4604=VECTOR('',#5920,1.72);
#4605=CARTESIAN_POINT('',(9.0,-0.5,-12.6));
#4606=CARTESIAN_POINT('',(9.0,-3.875,-12.6));
#4607=CARTESIAN_POINT('',(9.0,-0.5,-12.6));
#4608=VECTOR('',#5921,3.375);
#4609=CARTESIAN_POINT('',(7.28,-3.875,-12.6));
#4610=CARTESIAN_POINT('',(9.0,-3.875,-12.6));
#4611=VECTOR('',#5922,1.72);
#4612=CARTESIAN_POINT('',(7.28,-0.5,-12.6));
#4613=CARTESIAN_POINT('',(7.28,-3.875,-12.6));
#4614=VECTOR('',#5923,3.375);
#4615=CARTESIAN_POINT('',(7.28,-0.5,-12.6));
#4616=VECTOR('',#5924,1.72);
#4617=CARTESIAN_POINT('',(7.28,0.5,-12.1));
#4618=VECTOR('',#5925,0.5);
#4619=CARTESIAN_POINT('',(9.0,0.5,-12.8));
#4620=CARTESIAN_POINT('',(9.0,0.5,-12.6));
#4621=VECTOR('',#5926,0.2);
#4622=CARTESIAN_POINT('',(-9.0,0.5,-12.8));
#4623=VECTOR('',#5927,18.0);
#4624=CARTESIAN_POINT('',(-7.28,0.5,-12.1));
#4625=VECTOR('',#5928,0.5);
#4626=CARTESIAN_POINT('',(-7.28,3.875,-12.8));
#4627=CARTESIAN_POINT('',(-7.28,3.875,-12.8));
#4628=VECTOR('',#5929,0.2);
#4629=CARTESIAN_POINT('',(-7.28,4.875,-12.8));
#4630=CARTESIAN_POINT('',(-7.28,3.875,-12.8));
#4631=VECTOR('',#5930,1.0);
#4632=CARTESIAN_POINT('',(-7.28,4.875,-12.1));
#4633=VECTOR('',#5931,0.7);
#4634=CARTESIAN_POINT('',(-7.28,-4.875,-12.8));
#4635=CARTESIAN_POINT('',(-7.28,-4.875,-12.8));
#4636=VECTOR('',#5932,0.7);
#4637=CARTESIAN_POINT('',(-7.28,-3.875,-12.8));
#4638=CARTESIAN_POINT('',(-7.28,-4.875,-12.8));
#4639=VECTOR('',#5933,1.0);
#4640=CARTESIAN_POINT('',(-7.28,-3.875,-12.8));
#4641=VECTOR('',#5934,0.2);
#4642=CARTESIAN_POINT('',(-7.28,-0.5,-12.1));
#4643=VECTOR('',#5935,0.5);
#4644=CARTESIAN_POINT('',(1.13,4.875,-12.8));
#4645=CARTESIAN_POINT('',(1.13,4.875,-12.8));
#4646=VECTOR('',#5936,0.7);
#4647=CARTESIAN_POINT('',(-0.87,4.875,-12.8));
#4648=CARTESIAN_POINT('',(-0.87,4.875,-12.8));
#4649=VECTOR('',#5937,2.0);
#4650=CARTESIAN_POINT('',(-0.87,4.875,-12.8));
#4651=VECTOR('',#5938,0.7);
#4652=CARTESIAN_POINT('',(-3.07,4.875,-12.8));
#4653=CARTESIAN_POINT('',(-3.07,4.875,-12.8));
#4654=VECTOR('',#5939,0.7);
#4655=CARTESIAN_POINT('',(-5.07,4.875,-12.8));
#4656=CARTESIAN_POINT('',(-5.07,4.875,-12.8));
#4657=VECTOR('',#5940,2.0);
#4658=CARTESIAN_POINT('',(-5.07,4.875,-12.8));
#4659=VECTOR('',#5941,0.7);
#4660=CARTESIAN_POINT('',(-8.5,4.875,-12.8));
#4661=CARTESIAN_POINT('',(-7.28,4.875,-12.8));
#4662=VECTOR('',#5942,1.22);
#4663=CARTESIAN_POINT('',(-8.5,4.875,0.0));
#4664=CARTESIAN_POINT('',(-8.5,4.875,-12.8));
#4665=VECTOR('',#5943,12.8);
#4666=CARTESIAN_POINT('',(8.5,4.875,0.0));
#4667=CARTESIAN_POINT('',(8.5,4.875,0.0));
#4668=VECTOR('',#5944,17.0);
#4669=CARTESIAN_POINT('',(8.5,4.875,-12.8));
#4670=CARTESIAN_POINT('',(8.5,4.875,-12.8));
#4671=VECTOR('',#5945,12.8);
#4672=CARTESIAN_POINT('',(7.28,4.875,-12.8));
#4673=CARTESIAN_POINT('',(8.5,4.875,-12.8));
#4674=VECTOR('',#5946,1.22);
#4675=CARTESIAN_POINT('',(7.28,4.875,-12.8));
#4676=VECTOR('',#5947,0.7);
#4677=CARTESIAN_POINT('',(5.33,4.875,-12.8));
#4678=CARTESIAN_POINT('',(5.33,4.875,-12.8));
#4679=VECTOR('',#5948,0.7);
#4680=CARTESIAN_POINT('',(3.33,4.875,-12.8));
#4681=CARTESIAN_POINT('',(3.33,4.875,-12.8));
#4682=VECTOR('',#5949,2.0);
#4683=CARTESIAN_POINT('',(3.33,4.875,-12.8));
#4684=VECTOR('',#5950,0.7);
#4685=CARTESIAN_POINT('',(3.33,3.875,-12.8));
#4686=CARTESIAN_POINT('',(3.33,3.875,-12.8));
#4687=VECTOR('',#5951,1.0);
#4688=CARTESIAN_POINT('',(3.33,3.875,-12.8));
#4689=VECTOR('',#5952,0.7);
#4690=CARTESIAN_POINT('',(5.33,3.875,-12.8));
#4691=CARTESIAN_POINT('',(5.33,3.875,-12.8));
#4692=VECTOR('',#5953,2.0);
#4693=CARTESIAN_POINT('',(5.33,3.875,-12.8));
#4694=VECTOR('',#5954,0.7);
#4695=CARTESIAN_POINT('',(5.33,4.875,-12.8));
#4696=VECTOR('',#5955,1.0);
#4697=CARTESIAN_POINT('',(3.33,-4.875,-12.8));
#4698=CARTESIAN_POINT('',(3.33,-3.875,-12.8));
#4699=CARTESIAN_POINT('',(3.33,-4.875,-12.8));
#4700=VECTOR('',#5956,1.0);
#4701=CARTESIAN_POINT('',(5.33,-3.875,-12.8));
#4702=CARTESIAN_POINT('',(3.33,-3.875,-12.8));
#4703=VECTOR('',#5957,2.0);
#4704=CARTESIAN_POINT('',(5.33,-4.875,-12.8));
#4705=CARTESIAN_POINT('',(5.33,-3.875,-12.8));
#4706=VECTOR('',#5958,1.0);
#4707=CARTESIAN_POINT('',(5.33,-4.875,-12.8));
#4708=VECTOR('',#5959,2.0);
#4709=CARTESIAN_POINT('',(7.28,-4.875,-12.8));
#4710=CARTESIAN_POINT('',(7.28,-4.875,-12.8));
#4711=VECTOR('',#5960,0.7);
#4712=CARTESIAN_POINT('',(8.5,-4.875,-12.8));
#4713=CARTESIAN_POINT('',(7.28,-4.875,-12.8));
#4714=VECTOR('',#5961,1.22);
#4715=CARTESIAN_POINT('',(8.5,-4.875,0.0));
#4716=CARTESIAN_POINT('',(8.5,-4.875,-12.8));
#4717=VECTOR('',#5962,12.8);
#4718=CARTESIAN_POINT('',(1.725,-4.875,0.0));
#4719=CARTESIAN_POINT('',(1.725,-4.875,0.0));
#4720=VECTOR('',#5963,6.775);
#4721=CARTESIAN_POINT('',(1.725,-4.875,-3.3));
#4722=CARTESIAN_POINT('',(1.725,-4.875,0.0));
#4723=VECTOR('',#5964,3.3);
#4724=CARTESIAN_POINT('',(-1.725,-4.875,-3.3));
#4725=CARTESIAN_POINT('',(-1.725,-4.875,-3.3));
#4726=VECTOR('',#5965,3.45);
#4727=CARTESIAN_POINT('',(-1.725,-4.875,0.0));
#4728=CARTESIAN_POINT('',(-1.725,-4.875,0.0));
#4729=VECTOR('',#5966,3.3);
#4730=CARTESIAN_POINT('',(-8.5,-4.875,0.0));
#4731=CARTESIAN_POINT('',(-8.5,-4.875,0.0));
#4732=VECTOR('',#5967,6.775);
#4733=CARTESIAN_POINT('',(-8.5,-4.875,-12.8));
#4734=CARTESIAN_POINT('',(-8.5,-4.875,0.0));
#4735=VECTOR('',#5968,12.8);
#4736=CARTESIAN_POINT('',(-8.5,-4.875,-12.8));
#4737=VECTOR('',#5969,1.22);
#4738=CARTESIAN_POINT('',(-5.07,-4.875,-12.8));
#4739=CARTESIAN_POINT('',(-5.07,-4.875,-12.8));
#4740=VECTOR('',#5970,0.7);
#4741=CARTESIAN_POINT('',(-3.07,-4.875,-12.8));
#4742=VECTOR('',#5971,2.0);
#4743=CARTESIAN_POINT('',(-0.87,-4.875,-12.8));
#4744=CARTESIAN_POINT('',(-0.87,-4.875,-12.8));
#4745=VECTOR('',#5972,0.7);
#4746=CARTESIAN_POINT('',(1.13,-4.875,-12.8));
#4747=CARTESIAN_POINT('',(1.13,-4.875,-12.8));
#4748=VECTOR('',#5973,2.0);
#4749=CARTESIAN_POINT('',(1.13,-4.875,-12.8));
#4750=VECTOR('',#5974,0.7);
#4751=CARTESIAN_POINT('',(3.33,-4.875,-12.8));
#4752=VECTOR('',#5975,0.7);
#4753=CARTESIAN_POINT('',(5.33,-4.875,-12.8));
#4754=VECTOR('',#5976,0.7);
#4755=CARTESIAN_POINT('',(5.33,-3.875,-12.8));
#4756=VECTOR('',#5977,0.7);
#4757=CARTESIAN_POINT('',(3.33,-3.875,-12.8));
#4758=VECTOR('',#5978,0.7);
#4759=CARTESIAN_POINT('',(1.13,-3.875,-12.8));
#4760=CARTESIAN_POINT('',(1.13,-3.875,-12.8));
#4761=VECTOR('',#5979,1.0);
#4762=CARTESIAN_POINT('',(1.13,-3.875,-12.8));
#4763=VECTOR('',#5980,0.7);
#4764=CARTESIAN_POINT('',(-0.87,-3.875,-12.8));
#4765=CARTESIAN_POINT('',(-0.87,-3.875,-12.8));
#4766=VECTOR('',#5981,2.0);
#4767=CARTESIAN_POINT('',(-0.87,-3.875,-12.8));
#4768=VECTOR('',#5982,0.7);
#4769=CARTESIAN_POINT('',(-0.87,-4.875,-12.8));
#4770=VECTOR('',#5983,1.0);
#4771=CARTESIAN_POINT('',(1.13,3.875,-12.8));
#4772=CARTESIAN_POINT('',(-0.87,3.875,-12.8));
#4773=CARTESIAN_POINT('',(1.13,3.875,-12.8));
#4774=VECTOR('',#5984,2.0);
#4775=CARTESIAN_POINT('',(-0.87,3.875,-12.8));
#4776=VECTOR('',#5985,1.0);
#4777=CARTESIAN_POINT('',(1.13,4.875,-12.8));
#4778=VECTOR('',#5986,1.0);
#4779=CARTESIAN_POINT('',(1.13,3.875,-12.8));
#4780=VECTOR('',#5987,0.7);
#4781=CARTESIAN_POINT('',(-0.87,3.875,-12.8));
#4782=VECTOR('',#5988,0.7);
#4783=CARTESIAN_POINT('',(-3.07,3.875,-12.8));
#4784=CARTESIAN_POINT('',(-5.07,3.875,-12.8));
#4785=CARTESIAN_POINT('',(-3.07,3.875,-12.8));
#4786=VECTOR('',#5989,2.0);
#4787=CARTESIAN_POINT('',(-5.07,3.875,-12.8));
#4788=VECTOR('',#5990,1.0);
#4789=CARTESIAN_POINT('',(-3.07,4.875,-12.8));
#4790=VECTOR('',#5991,1.0);
#4791=CARTESIAN_POINT('',(-5.07,-3.875,-12.8));
#4792=CARTESIAN_POINT('',(-5.07,-4.875,-12.8));
#4793=VECTOR('',#5992,1.0);
#4794=CARTESIAN_POINT('',(-5.07,-3.875,-12.8));
#4795=VECTOR('',#5993,2.0);
#4796=CARTESIAN_POINT('',(-3.07,3.875,-12.8));
#4797=VECTOR('',#5994,0.7);
#4798=CARTESIAN_POINT('',(-5.07,3.875,-12.8));
#4799=VECTOR('',#5995,0.7);
#4800=CARTESIAN_POINT('',(-5.07,-3.875,-12.8));
#4801=VECTOR('',#5996,0.7);
#4802=CARTESIAN_POINT('',(7.28,3.875,-12.8));
#4803=CARTESIAN_POINT('',(7.28,4.875,-12.8));
#4804=VECTOR('',#5997,1.0);
#4805=CARTESIAN_POINT('',(9.0,4.375,-12.8));
#4806=AXIS2_PLACEMENT_3D('',#5998,#5999,#6000);
#4807=CARTESIAN_POINT('',(9.0,3.875,-12.8));
#4808=CARTESIAN_POINT('',(9.0,3.875,-12.8));
#4809=VECTOR('',#6001,0.5);
#4810=CARTESIAN_POINT('',(7.28,3.875,-12.8));
#4811=VECTOR('',#6002,1.72);
#4812=CARTESIAN_POINT('',(9.0,-3.875,-12.8));
#4813=CARTESIAN_POINT('',(7.28,-3.875,-12.8));
#4814=CARTESIAN_POINT('',(9.0,-3.875,-12.8));
#4815=VECTOR('',#6003,1.72);
#4816=CARTESIAN_POINT('',(9.0,-4.375,-12.8));
#4817=CARTESIAN_POINT('',(9.0,-4.375,-12.8));
#4818=VECTOR('',#6004,0.5);
#4819=AXIS2_PLACEMENT_3D('',#6005,#6006,#6007);
#4820=CARTESIAN_POINT('',(7.28,-3.875,-12.8));
#4821=VECTOR('',#6008,1.0);
#4822=CARTESIAN_POINT('',(-9.0,3.875,-12.8));
#4823=VECTOR('',#6009,1.72);
#4824=AXIS2_PLACEMENT_3D('',#6010,#6011,#6012);
#4825=AXIS2_PLACEMENT_3D('',#6013,#6014,#6015);
#4826=CARTESIAN_POINT('',(-7.28,-3.875,-12.8));
#4827=VECTOR('',#6016,1.72);
#4828=CARTESIAN_POINT('',(7.28,3.875,-12.8));
#4829=VECTOR('',#6017,0.2);
#4830=CARTESIAN_POINT('',(9.0,3.875,-12.8));
#4831=VECTOR('',#6018,0.2);
#4832=CARTESIAN_POINT('',(9.0,4.375,0.0));
#4833=CARTESIAN_POINT('',(9.0,4.375,-12.8));
#4834=VECTOR('',#6019,12.8);
#4835=CARTESIAN_POINT('',(9.0,-4.375,0.0));
#4836=CARTESIAN_POINT('',(9.0,-4.375,0.0));
#4837=VECTOR('',#6020,8.75);
#4838=CARTESIAN_POINT('',(9.0,-4.375,0.0));
#4839=VECTOR('',#6021,12.8);
#4840=CARTESIAN_POINT('',(9.0,-3.875,-12.8));
#4841=VECTOR('',#6022,0.2);
#4842=CARTESIAN_POINT('',(9.0,-0.5,-12.8));
#4843=CARTESIAN_POINT('',(9.0,-0.5,-12.6));
#4844=VECTOR('',#6023,0.2);
#4845=CARTESIAN_POINT('',(9.0,0.5,-12.8));
#4846=VECTOR('',#6024,1.0);
#4847=CARTESIAN_POINT('',(9.0,-0.5,-12.8));
#4848=VECTOR('',#6025,18.0);
#4849=CARTESIAN_POINT('',(7.28,-0.5,-12.1));
#4850=VECTOR('',#6026,0.5);
#4851=CARTESIAN_POINT('',(7.28,-3.875,-12.8));
#4852=VECTOR('',#6027,0.2);
#4853=AXIS2_PLACEMENT_3D('',#6028,#6029,#6030);
#4854=AXIS2_PLACEMENT_3D('',#6031,#6032,#6033);
#4855=AXIS2_PLACEMENT_3D('',#6034,#6035,#6036);
#4856=CARTESIAN_POINT('',(-9.0,2.825,0.0));
#4857=VECTOR('',#6037,0.025);
#4858=CARTESIAN_POINT('',(-9.025,2.075,0.0));
#4859=AXIS2_PLACEMENT_3D('',#6038,#6039,#6040);
#4860=CARTESIAN_POINT('',(-9.025,2.075,0.0));
#4861=VECTOR('',#6041,0.025);
#4862=AXIS2_PLACEMENT_3D('',#6042,#6043,#6044);
#4863=CARTESIAN_POINT('',(1.725,-4.875,0.0));
#4864=VECTOR('',#6045,3.45);
#4865=CARTESIAN_POINT('',(-4.45,4.0,0.0));
#4866=CARTESIAN_POINT('',(-8.2,4.0,0.0));
#4867=CARTESIAN_POINT('',(-4.45,4.0,0.0));
#4868=VECTOR('',#6046,3.75);
#4869=CARTESIAN_POINT('',(-4.45,0.2,0.0));
#4870=CARTESIAN_POINT('',(-4.45,0.2,0.0));
#4871=VECTOR('',#6047,3.8);
#4872=CARTESIAN_POINT('',(-8.2,0.2,0.0));
#4873=CARTESIAN_POINT('',(-8.2,0.2,0.0));
#4874=VECTOR('',#6048,3.75);
#4875=CARTESIAN_POINT('',(-8.2,4.0,0.0));
#4876=VECTOR('',#6049,3.8);
#4877=CARTESIAN_POINT('',(-0.25,-0.2,0.0));
#4878=CARTESIAN_POINT('',(-4.0,-0.2,0.0));
#4879=CARTESIAN_POINT('',(-0.25,-0.2,0.0));
#4880=VECTOR('',#6050,3.75);
#4881=CARTESIAN_POINT('',(-0.25,-4.0,0.0));
#4882=CARTESIAN_POINT('',(-0.25,-4.0,0.0));
#4883=VECTOR('',#6051,3.8);
#4884=CARTESIAN_POINT('',(-4.0,-4.0,0.0));
#4885=CARTESIAN_POINT('',(-4.0,-4.0,0.0));
#4886=VECTOR('',#6052,3.75);
#4887=CARTESIAN_POINT('',(-4.0,-0.2,0.0));
#4888=VECTOR('',#6053,3.8);
#4889=CARTESIAN_POINT('',(3.95,-0.2,0.0));
#4890=CARTESIAN_POINT('',(0.2,-0.2,0.0));
#4891=CARTESIAN_POINT('',(3.95,-0.2,0.0));
#4892=VECTOR('',#6054,3.75);
#4893=CARTESIAN_POINT('',(3.95,-4.0,0.0));
#4894=CARTESIAN_POINT('',(3.95,-4.0,0.0));
#4895=VECTOR('',#6055,3.8);
#4896=CARTESIAN_POINT('',(0.2,-4.0,0.0));
#4897=CARTESIAN_POINT('',(0.2,-4.0,0.0));
#4898=VECTOR('',#6056,3.75);
#4899=CARTESIAN_POINT('',(0.2,-0.2,0.0));
#4900=VECTOR('',#6057,3.8);
#4901=CARTESIAN_POINT('',(8.15,4.0,0.0));
#4902=CARTESIAN_POINT('',(4.4,4.0,0.0));
#4903=CARTESIAN_POINT('',(8.15,4.0,0.0));
#4904=VECTOR('',#6058,3.75);
#4905=CARTESIAN_POINT('',(8.15,0.2,0.0));
#4906=CARTESIAN_POINT('',(8.15,0.2,0.0));
#4907=VECTOR('',#6059,3.8);
#4908=CARTESIAN_POINT('',(4.4,0.2,0.0));
#4909=CARTESIAN_POINT('',(8.15,0.2,0.0));
#4910=VECTOR('',#6060,3.75);
#4911=CARTESIAN_POINT('',(4.4,4.0,0.0));
#4912=VECTOR('',#6061,3.8);
#4913=CARTESIAN_POINT('',(-8.2,-4.0,0.0));
#4914=CARTESIAN_POINT('',(-4.45,-4.0,0.0));
#4915=CARTESIAN_POINT('',(-8.2,-4.0,0.0));
#4916=VECTOR('',#6062,3.75);
#4917=CARTESIAN_POINT('',(-8.2,-1.35,0.0));
#4918=CARTESIAN_POINT('',(-8.2,-1.35,0.0));
#4919=VECTOR('',#6063,2.65);
#4920=CARTESIAN_POINT('',(-7.05,-0.2,0.0));
#4921=CARTESIAN_POINT('',(-8.2,-1.35,0.0));
#4922=VECTOR('',#6064,1.626345596729);
#4923=CARTESIAN_POINT('',(-5.6,-0.2,0.0));
#4924=CARTESIAN_POINT('',(-5.6,-0.2,0.0));
#4925=VECTOR('',#6065,1.45);
#4926=CARTESIAN_POINT('',(-4.45,-1.35,0.0));
#4927=CARTESIAN_POINT('',(-5.6,-0.2,0.0));
#4928=VECTOR('',#6066,1.626345596729);
#4929=CARTESIAN_POINT('',(-4.45,-4.0,0.0));
#4930=VECTOR('',#6067,2.65);
#4931=CARTESIAN_POINT('',(8.15,-4.0,0.0));
#4932=CARTESIAN_POINT('',(4.4,-4.0,0.0));
#4933=CARTESIAN_POINT('',(8.15,-4.0,0.0));
#4934=VECTOR('',#6068,3.75);
#4935=CARTESIAN_POINT('',(4.4,-1.35,0.0));
#4936=CARTESIAN_POINT('',(4.4,-1.35,0.0));
#4937=VECTOR('',#6069,2.65);
#4938=CARTESIAN_POINT('',(5.55,-0.2,0.0));
#4939=CARTESIAN_POINT('',(4.4,-1.35,0.0));
#4940=VECTOR('',#6070,1.626345596729);
#4941=CARTESIAN_POINT('',(7.0,-0.2,0.0));
#4942=CARTESIAN_POINT('',(7.0,-0.2,0.0));
#4943=VECTOR('',#6071,1.45);
#4944=CARTESIAN_POINT('',(8.15,-1.35,0.0));
#4945=CARTESIAN_POINT('',(7.0,-0.2,0.0));
#4946=VECTOR('',#6072,1.626345596729);
#4947=CARTESIAN_POINT('',(8.15,-4.0,0.0));
#4948=VECTOR('',#6073,2.65);
#4949=CARTESIAN_POINT('',(-4.0,0.2,0.0));
#4950=CARTESIAN_POINT('',(-0.25,0.2,0.0));
#4951=CARTESIAN_POINT('',(-4.0,0.2,0.0));
#4952=VECTOR('',#6074,3.75);
#4953=CARTESIAN_POINT('',(-4.0,2.85,0.0));
#4954=CARTESIAN_POINT('',(-4.0,2.85,0.0));
#4955=VECTOR('',#6075,2.65);
#4956=CARTESIAN_POINT('',(-2.85,4.0,0.0));
#4957=CARTESIAN_POINT('',(-4.0,2.85,0.0));
#4958=VECTOR('',#6076,1.626345596729);
#4959=CARTESIAN_POINT('',(-1.4,4.0,0.0));
#4960=CARTESIAN_POINT('',(-1.4,4.0,0.0));
#4961=VECTOR('',#6077,1.45);
#4962=CARTESIAN_POINT('',(-0.25,2.85,0.0));
#4963=CARTESIAN_POINT('',(-1.4,4.0,0.0));
#4964=VECTOR('',#6078,1.626345596729);
#4965=CARTESIAN_POINT('',(-0.25,0.2,0.0));
#4966=VECTOR('',#6079,2.65);
#4967=CARTESIAN_POINT('',(0.2,0.2,0.0));
#4968=CARTESIAN_POINT('',(3.95,0.2,0.0));
#4969=CARTESIAN_POINT('',(0.2,0.2,0.0));
#4970=VECTOR('',#6080,3.75);
#4971=CARTESIAN_POINT('',(0.2,2.85,0.0));
#4972=CARTESIAN_POINT('',(0.2,2.85,0.0));
#4973=VECTOR('',#6081,2.65);
#4974=CARTESIAN_POINT('',(1.35,4.0,0.0));
#4975=CARTESIAN_POINT('',(0.2,2.85,0.0));
#4976=VECTOR('',#6082,1.626345596729);
#4977=CARTESIAN_POINT('',(2.8,4.0,0.0));
#4978=CARTESIAN_POINT('',(2.8,4.0,0.0));
#4979=VECTOR('',#6083,1.45);
#4980=CARTESIAN_POINT('',(3.95,2.85,0.0));
#4981=CARTESIAN_POINT('',(2.8,4.0,0.0));
#4982=VECTOR('',#6084,1.626345596729);
#4983=CARTESIAN_POINT('',(3.95,0.2,0.0));
#4984=VECTOR('',#6085,2.65);
#4985=CARTESIAN_POINT('',(-1.725,-6.075,-2.3));
#4986=CARTESIAN_POINT('',(-1.725,-4.875,0.0));
#4987=VECTOR('',#6086,2.594224354215);
#4988=CARTESIAN_POINT('',(1.725,-6.075,-2.3));
#4989=CARTESIAN_POINT('',(-1.725,-6.075,-2.3));
#4990=VECTOR('',#6087,3.45);
#4991=CARTESIAN_POINT('',(1.725,-4.875,0.0));
#4992=VECTOR('',#6088,2.594224354215);
#4993=CARTESIAN_POINT('',(1.725,-6.075,-3.3));
#4994=CARTESIAN_POINT('',(1.725,-6.075,-2.3));
#4995=VECTOR('',#6089,1.0);
#4996=CARTESIAN_POINT('',(1.725,-6.075,-3.3));
#4997=VECTOR('',#6090,1.2);
#4998=CARTESIAN_POINT('',(-1.725,-6.075,-3.3));
#4999=CARTESIAN_POINT('',(-1.725,-6.075,-3.3));
#5000=VECTOR('',#6091,3.45);
#5001=CARTESIAN_POINT('',(-1.725,-6.075,-3.3));
#5002=VECTOR('',#6092,1.2);
#5003=CARTESIAN_POINT('',(-1.725,-6.075,-2.3));
#5004=VECTOR('',#6093,1.0);
#5005=CARTESIAN_POINT('',(-9.025,2.075,0.0));
#5006=VECTOR('',#6094,12.1);
#5007=CARTESIAN_POINT('',(-8.2,0.2,-9.3));
#5008=CARTESIAN_POINT('',(-8.2,0.2,0.0));
#5009=VECTOR('',#6095,9.3);
#5010=CARTESIAN_POINT('',(-8.2,4.0,-9.3));
#5011=CARTESIAN_POINT('',(-8.2,4.0,-9.3));
#5012=VECTOR('',#6096,3.8);
#5013=CARTESIAN_POINT('',(-8.2,4.0,0.0));
#5014=VECTOR('',#6097,9.3);
#5015=CARTESIAN_POINT('',(-4.45,4.0,-9.3));
#5016=CARTESIAN_POINT('',(-4.45,4.0,-9.3));
#5017=VECTOR('',#6098,3.75);
#5018=CARTESIAN_POINT('',(-4.45,4.0,0.0));
#5019=VECTOR('',#6099,9.3);
#5020=CARTESIAN_POINT('',(-4.45,0.2,-9.3));
#5021=CARTESIAN_POINT('',(-4.45,0.2,-9.3));
#5022=VECTOR('',#6100,3.8);
#5023=CARTESIAN_POINT('',(-4.45,0.2,0.0));
#5024=VECTOR('',#6101,9.3);
#5025=CARTESIAN_POINT('',(-8.2,0.2,-9.3));
#5026=VECTOR('',#6102,3.75);
#5027=CARTESIAN_POINT('',(-5.725,2.5955,-9.3));
#5028=CARTESIAN_POINT('',(-6.875,2.5955,-9.3));
#5029=CARTESIAN_POINT('',(-5.725,2.5955,-9.3));
#5030=VECTOR('',#6103,1.15);
#5031=CARTESIAN_POINT('',(-5.725,1.5955,-9.3));
#5032=CARTESIAN_POINT('',(-5.725,1.5955,-9.3));
#5033=VECTOR('',#6104,1.0);
#5034=CARTESIAN_POINT('',(-6.875,1.5955,-9.3));
#5035=CARTESIAN_POINT('',(-5.725,1.5955,-9.3));
#5036=VECTOR('',#6105,1.15);
#5037=CARTESIAN_POINT('',(-6.875,1.5955,-9.3));
#5038=VECTOR('',#6106,1.0);
#5039=CARTESIAN_POINT('',(-8.2,-1.35,-9.3));
#5040=CARTESIAN_POINT('',(-8.2,-4.0,-9.3));
#5041=CARTESIAN_POINT('',(-8.2,-1.35,-9.3));
#5042=VECTOR('',#6107,2.65);
#5043=CARTESIAN_POINT('',(-4.45,-4.0,-9.3));
#5044=CARTESIAN_POINT('',(-8.2,-4.0,-9.3));
#5045=VECTOR('',#6108,3.75);
#5046=CARTESIAN_POINT('',(-4.45,-1.35,-9.3));
#5047=CARTESIAN_POINT('',(-4.45,-4.0,-9.3));
#5048=VECTOR('',#6109,2.65);
#5049=CARTESIAN_POINT('',(-5.6,-0.2,-9.3));
#5050=CARTESIAN_POINT('',(-5.6,-0.2,-9.3));
#5051=VECTOR('',#6110,1.626345596729);
#5052=CARTESIAN_POINT('',(-7.05,-0.2,-9.3));
#5053=CARTESIAN_POINT('',(-5.6,-0.2,-9.3));
#5054=VECTOR('',#6111,1.45);
#5055=CARTESIAN_POINT('',(-8.2,-1.35,-9.3));
#5056=VECTOR('',#6112,1.626345596729);
#5057=CARTESIAN_POINT('',(-5.725,-1.5955,-9.3));
#5058=CARTESIAN_POINT('',(-6.875,-1.5955,-9.3));
#5059=CARTESIAN_POINT('',(-5.725,-1.5955,-9.3));
#5060=VECTOR('',#6113,1.15);
#5061=CARTESIAN_POINT('',(-5.725,-2.5955,-9.3));
#5062=CARTESIAN_POINT('',(-5.725,-2.5955,-9.3));
#5063=VECTOR('',#6114,1.0);
#5064=CARTESIAN_POINT('',(-6.875,-2.5955,-9.3));
#5065=CARTESIAN_POINT('',(-5.725,-2.5955,-9.3));
#5066=VECTOR('',#6115,1.15);
#5067=CARTESIAN_POINT('',(-6.875,-1.5955,-9.3));
#5068=VECTOR('',#6116,1.0);
#5069=CARTESIAN_POINT('',(-7.05,-0.2,-9.3));
#5070=VECTOR('',#6117,9.3);
#5071=CARTESIAN_POINT('',(-8.2,-1.35,-9.3));
#5072=VECTOR('',#6118,9.3);
#5073=CARTESIAN_POINT('',(-8.2,-4.0,0.0));
#5074=VECTOR('',#6119,9.3);
#5075=CARTESIAN_POINT('',(-4.45,-4.0,0.0));
#5076=VECTOR('',#6120,9.3);
#5077=CARTESIAN_POINT('',(-4.45,-1.35,-9.3));
#5078=VECTOR('',#6121,9.3);
#5079=CARTESIAN_POINT('',(-5.6,-0.2,-9.3));
#5080=VECTOR('',#6122,9.3);
#5081=CARTESIAN_POINT('',(-6.875,-2.5955,-3.3));
#5082=CARTESIAN_POINT('',(-6.875,-2.5955,-9.3));
#5083=VECTOR('',#6123,6.0);
#5084=CARTESIAN_POINT('',(-6.875,-1.5955,-3.3));
#5085=CARTESIAN_POINT('',(-6.875,-1.5955,-3.3));
#5086=VECTOR('',#6124,1.0);
#5087=CARTESIAN_POINT('',(-6.875,-1.5955,-3.3));
#5088=VECTOR('',#6125,6.0);
#5089=CARTESIAN_POINT('',(-6.875,1.5955,-3.3));
#5090=CARTESIAN_POINT('',(-6.875,1.5955,-9.3));
#5091=VECTOR('',#6126,6.0);
#5092=CARTESIAN_POINT('',(-6.875,2.5955,-3.3));
#5093=CARTESIAN_POINT('',(-6.875,2.5955,-3.3));
#5094=VECTOR('',#6127,1.0);
#5095=CARTESIAN_POINT('',(-6.875,2.5955,-3.3));
#5096=VECTOR('',#6128,6.0);
#5097=CARTESIAN_POINT('',(-5.725,-1.5955,-3.3));
#5098=CARTESIAN_POINT('',(-6.875,-1.5955,-3.3));
#5099=VECTOR('',#6129,1.15);
#5100=CARTESIAN_POINT('',(-5.725,-1.5955,-3.3));
#5101=VECTOR('',#6130,6.0);
#5102=CARTESIAN_POINT('',(-5.725,-2.5955,-3.3));
#5103=CARTESIAN_POINT('',(-5.725,-1.5955,-3.3));
#5104=VECTOR('',#6131,1.0);
#5105=CARTESIAN_POINT('',(-5.725,-2.5955,-9.3));
#5106=VECTOR('',#6132,6.0);
#5107=CARTESIAN_POINT('',(-5.725,2.5955,-3.3));
#5108=CARTESIAN_POINT('',(-5.725,2.5955,-3.3));
#5109=VECTOR('',#6133,6.0);
#5110=CARTESIAN_POINT('',(-5.725,1.5955,-3.3));
#5111=CARTESIAN_POINT('',(-5.725,2.5955,-3.3));
#5112=VECTOR('',#6134,1.0);
#5113=CARTESIAN_POINT('',(-5.725,1.5955,-9.3));
#5114=VECTOR('',#6135,6.0);
#5115=CARTESIAN_POINT('',(-6.875,-2.5955,-3.3));
#5116=VECTOR('',#6136,1.15);
#5117=CARTESIAN_POINT('',(-6.875,1.5955,-3.3));
#5118=VECTOR('',#6137,1.15);
#5119=CARTESIAN_POINT('',(-6.875,2.5955,-3.3));
#5120=VECTOR('',#6138,1.15);
#5121=CARTESIAN_POINT('',(-4.0,-4.0,-9.3));
#5122=CARTESIAN_POINT('',(-4.0,-4.0,0.0));
#5123=VECTOR('',#6139,9.3);
#5124=CARTESIAN_POINT('',(-4.0,-0.2,-9.3));
#5125=CARTESIAN_POINT('',(-4.0,-0.2,-9.3));
#5126=VECTOR('',#6140,3.8);
#5127=CARTESIAN_POINT('',(-4.0,-0.2,0.0));
#5128=VECTOR('',#6141,9.3);
#5129=CARTESIAN_POINT('',(-0.25,-0.2,-9.3));
#5130=CARTESIAN_POINT('',(-0.25,-0.2,-9.3));
#5131=VECTOR('',#6142,3.75);
#5132=CARTESIAN_POINT('',(-0.25,-0.2,0.0));
#5133=VECTOR('',#6143,9.3);
#5134=CARTESIAN_POINT('',(-0.25,-4.0,-9.3));
#5135=CARTESIAN_POINT('',(-0.25,-4.0,-9.3));
#5136=VECTOR('',#6144,3.8);
#5137=CARTESIAN_POINT('',(-0.25,-4.0,0.0));
#5138=VECTOR('',#6145,9.3);
#5139=CARTESIAN_POINT('',(-4.0,-4.0,-9.3));
#5140=VECTOR('',#6146,3.75);
#5141=CARTESIAN_POINT('',(-1.525,-1.5955,-9.3));
#5142=CARTESIAN_POINT('',(-2.675,-1.5955,-9.3));
#5143=CARTESIAN_POINT('',(-1.525,-1.5955,-9.3));
#5144=VECTOR('',#6147,1.15);
#5145=CARTESIAN_POINT('',(-1.525,-2.5955,-9.3));
#5146=CARTESIAN_POINT('',(-1.525,-2.5955,-9.3));
#5147=VECTOR('',#6148,1.0);
#5148=CARTESIAN_POINT('',(-2.675,-2.5955,-9.3));
#5149=CARTESIAN_POINT('',(-1.525,-2.5955,-9.3));
#5150=VECTOR('',#6149,1.15);
#5151=CARTESIAN_POINT('',(-2.675,-2.5955,-9.3));
#5152=VECTOR('',#6150,1.0);
#5153=CARTESIAN_POINT('',(-4.0,2.85,-9.3));
#5154=CARTESIAN_POINT('',(-4.0,0.2,-9.3));
#5155=CARTESIAN_POINT('',(-4.0,2.85,-9.3));
#5156=VECTOR('',#6151,2.65);
#5157=CARTESIAN_POINT('',(-0.25,0.2,-9.3));
#5158=CARTESIAN_POINT('',(-4.0,0.2,-9.3));
#5159=VECTOR('',#6152,3.75);
#5160=CARTESIAN_POINT('',(-0.25,2.85,-9.3));
#5161=CARTESIAN_POINT('',(-0.25,0.2,-9.3));
#5162=VECTOR('',#6153,2.65);
#5163=CARTESIAN_POINT('',(-1.4,4.0,-9.3));
#5164=CARTESIAN_POINT('',(-1.4,4.0,-9.3));
#5165=VECTOR('',#6154,1.626345596729);
#5166=CARTESIAN_POINT('',(-2.85,4.0,-9.3));
#5167=CARTESIAN_POINT('',(-1.4,4.0,-9.3));
#5168=VECTOR('',#6155,1.45);
#5169=CARTESIAN_POINT('',(-4.0,2.85,-9.3));
#5170=VECTOR('',#6156,1.626345596729);
#5171=CARTESIAN_POINT('',(-1.525,2.5955,-9.3));
#5172=CARTESIAN_POINT('',(-2.675,2.5955,-9.3));
#5173=CARTESIAN_POINT('',(-1.525,2.5955,-9.3));
#5174=VECTOR('',#6157,1.15);
#5175=CARTESIAN_POINT('',(-1.525,1.5955,-9.3));
#5176=CARTESIAN_POINT('',(-1.525,1.5955,-9.3));
#5177=VECTOR('',#6158,1.0);
#5178=CARTESIAN_POINT('',(-2.675,1.5955,-9.3));
#5179=CARTESIAN_POINT('',(-1.525,1.5955,-9.3));
#5180=VECTOR('',#6159,1.15);
#5181=CARTESIAN_POINT('',(-2.675,1.5955,-9.3));
#5182=VECTOR('',#6160,1.0);
#5183=CARTESIAN_POINT('',(-2.85,4.0,-9.3));
#5184=VECTOR('',#6161,9.3);
#5185=CARTESIAN_POINT('',(-4.0,2.85,-9.3));
#5186=VECTOR('',#6162,9.3);
#5187=CARTESIAN_POINT('',(-4.0,0.2,0.0));
#5188=VECTOR('',#6163,9.3);
#5189=CARTESIAN_POINT('',(-0.25,0.2,0.0));
#5190=VECTOR('',#6164,9.3);
#5191=CARTESIAN_POINT('',(-0.25,2.85,-9.3));
#5192=VECTOR('',#6165,9.3);
#5193=CARTESIAN_POINT('',(-1.4,4.0,-9.3));
#5194=VECTOR('',#6166,9.3);
#5195=CARTESIAN_POINT('',(-2.675,-2.5955,-3.3));
#5196=CARTESIAN_POINT('',(-2.675,-2.5955,-9.3));
#5197=VECTOR('',#6167,6.0);
#5198=CARTESIAN_POINT('',(-2.675,-1.5955,-3.3));
#5199=CARTESIAN_POINT('',(-2.675,-2.5955,-3.3));
#5200=VECTOR('',#6168,1.0);
#5201=CARTESIAN_POINT('',(-2.675,-1.5955,-3.3));
#5202=VECTOR('',#6169,6.0);
#5203=CARTESIAN_POINT('',(-2.675,1.5955,-3.3));
#5204=CARTESIAN_POINT('',(-2.675,1.5955,-9.3));
#5205=VECTOR('',#6170,6.0);
#5206=CARTESIAN_POINT('',(-2.675,2.5955,-3.3));
#5207=CARTESIAN_POINT('',(-2.675,1.5955,-3.3));
#5208=VECTOR('',#6171,1.0);
#5209=CARTESIAN_POINT('',(-2.675,2.5955,-3.3));
#5210=VECTOR('',#6172,6.0);
#5211=CARTESIAN_POINT('',(-1.525,-1.5955,-3.3));
#5212=CARTESIAN_POINT('',(-2.675,-1.5955,-3.3));
#5213=VECTOR('',#6173,1.15);
#5214=CARTESIAN_POINT('',(-1.525,-1.5955,-3.3));
#5215=VECTOR('',#6174,6.0);
#5216=CARTESIAN_POINT('',(-1.525,-2.5955,-3.3));
#5217=CARTESIAN_POINT('',(-1.525,-2.5955,-3.3));
#5218=VECTOR('',#6175,1.0);
#5219=CARTESIAN_POINT('',(-1.525,-2.5955,-9.3));
#5220=VECTOR('',#6176,6.0);
#5221=CARTESIAN_POINT('',(-1.525,2.5955,-3.3));
#5222=CARTESIAN_POINT('',(-1.525,2.5955,-3.3));
#5223=VECTOR('',#6177,6.0);
#5224=CARTESIAN_POINT('',(-1.525,1.5955,-3.3));
#5225=CARTESIAN_POINT('',(-1.525,1.5955,-3.3));
#5226=VECTOR('',#6178,1.0);
#5227=CARTESIAN_POINT('',(-1.525,1.5955,-9.3));
#5228=VECTOR('',#6179,6.0);
#5229=CARTESIAN_POINT('',(-2.675,-2.5955,-3.3));
#5230=VECTOR('',#6180,1.15);
#5231=CARTESIAN_POINT('',(-2.675,1.5955,-3.3));
#5232=VECTOR('',#6181,1.15);
#5233=CARTESIAN_POINT('',(-2.675,2.5955,-3.3));
#5234=VECTOR('',#6182,1.15);
#5235=CARTESIAN_POINT('',(0.2,-4.0,-9.3));
#5236=CARTESIAN_POINT('',(0.2,-4.0,0.0));
#5237=VECTOR('',#6183,9.3);
#5238=CARTESIAN_POINT('',(0.2,-0.2,-9.3));
#5239=CARTESIAN_POINT('',(0.2,-0.2,-9.3));
#5240=VECTOR('',#6184,3.8);
#5241=CARTESIAN_POINT('',(0.2,-0.2,0.0));
#5242=VECTOR('',#6185,9.3);
#5243=CARTESIAN_POINT('',(3.95,-0.2,-9.3));
#5244=CARTESIAN_POINT('',(3.95,-0.2,-9.3));
#5245=VECTOR('',#6186,3.75);
#5246=CARTESIAN_POINT('',(3.95,-0.2,0.0));
#5247=VECTOR('',#6187,9.3);
#5248=CARTESIAN_POINT('',(3.95,-4.0,-9.3));
#5249=CARTESIAN_POINT('',(3.95,-4.0,-9.3));
#5250=VECTOR('',#6188,3.8);
#5251=CARTESIAN_POINT('',(3.95,-4.0,0.0));
#5252=VECTOR('',#6189,9.3);
#5253=CARTESIAN_POINT('',(0.2,-4.0,-9.3));
#5254=VECTOR('',#6190,3.75);
#5255=CARTESIAN_POINT('',(2.675,-1.5955,-9.3));
#5256=CARTESIAN_POINT('',(1.525,-1.5955,-9.3));
#5257=CARTESIAN_POINT('',(2.675,-1.5955,-9.3));
#5258=VECTOR('',#6191,1.15);
#5259=CARTESIAN_POINT('',(2.675,-2.5955,-9.3));
#5260=CARTESIAN_POINT('',(2.675,-2.5955,-9.3));
#5261=VECTOR('',#6192,1.0);
#5262=CARTESIAN_POINT('',(1.525,-2.5955,-9.3));
#5263=CARTESIAN_POINT('',(2.675,-2.5955,-9.3));
#5264=VECTOR('',#6193,1.15);
#5265=CARTESIAN_POINT('',(1.525,-2.5955,-9.3));
#5266=VECTOR('',#6194,1.0);
#5267=CARTESIAN_POINT('',(0.2,2.85,-9.3));
#5268=CARTESIAN_POINT('',(0.2,0.2,-9.3));
#5269=CARTESIAN_POINT('',(0.2,2.85,-9.3));
#5270=VECTOR('',#6195,2.65);
#5271=CARTESIAN_POINT('',(3.95,0.2,-9.3));
#5272=CARTESIAN_POINT('',(0.2,0.2,-9.3));
#5273=VECTOR('',#6196,3.75);
#5274=CARTESIAN_POINT('',(3.95,2.85,-9.3));
#5275=CARTESIAN_POINT('',(3.95,0.2,-9.3));
#5276=VECTOR('',#6197,2.65);
#5277=CARTESIAN_POINT('',(2.8,4.0,-9.3));
#5278=CARTESIAN_POINT('',(2.8,4.0,-9.3));
#5279=VECTOR('',#6198,1.626345596729);
#5280=CARTESIAN_POINT('',(1.35,4.0,-9.3));
#5281=CARTESIAN_POINT('',(2.8,4.0,-9.3));
#5282=VECTOR('',#6199,1.45);
#5283=CARTESIAN_POINT('',(0.2,2.85,-9.3));
#5284=VECTOR('',#6200,1.626345596729);
#5285=CARTESIAN_POINT('',(2.675,2.5955,-9.3));
#5286=CARTESIAN_POINT('',(1.525,2.5955,-9.3));
#5287=CARTESIAN_POINT('',(2.675,2.5955,-9.3));
#5288=VECTOR('',#6201,1.15);
#5289=CARTESIAN_POINT('',(2.675,1.5955,-9.3));
#5290=CARTESIAN_POINT('',(2.675,1.5955,-9.3));
#5291=VECTOR('',#6202,1.0);
#5292=CARTESIAN_POINT('',(1.525,1.5955,-9.3));
#5293=CARTESIAN_POINT('',(2.675,1.5955,-9.3));
#5294=VECTOR('',#6203,1.15);
#5295=CARTESIAN_POINT('',(1.525,1.5955,-9.3));
#5296=VECTOR('',#6204,1.0);
#5297=CARTESIAN_POINT('',(1.35,4.0,-9.3));
#5298=VECTOR('',#6205,9.3);
#5299=CARTESIAN_POINT('',(0.2,2.85,-9.3));
#5300=VECTOR('',#6206,9.3);
#5301=CARTESIAN_POINT('',(0.2,0.2,0.0));
#5302=VECTOR('',#6207,9.3);
#5303=CARTESIAN_POINT('',(3.95,0.2,0.0));
#5304=VECTOR('',#6208,9.3);
#5305=CARTESIAN_POINT('',(3.95,2.85,-9.3));
#5306=VECTOR('',#6209,9.3);
#5307=CARTESIAN_POINT('',(2.8,4.0,-9.3));
#5308=VECTOR('',#6210,9.3);
#5309=CARTESIAN_POINT('',(1.525,-2.5955,-3.3));
#5310=CARTESIAN_POINT('',(1.525,-2.5955,-9.3));
#5311=VECTOR('',#6211,6.0);
#5312=CARTESIAN_POINT('',(1.525,-1.5955,-3.3));
#5313=CARTESIAN_POINT('',(1.525,-2.5955,-3.3));
#5314=VECTOR('',#6212,1.0);
#5315=CARTESIAN_POINT('',(1.525,-1.5955,-3.3));
#5316=VECTOR('',#6213,6.0);
#5317=CARTESIAN_POINT('',(1.525,1.5955,-3.3));
#5318=CARTESIAN_POINT('',(1.525,1.5955,-9.3));
#5319=VECTOR('',#6214,6.0);
#5320=CARTESIAN_POINT('',(1.525,2.5955,-3.3));
#5321=CARTESIAN_POINT('',(1.525,1.5955,-3.3));
#5322=VECTOR('',#6215,1.0);
#5323=CARTESIAN_POINT('',(1.525,2.5955,-3.3));
#5324=VECTOR('',#6216,6.0);
#5325=CARTESIAN_POINT('',(2.675,-1.5955,-3.3));
#5326=CARTESIAN_POINT('',(1.525,-1.5955,-3.3));
#5327=VECTOR('',#6217,1.15);
#5328=CARTESIAN_POINT('',(2.675,-1.5955,-3.3));
#5329=VECTOR('',#6218,6.0);
#5330=CARTESIAN_POINT('',(2.675,-2.5955,-3.3));
#5331=CARTESIAN_POINT('',(2.675,-2.5955,-3.3));
#5332=VECTOR('',#6219,1.0);
#5333=CARTESIAN_POINT('',(2.675,-2.5955,-9.3));
#5334=VECTOR('',#6220,6.0);
#5335=CARTESIAN_POINT('',(2.675,2.5955,-3.3));
#5336=CARTESIAN_POINT('',(2.675,2.5955,-3.3));
#5337=VECTOR('',#6221,6.0);
#5338=CARTESIAN_POINT('',(2.675,1.5955,-3.3));
#5339=CARTESIAN_POINT('',(2.675,1.5955,-3.3));
#5340=VECTOR('',#6222,1.0);
#5341=CARTESIAN_POINT('',(2.675,1.5955,-9.3));
#5342=VECTOR('',#6223,6.0);
#5343=CARTESIAN_POINT('',(1.525,-2.5955,-3.3));
#5344=VECTOR('',#6224,1.15);
#5345=CARTESIAN_POINT('',(1.525,1.5955,-3.3));
#5346=VECTOR('',#6225,1.15);
#5347=CARTESIAN_POINT('',(1.525,2.5955,-3.3));
#5348=VECTOR('',#6226,1.15);
#5349=CARTESIAN_POINT('',(4.4,0.2,-9.3));
#5350=CARTESIAN_POINT('',(4.4,0.2,0.0));
#5351=VECTOR('',#6227,9.3);
#5352=CARTESIAN_POINT('',(4.4,4.0,-9.3));
#5353=CARTESIAN_POINT('',(4.4,4.0,-9.3));
#5354=VECTOR('',#6228,3.8);
#5355=CARTESIAN_POINT('',(4.4,4.0,0.0));
#5356=VECTOR('',#6229,9.3);
#5357=CARTESIAN_POINT('',(8.15,4.0,-9.3));
#5358=CARTESIAN_POINT('',(8.15,4.0,-9.3));
#5359=VECTOR('',#6230,3.75);
#5360=CARTESIAN_POINT('',(8.15,4.0,0.0));
#5361=VECTOR('',#6231,9.3);
#5362=CARTESIAN_POINT('',(8.15,0.2,-9.3));
#5363=CARTESIAN_POINT('',(8.15,0.2,-9.3));
#5364=VECTOR('',#6232,3.8);
#5365=CARTESIAN_POINT('',(8.15,0.2,0.0));
#5366=VECTOR('',#6233,9.3);
#5367=CARTESIAN_POINT('',(4.4,0.2,-9.3));
#5368=VECTOR('',#6234,3.75);
#5369=CARTESIAN_POINT('',(6.875,2.5955,-9.3));
#5370=CARTESIAN_POINT('',(5.725,2.5955,-9.3));
#5371=CARTESIAN_POINT('',(6.875,2.5955,-9.3));
#5372=VECTOR('',#6235,1.15);
#5373=CARTESIAN_POINT('',(6.875,1.5955,-9.3));
#5374=CARTESIAN_POINT('',(6.875,1.5955,-9.3));
#5375=VECTOR('',#6236,1.0);
#5376=CARTESIAN_POINT('',(5.725,1.5955,-9.3));
#5377=CARTESIAN_POINT('',(6.875,1.5955,-9.3));
#5378=VECTOR('',#6237,1.15);
#5379=CARTESIAN_POINT('',(5.725,1.5955,-9.3));
#5380=VECTOR('',#6238,1.0);
#5381=CARTESIAN_POINT('',(4.4,-1.35,-9.3));
#5382=CARTESIAN_POINT('',(4.4,-4.0,-9.3));
#5383=CARTESIAN_POINT('',(4.4,-1.35,-9.3));
#5384=VECTOR('',#6239,2.65);
#5385=CARTESIAN_POINT('',(8.15,-4.0,-9.3));
#5386=CARTESIAN_POINT('',(4.4,-4.0,-9.3));
#5387=VECTOR('',#6240,3.75);
#5388=CARTESIAN_POINT('',(8.15,-1.35,-9.3));
#5389=CARTESIAN_POINT('',(8.15,-4.0,-9.3));
#5390=VECTOR('',#6241,2.65);
#5391=CARTESIAN_POINT('',(7.0,-0.2,-9.3));
#5392=CARTESIAN_POINT('',(7.0,-0.2,-9.3));
#5393=VECTOR('',#6242,1.626345596729);
#5394=CARTESIAN_POINT('',(5.55,-0.2,-9.3));
#5395=CARTESIAN_POINT('',(7.0,-0.2,-9.3));
#5396=VECTOR('',#6243,1.45);
#5397=CARTESIAN_POINT('',(4.4,-1.35,-9.3));
#5398=VECTOR('',#6244,1.626345596729);
#5399=CARTESIAN_POINT('',(6.875,-1.5955,-9.3));
#5400=CARTESIAN_POINT('',(5.725,-1.5955,-9.3));
#5401=CARTESIAN_POINT('',(6.875,-1.5955,-9.3));
#5402=VECTOR('',#6245,1.15);
#5403=CARTESIAN_POINT('',(6.875,-2.5955,-9.3));
#5404=CARTESIAN_POINT('',(6.875,-2.5955,-9.3));
#5405=VECTOR('',#6246,1.0);
#5406=CARTESIAN_POINT('',(5.725,-2.5955,-9.3));
#5407=CARTESIAN_POINT('',(6.875,-2.5955,-9.3));
#5408=VECTOR('',#6247,1.15);
#5409=CARTESIAN_POINT('',(5.725,-2.5955,-9.3));
#5410=VECTOR('',#6248,1.0);
#5411=CARTESIAN_POINT('',(5.55,-0.2,-9.3));
#5412=VECTOR('',#6249,9.3);
#5413=CARTESIAN_POINT('',(4.4,-1.35,-9.3));
#5414=VECTOR('',#6250,9.3);
#5415=CARTESIAN_POINT('',(4.4,-4.0,0.0));
#5416=VECTOR('',#6251,9.3);
#5417=CARTESIAN_POINT('',(8.15,-4.0,0.0));
#5418=VECTOR('',#6252,9.3);
#5419=CARTESIAN_POINT('',(8.15,-1.35,-9.3));
#5420=VECTOR('',#6253,9.3);
#5421=CARTESIAN_POINT('',(7.0,-0.2,-9.3));
#5422=VECTOR('',#6254,9.3);
#5423=CARTESIAN_POINT('',(5.725,-2.5955,-3.3));
#5424=CARTESIAN_POINT('',(5.725,-2.5955,-9.3));
#5425=VECTOR('',#6255,6.0);
#5426=CARTESIAN_POINT('',(5.725,-1.5955,-3.3));
#5427=CARTESIAN_POINT('',(5.725,-2.5955,-3.3));
#5428=VECTOR('',#6256,1.0);
#5429=CARTESIAN_POINT('',(5.725,-1.5955,-3.3));
#5430=VECTOR('',#6257,6.0);
#5431=CARTESIAN_POINT('',(5.725,1.5955,-3.3));
#5432=CARTESIAN_POINT('',(5.725,1.5955,-9.3));
#5433=VECTOR('',#6258,6.0);
#5434=CARTESIAN_POINT('',(5.725,2.5955,-3.3));
#5435=CARTESIAN_POINT('',(5.725,1.5955,-3.3));
#5436=VECTOR('',#6259,1.0);
#5437=CARTESIAN_POINT('',(5.725,2.5955,-3.3));
#5438=VECTOR('',#6260,6.0);
#5439=CARTESIAN_POINT('',(6.875,-1.5955,-3.3));
#5440=CARTESIAN_POINT('',(5.725,-1.5955,-3.3));
#5441=VECTOR('',#6261,1.15);
#5442=CARTESIAN_POINT('',(6.875,-1.5955,-3.3));
#5443=VECTOR('',#6262,6.0);
#5444=CARTESIAN_POINT('',(6.875,-2.5955,-3.3));
#5445=CARTESIAN_POINT('',(6.875,-2.5955,-3.3));
#5446=VECTOR('',#6263,1.0);
#5447=CARTESIAN_POINT('',(6.875,-2.5955,-9.3));
#5448=VECTOR('',#6264,6.0);
#5449=CARTESIAN_POINT('',(6.875,2.5955,-3.3));
#5450=CARTESIAN_POINT('',(6.875,2.5955,-3.3));
#5451=VECTOR('',#6265,6.0);
#5452=CARTESIAN_POINT('',(6.875,1.5955,-3.3));
#5453=CARTESIAN_POINT('',(6.875,1.5955,-3.3));
#5454=VECTOR('',#6266,1.0);
#5455=CARTESIAN_POINT('',(6.875,1.5955,-9.3));
#5456=VECTOR('',#6267,6.0);
#5457=CARTESIAN_POINT('',(5.725,-2.5955,-3.3));
#5458=VECTOR('',#6268,1.15);
#5459=CARTESIAN_POINT('',(5.725,1.5955,-3.3));
#5460=VECTOR('',#6269,1.15);
#5461=CARTESIAN_POINT('',(5.725,2.5955,-3.3));
#5462=VECTOR('',#6270,1.15);
#5463=CARTESIAN_POINT('',(-6.875,2.8,-16.3));
#5464=CARTESIAN_POINT('',(-6.875,3.1,-16.3));
#5465=CARTESIAN_POINT('',(-6.875,2.8,-16.3));
#5466=VECTOR('',#6271,0.3);
#5467=CARTESIAN_POINT('',(-6.875,2.8,-15.4));
#5468=CARTESIAN_POINT('',(-6.875,2.8,-15.4));
#5469=VECTOR('',#6272,0.9);
#5470=CARTESIAN_POINT('',(-6.875,2.4,-15.4));
#5471=CARTESIAN_POINT('',(-6.875,2.4,-15.4));
#5472=VECTOR('',#6273,0.4);
#5473=CARTESIAN_POINT('',(-6.875,2.4,-12.6));
#5474=CARTESIAN_POINT('',(-6.875,2.4,-12.6));
#5475=VECTOR('',#6274,2.8);
#5476=CARTESIAN_POINT('',(-6.875,3.1,-12.6));
#5477=CARTESIAN_POINT('',(-6.875,2.4,-12.6));
#5478=VECTOR('',#6275,0.7);
#5479=CARTESIAN_POINT('',(-6.875,3.1,-16.3));
#5480=VECTOR('',#6276,3.7);
#5481=CARTESIAN_POINT('',(-5.725,3.1,-12.6));
#5482=CARTESIAN_POINT('',(-6.875,3.1,-12.6));
#5483=VECTOR('',#6277,1.15);
#5484=CARTESIAN_POINT('',(-5.725,3.1,-16.3));
#5485=CARTESIAN_POINT('',(-5.725,3.1,-16.3));
#5486=VECTOR('',#6278,3.7);
#5487=CARTESIAN_POINT('',(-5.725,3.1,-16.3));
#5488=VECTOR('',#6279,1.15);
#5489=CARTESIAN_POINT('',(-5.725,2.8,-16.3));
#5490=CARTESIAN_POINT('',(-5.725,2.8,-16.3));
#5491=VECTOR('',#6280,0.3);
#5492=CARTESIAN_POINT('',(-5.725,2.8,-16.3));
#5493=VECTOR('',#6281,1.15);
#5494=CARTESIAN_POINT('',(-5.725,2.8,-15.4));
#5495=CARTESIAN_POINT('',(-5.725,2.8,-15.4));
#5496=VECTOR('',#6282,0.9);
#5497=CARTESIAN_POINT('',(-5.725,2.8,-15.4));
#5498=VECTOR('',#6283,1.15);
#5499=CARTESIAN_POINT('',(-5.725,2.4,-15.4));
#5500=CARTESIAN_POINT('',(-5.725,2.4,-15.4));
#5501=VECTOR('',#6284,0.4);
#5502=CARTESIAN_POINT('',(-5.725,2.4,-15.4));
#5503=VECTOR('',#6285,1.15);
#5504=CARTESIAN_POINT('',(-5.725,2.4,-12.6));
#5505=CARTESIAN_POINT('',(-5.725,2.4,-12.6));
#5506=VECTOR('',#6286,2.8);
#5507=CARTESIAN_POINT('',(-6.875,2.4,-12.6));
#5508=VECTOR('',#6287,1.15);
#5509=CARTESIAN_POINT('',(-5.725,2.4,-12.6));
#5510=VECTOR('',#6288,0.7);
#5511=CARTESIAN_POINT('',(-6.875,-2.4,-12.6));
#5512=CARTESIAN_POINT('',(-6.875,-2.4,-15.4));
#5513=CARTESIAN_POINT('',(-6.875,-2.4,-12.6));
#5514=VECTOR('',#6289,2.8);
#5515=CARTESIAN_POINT('',(-6.875,-2.8,-15.4));
#5516=CARTESIAN_POINT('',(-6.875,-2.4,-15.4));
#5517=VECTOR('',#6290,0.4);
#5518=CARTESIAN_POINT('',(-6.875,-2.8,-16.3));
#5519=CARTESIAN_POINT('',(-6.875,-2.8,-15.4));
#5520=VECTOR('',#6291,0.9);
#5521=CARTESIAN_POINT('',(-6.875,-3.1,-16.3));
#5522=CARTESIAN_POINT('',(-6.875,-2.8,-16.3));
#5523=VECTOR('',#6292,0.3);
#5524=CARTESIAN_POINT('',(-6.875,-3.1,-12.6));
#5525=CARTESIAN_POINT('',(-6.875,-3.1,-16.3));
#5526=VECTOR('',#6293,3.7);
#5527=CARTESIAN_POINT('',(-6.875,-3.1,-12.6));
#5528=VECTOR('',#6294,0.7);
#5529=CARTESIAN_POINT('',(-5.725,-3.1,-12.6));
#5530=CARTESIAN_POINT('',(-6.875,-3.1,-12.6));
#5531=VECTOR('',#6295,1.15);
#5532=CARTESIAN_POINT('',(-5.725,-2.4,-12.6));
#5533=CARTESIAN_POINT('',(-5.725,-3.1,-12.6));
#5534=VECTOR('',#6296,0.7);
#5535=CARTESIAN_POINT('',(-6.875,-2.4,-12.6));
#5536=VECTOR('',#6297,1.15);
#5537=CARTESIAN_POINT('',(-5.725,-2.4,-15.4));
#5538=CARTESIAN_POINT('',(-5.725,-2.4,-12.6));
#5539=VECTOR('',#6298,2.8);
#5540=CARTESIAN_POINT('',(-6.875,-2.4,-15.4));
#5541=VECTOR('',#6299,1.15);
#5542=CARTESIAN_POINT('',(-5.725,-2.8,-15.4));
#5543=CARTESIAN_POINT('',(-5.725,-2.4,-15.4));
#5544=VECTOR('',#6300,0.4);
#5545=CARTESIAN_POINT('',(-6.875,-2.8,-15.4));
#5546=VECTOR('',#6301,1.15);
#5547=CARTESIAN_POINT('',(-5.725,-2.8,-16.3));
#5548=CARTESIAN_POINT('',(-5.725,-2.8,-15.4));
#5549=VECTOR('',#6302,0.9);
#5550=CARTESIAN_POINT('',(-6.875,-2.8,-16.3));
#5551=VECTOR('',#6303,1.15);
#5552=CARTESIAN_POINT('',(-5.725,-3.1,-16.3));
#5553=CARTESIAN_POINT('',(-5.725,-2.8,-16.3));
#5554=VECTOR('',#6304,0.3);
#5555=CARTESIAN_POINT('',(-6.875,-3.1,-16.3));
#5556=VECTOR('',#6305,1.15);
#5557=CARTESIAN_POINT('',(-5.725,-3.1,-16.3));
#5558=VECTOR('',#6306,3.7);
#5559=CARTESIAN_POINT('',(-2.675,3.1,-16.3));
#5560=CARTESIAN_POINT('',(-2.675,2.8,-16.3));
#5561=CARTESIAN_POINT('',(-2.675,3.1,-16.3));
#5562=VECTOR('',#6307,0.3);
#5563=CARTESIAN_POINT('',(-2.675,2.8,-15.4));
#5564=CARTESIAN_POINT('',(-2.675,2.8,-16.3));
#5565=VECTOR('',#6308,0.9);
#5566=CARTESIAN_POINT('',(-2.675,2.4,-15.4));
#5567=CARTESIAN_POINT('',(-2.675,2.8,-15.4));
#5568=VECTOR('',#6309,0.4);
#5569=CARTESIAN_POINT('',(-2.675,2.4,-12.6));
#5570=CARTESIAN_POINT('',(-2.675,2.4,-15.4));
#5571=VECTOR('',#6310,2.8);
#5572=CARTESIAN_POINT('',(-2.675,3.1,-12.6));
#5573=CARTESIAN_POINT('',(-2.675,2.4,-12.6));
#5574=VECTOR('',#6311,0.7);
#5575=CARTESIAN_POINT('',(-2.675,3.1,-12.6));
#5576=VECTOR('',#6312,3.7);
#5577=CARTESIAN_POINT('',(-1.525,3.1,-12.6));
#5578=CARTESIAN_POINT('',(-2.675,3.1,-12.6));
#5579=VECTOR('',#6313,1.15);
#5580=CARTESIAN_POINT('',(-1.525,3.1,-16.3));
#5581=CARTESIAN_POINT('',(-1.525,3.1,-12.6));
#5582=VECTOR('',#6314,3.7);
#5583=CARTESIAN_POINT('',(-2.675,3.1,-16.3));
#5584=VECTOR('',#6315,1.15);
#5585=CARTESIAN_POINT('',(-1.525,2.8,-16.3));
#5586=CARTESIAN_POINT('',(-1.525,3.1,-16.3));
#5587=VECTOR('',#6316,0.3);
#5588=CARTESIAN_POINT('',(-2.675,2.8,-16.3));
#5589=VECTOR('',#6317,1.15);
#5590=CARTESIAN_POINT('',(-1.525,2.8,-15.4));
#5591=CARTESIAN_POINT('',(-1.525,2.8,-16.3));
#5592=VECTOR('',#6318,0.9);
#5593=CARTESIAN_POINT('',(-2.675,2.8,-15.4));
#5594=VECTOR('',#6319,1.15);
#5595=CARTESIAN_POINT('',(-1.525,2.4,-15.4));
#5596=CARTESIAN_POINT('',(-1.525,2.8,-15.4));
#5597=VECTOR('',#6320,0.4);
#5598=CARTESIAN_POINT('',(-2.675,2.4,-15.4));
#5599=VECTOR('',#6321,1.15);
#5600=CARTESIAN_POINT('',(-1.525,2.4,-12.6));
#5601=CARTESIAN_POINT('',(-1.525,2.4,-15.4));
#5602=VECTOR('',#6322,2.8);
#5603=CARTESIAN_POINT('',(-2.675,2.4,-12.6));
#5604=VECTOR('',#6323,1.15);
#5605=CARTESIAN_POINT('',(-1.525,2.4,-12.6));
#5606=VECTOR('',#6324,0.7);
#5607=CARTESIAN_POINT('',(-2.675,-2.4,-12.6));
#5608=CARTESIAN_POINT('',(-2.675,-2.4,-15.4));
#5609=CARTESIAN_POINT('',(-2.675,-2.4,-12.6));
#5610=VECTOR('',#6325,2.8);
#5611=CARTESIAN_POINT('',(-2.675,-2.8,-15.4));
#5612=CARTESIAN_POINT('',(-2.675,-2.4,-15.4));
#5613=VECTOR('',#6326,0.4);
#5614=CARTESIAN_POINT('',(-2.675,-2.8,-16.3));
#5615=CARTESIAN_POINT('',(-2.675,-2.8,-15.4));
#5616=VECTOR('',#6327,0.9);
#5617=CARTESIAN_POINT('',(-2.675,-3.1,-16.3));
#5618=CARTESIAN_POINT('',(-2.675,-2.8,-16.3));
#5619=VECTOR('',#6328,0.3);
#5620=CARTESIAN_POINT('',(-2.675,-3.1,-12.6));
#5621=CARTESIAN_POINT('',(-2.675,-3.1,-16.3));
#5622=VECTOR('',#6329,3.7);
#5623=CARTESIAN_POINT('',(-2.675,-3.1,-12.6));
#5624=VECTOR('',#6330,0.7);
#5625=CARTESIAN_POINT('',(-1.525,-3.1,-12.6));
#5626=CARTESIAN_POINT('',(-2.675,-3.1,-12.6));
#5627=VECTOR('',#6331,1.15);
#5628=CARTESIAN_POINT('',(-1.525,-2.4,-12.6));
#5629=CARTESIAN_POINT('',(-1.525,-3.1,-12.6));
#5630=VECTOR('',#6332,0.7);
#5631=CARTESIAN_POINT('',(-2.675,-2.4,-12.6));
#5632=VECTOR('',#6333,1.15);
#5633=CARTESIAN_POINT('',(-1.525,-2.4,-15.4));
#5634=CARTESIAN_POINT('',(-1.525,-2.4,-12.6));
#5635=VECTOR('',#6334,2.8);
#5636=CARTESIAN_POINT('',(-2.675,-2.4,-15.4));
#5637=VECTOR('',#6335,1.15);
#5638=CARTESIAN_POINT('',(-1.525,-2.8,-15.4));
#5639=CARTESIAN_POINT('',(-1.525,-2.4,-15.4));
#5640=VECTOR('',#6336,0.4);
#5641=CARTESIAN_POINT('',(-2.675,-2.8,-15.4));
#5642=VECTOR('',#6337,1.15);
#5643=CARTESIAN_POINT('',(-1.525,-2.8,-16.3));
#5644=CARTESIAN_POINT('',(-1.525,-2.8,-15.4));
#5645=VECTOR('',#6338,0.9);
#5646=CARTESIAN_POINT('',(-2.675,-2.8,-16.3));
#5647=VECTOR('',#6339,1.15);
#5648=CARTESIAN_POINT('',(-1.525,-3.1,-16.3));
#5649=CARTESIAN_POINT('',(-1.525,-2.8,-16.3));
#5650=VECTOR('',#6340,0.3);
#5651=CARTESIAN_POINT('',(-2.675,-3.1,-16.3));
#5652=VECTOR('',#6341,1.15);
#5653=CARTESIAN_POINT('',(-1.525,-3.1,-16.3));
#5654=VECTOR('',#6342,3.7);
#5655=CARTESIAN_POINT('',(1.525,3.1,-16.3));
#5656=CARTESIAN_POINT('',(1.525,2.8,-16.3));
#5657=CARTESIAN_POINT('',(1.525,3.1,-16.3));
#5658=VECTOR('',#6343,0.3);
#5659=CARTESIAN_POINT('',(1.525,2.8,-15.4));
#5660=CARTESIAN_POINT('',(1.525,2.8,-16.3));
#5661=VECTOR('',#6344,0.9);
#5662=CARTESIAN_POINT('',(1.525,2.4,-15.4));
#5663=CARTESIAN_POINT('',(1.525,2.8,-15.4));
#5664=VECTOR('',#6345,0.4);
#5665=CARTESIAN_POINT('',(1.525,2.4,-12.6));
#5666=CARTESIAN_POINT('',(1.525,2.4,-15.4));
#5667=VECTOR('',#6346,2.8);
#5668=CARTESIAN_POINT('',(1.525,3.1,-12.6));
#5669=CARTESIAN_POINT('',(1.525,2.4,-12.6));
#5670=VECTOR('',#6347,0.7);
#5671=CARTESIAN_POINT('',(1.525,3.1,-12.6));
#5672=VECTOR('',#6348,3.7);
#5673=CARTESIAN_POINT('',(2.675,3.1,-12.6));
#5674=CARTESIAN_POINT('',(1.525,3.1,-12.6));
#5675=VECTOR('',#6349,1.15);
#5676=CARTESIAN_POINT('',(2.675,3.1,-16.3));
#5677=CARTESIAN_POINT('',(2.675,3.1,-12.6));
#5678=VECTOR('',#6350,3.7);
#5679=CARTESIAN_POINT('',(1.525,3.1,-16.3));
#5680=VECTOR('',#6351,1.15);
#5681=CARTESIAN_POINT('',(2.675,2.8,-16.3));
#5682=CARTESIAN_POINT('',(2.675,3.1,-16.3));
#5683=VECTOR('',#6352,0.3);
#5684=CARTESIAN_POINT('',(1.525,2.8,-16.3));
#5685=VECTOR('',#6353,1.15);
#5686=CARTESIAN_POINT('',(2.675,2.8,-15.4));
#5687=CARTESIAN_POINT('',(2.675,2.8,-16.3));
#5688=VECTOR('',#6354,0.9);
#5689=CARTESIAN_POINT('',(1.525,2.8,-15.4));
#5690=VECTOR('',#6355,1.15);
#5691=CARTESIAN_POINT('',(2.675,2.4,-15.4));
#5692=CARTESIAN_POINT('',(2.675,2.8,-15.4));
#5693=VECTOR('',#6356,0.4);
#5694=CARTESIAN_POINT('',(1.525,2.4,-15.4));
#5695=VECTOR('',#6357,1.15);
#5696=CARTESIAN_POINT('',(2.675,2.4,-12.6));
#5697=CARTESIAN_POINT('',(2.675,2.4,-15.4));
#5698=VECTOR('',#6358,2.8);
#5699=CARTESIAN_POINT('',(1.525,2.4,-12.6));
#5700=VECTOR('',#6359,1.15);
#5701=CARTESIAN_POINT('',(2.675,2.4,-12.6));
#5702=VECTOR('',#6360,0.7);
#5703=CARTESIAN_POINT('',(1.525,-2.4,-12.6));
#5704=CARTESIAN_POINT('',(1.525,-2.4,-15.4));
#5705=CARTESIAN_POINT('',(1.525,-2.4,-12.6));
#5706=VECTOR('',#6361,2.8);
#5707=CARTESIAN_POINT('',(1.525,-2.8,-15.4));
#5708=CARTESIAN_POINT('',(1.525,-2.4,-15.4));
#5709=VECTOR('',#6362,0.4);
#5710=CARTESIAN_POINT('',(1.525,-2.8,-16.3));
#5711=CARTESIAN_POINT('',(1.525,-2.8,-15.4));
#5712=VECTOR('',#6363,0.9);
#5713=CARTESIAN_POINT('',(1.525,-3.1,-16.3));
#5714=CARTESIAN_POINT('',(1.525,-2.8,-16.3));
#5715=VECTOR('',#6364,0.3);
#5716=CARTESIAN_POINT('',(1.525,-3.1,-12.6));
#5717=CARTESIAN_POINT('',(1.525,-3.1,-16.3));
#5718=VECTOR('',#6365,3.7);
#5719=CARTESIAN_POINT('',(1.525,-3.1,-12.6));
#5720=VECTOR('',#6366,0.7);
#5721=CARTESIAN_POINT('',(2.675,-3.1,-12.6));
#5722=CARTESIAN_POINT('',(1.525,-3.1,-12.6));
#5723=VECTOR('',#6367,1.15);
#5724=CARTESIAN_POINT('',(2.675,-2.4,-12.6));
#5725=CARTESIAN_POINT('',(2.675,-3.1,-12.6));
#5726=VECTOR('',#6368,0.7);
#5727=CARTESIAN_POINT('',(1.525,-2.4,-12.6));
#5728=VECTOR('',#6369,1.15);
#5729=CARTESIAN_POINT('',(2.675,-2.4,-15.4));
#5730=CARTESIAN_POINT('',(2.675,-2.4,-12.6));
#5731=VECTOR('',#6370,2.8);
#5732=CARTESIAN_POINT('',(1.525,-2.4,-15.4));
#5733=VECTOR('',#6371,1.15);
#5734=CARTESIAN_POINT('',(2.675,-2.8,-15.4));
#5735=CARTESIAN_POINT('',(2.675,-2.4,-15.4));
#5736=VECTOR('',#6372,0.4);
#5737=CARTESIAN_POINT('',(1.525,-2.8,-15.4));
#5738=VECTOR('',#6373,1.15);
#5739=CARTESIAN_POINT('',(2.675,-2.8,-16.3));
#5740=CARTESIAN_POINT('',(2.675,-2.8,-15.4));
#5741=VECTOR('',#6374,0.9);
#5742=CARTESIAN_POINT('',(1.525,-2.8,-16.3));
#5743=VECTOR('',#6375,1.15);
#5744=CARTESIAN_POINT('',(2.675,-3.1,-16.3));
#5745=CARTESIAN_POINT('',(2.675,-2.8,-16.3));
#5746=VECTOR('',#6376,0.3);
#5747=CARTESIAN_POINT('',(1.525,-3.1,-16.3));
#5748=VECTOR('',#6377,1.15);
#5749=CARTESIAN_POINT('',(2.675,-3.1,-16.3));
#5750=VECTOR('',#6378,3.7);
#5751=CARTESIAN_POINT('',(5.725,3.1,-16.3));
#5752=CARTESIAN_POINT('',(5.725,2.8,-16.3));
#5753=CARTESIAN_POINT('',(5.725,3.1,-16.3));
#5754=VECTOR('',#6379,0.3);
#5755=CARTESIAN_POINT('',(5.725,2.8,-15.4));
#5756=CARTESIAN_POINT('',(5.725,2.8,-16.3));
#5757=VECTOR('',#6380,0.9);
#5758=CARTESIAN_POINT('',(5.725,2.4,-15.4));
#5759=CARTESIAN_POINT('',(5.725,2.8,-15.4));
#5760=VECTOR('',#6381,0.4);
#5761=CARTESIAN_POINT('',(5.725,2.4,-12.6));
#5762=CARTESIAN_POINT('',(5.725,2.4,-15.4));
#5763=VECTOR('',#6382,2.8);
#5764=CARTESIAN_POINT('',(5.725,3.1,-12.6));
#5765=CARTESIAN_POINT('',(5.725,2.4,-12.6));
#5766=VECTOR('',#6383,0.7);
#5767=CARTESIAN_POINT('',(5.725,3.1,-12.6));
#5768=VECTOR('',#6384,3.7);
#5769=CARTESIAN_POINT('',(6.875,3.1,-12.6));
#5770=CARTESIAN_POINT('',(5.725,3.1,-12.6));
#5771=VECTOR('',#6385,1.15);
#5772=CARTESIAN_POINT('',(6.875,3.1,-16.3));
#5773=CARTESIAN_POINT('',(6.875,3.1,-12.6));
#5774=VECTOR('',#6386,3.7);
#5775=CARTESIAN_POINT('',(5.725,3.1,-16.3));
#5776=VECTOR('',#6387,1.15);
#5777=CARTESIAN_POINT('',(6.875,2.8,-16.3));
#5778=CARTESIAN_POINT('',(6.875,3.1,-16.3));
#5779=VECTOR('',#6388,0.3);
#5780=CARTESIAN_POINT('',(5.725,2.8,-16.3));
#5781=VECTOR('',#6389,1.15);
#5782=CARTESIAN_POINT('',(6.875,2.8,-15.4));
#5783=CARTESIAN_POINT('',(6.875,2.8,-16.3));
#5784=VECTOR('',#6390,0.9);
#5785=CARTESIAN_POINT('',(5.725,2.8,-15.4));
#5786=VECTOR('',#6391,1.15);
#5787=CARTESIAN_POINT('',(6.875,2.4,-15.4));
#5788=CARTESIAN_POINT('',(6.875,2.8,-15.4));
#5789=VECTOR('',#6392,0.4);
#5790=CARTESIAN_POINT('',(5.725,2.4,-15.4));
#5791=VECTOR('',#6393,1.15);
#5792=CARTESIAN_POINT('',(6.875,2.4,-12.6));
#5793=CARTESIAN_POINT('',(6.875,2.4,-15.4));
#5794=VECTOR('',#6394,2.8);
#5795=CARTESIAN_POINT('',(5.725,2.4,-12.6));
#5796=VECTOR('',#6395,1.15);
#5797=CARTESIAN_POINT('',(6.875,2.4,-12.6));
#5798=VECTOR('',#6396,0.7);
#5799=CARTESIAN_POINT('',(5.725,-2.4,-12.6));
#5800=CARTESIAN_POINT('',(5.725,-2.4,-15.4));
#5801=CARTESIAN_POINT('',(5.725,-2.4,-12.6));
#5802=VECTOR('',#6397,2.8);
#5803=CARTESIAN_POINT('',(5.725,-2.8,-15.4));
#5804=CARTESIAN_POINT('',(5.725,-2.4,-15.4));
#5805=VECTOR('',#6398,0.4);
#5806=CARTESIAN_POINT('',(5.725,-2.8,-16.3));
#5807=CARTESIAN_POINT('',(5.725,-2.8,-15.4));
#5808=VECTOR('',#6399,0.9);
#5809=CARTESIAN_POINT('',(5.725,-3.1,-16.3));
#5810=CARTESIAN_POINT('',(5.725,-2.8,-16.3));
#5811=VECTOR('',#6400,0.3);
#5812=CARTESIAN_POINT('',(5.725,-3.1,-12.6));
#5813=CARTESIAN_POINT('',(5.725,-3.1,-16.3));
#5814=VECTOR('',#6401,3.7);
#5815=CARTESIAN_POINT('',(5.725,-3.1,-12.6));
#5816=VECTOR('',#6402,0.7);
#5817=CARTESIAN_POINT('',(6.875,-3.1,-12.6));
#5818=CARTESIAN_POINT('',(5.725,-3.1,-12.6));
#5819=VECTOR('',#6403,1.15);
#5820=CARTESIAN_POINT('',(6.875,-2.4,-12.6));
#5821=CARTESIAN_POINT('',(6.875,-3.1,-12.6));
#5822=VECTOR('',#6404,0.7);
#5823=CARTESIAN_POINT('',(5.725,-2.4,-12.6));
#5824=VECTOR('',#6405,1.15);
#5825=CARTESIAN_POINT('',(6.875,-2.4,-15.4));
#5826=CARTESIAN_POINT('',(6.875,-2.4,-12.6));
#5827=VECTOR('',#6406,2.8);
#5828=CARTESIAN_POINT('',(5.725,-2.4,-15.4));
#5829=VECTOR('',#6407,1.15);
#5830=CARTESIAN_POINT('',(6.875,-2.8,-15.4));
#5831=CARTESIAN_POINT('',(6.875,-2.4,-15.4));
#5832=VECTOR('',#6408,0.4);
#5833=CARTESIAN_POINT('',(5.725,-2.8,-15.4));
#5834=VECTOR('',#6409,1.15);
#5835=CARTESIAN_POINT('',(6.875,-2.8,-16.3));
#5836=CARTESIAN_POINT('',(6.875,-2.8,-15.4));
#5837=VECTOR('',#6410,0.9);
#5838=CARTESIAN_POINT('',(5.725,-2.8,-16.3));
#5839=VECTOR('',#6411,1.15);
#5840=CARTESIAN_POINT('',(6.875,-3.1,-16.3));
#5841=CARTESIAN_POINT('',(6.875,-2.8,-16.3));
#5842=VECTOR('',#6412,0.3);
#5843=CARTESIAN_POINT('',(5.725,-3.1,-16.3));
#5844=VECTOR('',#6413,1.15);
#5845=CARTESIAN_POINT('',(6.875,-3.1,-16.3));
#5846=VECTOR('',#6414,3.7);
#5847=DIRECTION('',(0.0,0.0,-1.0));
#5848=CARTESIAN_POINT('',(-9.025,2.45,0.0));
#5849=DIRECTION('',(0.0,-0.0,1.0));
#5850=DIRECTION('',(0.0,1.0,0.0));
#5851=DIRECTION('',(0.0,0.0,-1.0));
#5852=CARTESIAN_POINT('',(-9.025,2.45,-12.1));
#5853=DIRECTION('',(0.0,-0.0,1.0));
#5854=DIRECTION('',(0.0,1.0,0.0));
#5855=DIRECTION('',(0.0,0.0,1.0));
#5856=DIRECTION('',(0.0,-1.0,0.0));
#5857=DIRECTION('',(0.0,0.0,1.0));
#5858=DIRECTION('',(0.0,1.0,0.0));
#5859=DIRECTION('',(1.0,1.7763568394E-14,0.0));
#5860=CARTESIAN_POINT('',(-9.025,2.45,-12.1));
#5861=DIRECTION('',(0.0,-0.0,1.0));
#5862=DIRECTION('',(0.0,1.0,0.0));
#5863=DIRECTION('',(-1.0,0.0,0.0));
#5864=DIRECTION('',(0.0,1.0,0.0));
#5865=DIRECTION('',(-1.0,0.0,0.0));
#5866=DIRECTION('',(0.0,1.0,0.0));
#5867=DIRECTION('',(-1.0,0.0,0.0));
#5868=DIRECTION('',(0.0,1.0,0.0));
#5869=DIRECTION('',(-1.0,0.0,0.0));
#5870=DIRECTION('',(0.0,-1.0,0.0));
#5871=DIRECTION('',(-1.0,0.0,0.0));
#5872=DIRECTION('',(0.0,-1.0,0.0));
#5873=DIRECTION('',(-1.0,0.0,0.0));
#5874=DIRECTION('',(0.0,-1.0,0.0));
#5875=DIRECTION('',(-1.0,0.0,0.0));
#5876=DIRECTION('',(0.0,-1.0,0.0));
#5877=DIRECTION('',(-1.0,0.0,0.0));
#5878=DIRECTION('',(0.0,-1.0,0.0));
#5879=DIRECTION('',(-1.0,0.0,0.0));
#5880=DIRECTION('',(0.0,-1.0,0.0));
#5881=DIRECTION('',(1.0,0.0,0.0));
#5882=DIRECTION('',(0.0,1.0,0.0));
#5883=DIRECTION('',(1.0,0.0,0.0));
#5884=DIRECTION('',(0.0,1.0,0.0));
#5885=DIRECTION('',(1.0,0.0,0.0));
#5886=DIRECTION('',(1.0,0.0,0.0));
#5887=DIRECTION('',(0.0,1.0,0.0));
#5888=DIRECTION('',(1.0,0.0,0.0));
#5889=DIRECTION('',(0.0,1.0,0.0));
#5890=DIRECTION('',(-1.0,0.0,0.0));
#5891=DIRECTION('',(0.0,1.0,0.0));
#5892=DIRECTION('',(1.0,0.0,0.0));
#5893=DIRECTION('',(0.0,1.0,0.0));
#5894=DIRECTION('',(1.0,0.0,0.0));
#5895=DIRECTION('',(0.0,1.0,0.0));
#5896=DIRECTION('',(0.0,0.0,1.0));
#5897=DIRECTION('',(0.0,-1.0,0.0));
#5898=DIRECTION('',(0.0,0.0,1.0));
#5899=DIRECTION('',(0.0,-1.0,0.0));
#5900=DIRECTION('',(0.0,0.0,-1.0));
#5901=DIRECTION('',(0.0,0.0,-1.0));
#5902=DIRECTION('',(0.0,-1.0,0.0));
#5903=DIRECTION('',(0.0,0.0,1.0));
#5904=DIRECTION('',(0.0,-1.0,0.0));
#5905=DIRECTION('',(0.0,0.0,1.0));
#5906=DIRECTION('',(0.0,1.0,0.0));
#5907=DIRECTION('',(0.0,0.0,-1.0));
#5908=DIRECTION('',(0.0,1.0,0.0));
#5909=DIRECTION('',(0.0,0.0,-1.0));
#5910=DIRECTION('',(0.0,1.0,0.0));
#5911=DIRECTION('',(1.0,0.0,0.0));
#5912=DIRECTION('',(0.0,-1.0,0.0));
#5913=DIRECTION('',(1.0,0.0,0.0));
#5914=DIRECTION('',(0.0,1.0,0.0));
#5915=DIRECTION('',(-1.0,0.0,0.0));
#5916=DIRECTION('',(0.0,-1.0,0.0));
#5917=DIRECTION('',(1.0,0.0,0.0));
#5918=DIRECTION('',(0.0,-1.0,0.0));
#5919=DIRECTION('',(1.0,0.0,0.0));
#5920=DIRECTION('',(1.0,0.0,0.0));
#5921=DIRECTION('',(0.0,-1.0,0.0));
#5922=DIRECTION('',(-1.0,0.0,0.0));
#5923=DIRECTION('',(0.0,1.0,0.0));
#5924=DIRECTION('',(1.0,0.0,0.0));
#5925=DIRECTION('',(0.0,0.0,-1.0));
#5926=DIRECTION('',(0.0,0.0,-1.0));
#5927=DIRECTION('',(1.0,0.0,0.0));
#5928=DIRECTION('',(0.0,0.0,-1.0));
#5929=DIRECTION('',(0.0,0.0,1.0));
#5930=DIRECTION('',(0.0,1.0,0.0));
#5931=DIRECTION('',(0.0,0.0,-1.0));
#5932=DIRECTION('',(0.0,0.0,1.0));
#5933=DIRECTION('',(0.0,1.0,0.0));
#5934=DIRECTION('',(0.0,0.0,1.0));
#5935=DIRECTION('',(0.0,0.0,-1.0));
#5936=DIRECTION('',(0.0,0.0,1.0));
#5937=DIRECTION('',(1.0,0.0,0.0));
#5938=DIRECTION('',(0.0,0.0,1.0));
#5939=DIRECTION('',(0.0,0.0,1.0));
#5940=DIRECTION('',(1.0,0.0,0.0));
#5941=DIRECTION('',(0.0,0.0,1.0));
#5942=DIRECTION('',(-1.0,0.0,0.0));
#5943=DIRECTION('',(0.0,0.0,1.0));
#5944=DIRECTION('',(-1.0,0.0,0.0));
#5945=DIRECTION('',(0.0,0.0,1.0));
#5946=DIRECTION('',(-1.0,0.0,0.0));
#5947=DIRECTION('',(0.0,0.0,1.0));
#5948=DIRECTION('',(0.0,0.0,1.0));
#5949=DIRECTION('',(1.0,0.0,0.0));
#5950=DIRECTION('',(0.0,0.0,1.0));
#5951=DIRECTION('',(0.0,1.0,0.0));
#5952=DIRECTION('',(0.0,0.0,1.0));
#5953=DIRECTION('',(-1.0,0.0,0.0));
#5954=DIRECTION('',(0.0,0.0,1.0));
#5955=DIRECTION('',(0.0,-1.0,0.0));
#5956=DIRECTION('',(0.0,1.0,0.0));
#5957=DIRECTION('',(1.0,0.0,0.0));
#5958=DIRECTION('',(0.0,-1.0,0.0));
#5959=DIRECTION('',(-1.0,0.0,0.0));
#5960=DIRECTION('',(0.0,0.0,1.0));
#5961=DIRECTION('',(1.0,0.0,0.0));
#5962=DIRECTION('',(0.0,0.0,1.0));
#5963=DIRECTION('',(1.0,0.0,0.0));
#5964=DIRECTION('',(0.0,0.0,-1.0));
#5965=DIRECTION('',(1.0,0.0,0.0));
#5966=DIRECTION('',(0.0,0.0,-1.0));
#5967=DIRECTION('',(1.0,0.0,0.0));
#5968=DIRECTION('',(0.0,0.0,-1.0));
#5969=DIRECTION('',(1.0,0.0,0.0));
#5970=DIRECTION('',(0.0,0.0,1.0));
#5971=DIRECTION('',(-1.0,0.0,0.0));
#5972=DIRECTION('',(0.0,0.0,1.0));
#5973=DIRECTION('',(-1.0,0.0,0.0));
#5974=DIRECTION('',(0.0,0.0,1.0));
#5975=DIRECTION('',(0.0,0.0,1.0));
#5976=DIRECTION('',(0.0,0.0,1.0));
#5977=DIRECTION('',(0.0,0.0,1.0));
#5978=DIRECTION('',(0.0,0.0,1.0));
#5979=DIRECTION('',(0.0,-1.0,0.0));
#5980=DIRECTION('',(0.0,0.0,1.0));
#5981=DIRECTION('',(1.0,0.0,0.0));
#5982=DIRECTION('',(0.0,0.0,1.0));
#5983=DIRECTION('',(0.0,1.0,0.0));
#5984=DIRECTION('',(-1.0,0.0,0.0));
#5985=DIRECTION('',(0.0,1.0,0.0));
#5986=DIRECTION('',(0.0,-1.0,0.0));
#5987=DIRECTION('',(0.0,0.0,1.0));
#5988=DIRECTION('',(0.0,0.0,1.0));
#5989=DIRECTION('',(-1.0,0.0,0.0));
#5990=DIRECTION('',(0.0,1.0,0.0));
#5991=DIRECTION('',(0.0,-1.0,0.0));
#5992=DIRECTION('',(0.0,1.0,0.0));
#5993=DIRECTION('',(1.0,0.0,0.0));
#5994=DIRECTION('',(0.0,0.0,1.0));
#5995=DIRECTION('',(0.0,0.0,1.0));
#5996=DIRECTION('',(0.0,0.0,1.0));
#5997=DIRECTION('',(0.0,-1.0,0.0));
#5998=CARTESIAN_POINT('',(8.5,4.375,-12.8));
#5999=DIRECTION('',(0.0,0.0,1.0));
#6000=DIRECTION('',(1.0,0.0,0.0));
#6001=DIRECTION('',(0.0,1.0,0.0));
#6002=DIRECTION('',(1.0,0.0,0.0));
#6003=DIRECTION('',(-1.0,0.0,0.0));
#6004=DIRECTION('',(0.0,1.0,0.0));
#6005=CARTESIAN_POINT('',(8.5,-4.375,-12.8));
#6006=DIRECTION('',(0.0,0.0,1.0));
#6007=DIRECTION('',(0.0,-1.0,0.0));
#6008=DIRECTION('',(0.0,-1.0,0.0));
#6009=DIRECTION('',(1.0,0.0,0.0));
#6010=CARTESIAN_POINT('',(-8.5,4.375,-12.8));
#6011=DIRECTION('',(0.0,-0.0,1.0));
#6012=DIRECTION('',(0.0,1.0,0.0));
#6013=CARTESIAN_POINT('',(-8.5,-4.375,-12.8));
#6014=DIRECTION('',(0.0,0.0,1.0));
#6015=DIRECTION('',(-1.0,0.0,0.0));
#6016=DIRECTION('',(-1.0,0.0,0.0));
#6017=DIRECTION('',(0.0,0.0,1.0));
#6018=DIRECTION('',(0.0,0.0,1.0));
#6019=DIRECTION('',(0.0,0.0,1.0));
#6020=DIRECTION('',(0.0,1.0,0.0));
#6021=DIRECTION('',(0.0,0.0,-1.0));
#6022=DIRECTION('',(0.0,0.0,1.0));
#6023=DIRECTION('',(0.0,0.0,-1.0));
#6024=DIRECTION('',(0.0,-1.0,0.0));
#6025=DIRECTION('',(-1.0,0.0,0.0));
#6026=DIRECTION('',(0.0,0.0,-1.0));
#6027=DIRECTION('',(0.0,0.0,1.0));
#6028=CARTESIAN_POINT('',(8.5,-4.375,0.0));
#6029=DIRECTION('',(0.0,0.0,1.0));
#6030=DIRECTION('',(-1.06581410364E-14,-1.0,0.0));
#6031=CARTESIAN_POINT('',(8.5,4.375,0.0));
#6032=DIRECTION('',(0.0,0.0,1.0));
#6033=DIRECTION('',(1.0,0.0,0.0));
#6034=CARTESIAN_POINT('',(-8.5,4.375,0.0));
#6035=DIRECTION('',(0.0,-0.0,1.0));
#6036=DIRECTION('',(0.0,1.0,0.0));
#6037=DIRECTION('',(-1.0,0.0,0.0));
#6038=CARTESIAN_POINT('',(-9.025,2.45,0.0));
#6039=DIRECTION('',(0.0,-0.0,1.0));
#6040=DIRECTION('',(0.0,1.0,0.0));
#6041=DIRECTION('',(1.0,1.7763568394E-14,0.0));
#6042=CARTESIAN_POINT('',(-8.5,-4.375,0.0));
#6043=DIRECTION('',(0.0,0.0,1.0));
#6044=DIRECTION('',(-1.0,0.0,0.0));
#6045=DIRECTION('',(-1.0,0.0,0.0));
#6046=DIRECTION('',(-1.0,0.0,0.0));
#6047=DIRECTION('',(0.0,1.0,0.0));
#6048=DIRECTION('',(1.0,0.0,0.0));
#6049=DIRECTION('',(0.0,-1.0,0.0));
#6050=DIRECTION('',(-1.0,0.0,0.0));
#6051=DIRECTION('',(0.0,1.0,0.0));
#6052=DIRECTION('',(1.0,0.0,0.0));
#6053=DIRECTION('',(0.0,-1.0,0.0));
#6054=DIRECTION('',(-1.0,0.0,0.0));
#6055=DIRECTION('',(0.0,1.0,0.0));
#6056=DIRECTION('',(1.0,0.0,0.0));
#6057=DIRECTION('',(0.0,-1.0,0.0));
#6058=DIRECTION('',(-1.0,0.0,0.0));
#6059=DIRECTION('',(0.0,1.0,0.0));
#6060=DIRECTION('',(-1.0,0.0,0.0));
#6061=DIRECTION('',(0.0,-1.0,0.0));
#6062=DIRECTION('',(1.0,0.0,0.0));
#6063=DIRECTION('',(0.0,-1.0,0.0));
#6064=DIRECTION('',(0.707106781186548,0.707106781186548,0.0));
#6065=DIRECTION('',(-1.0,0.0,0.0));
#6066=DIRECTION('',(0.707106781186548,-0.707106781186548,0.0));
#6067=DIRECTION('',(0.0,1.0,0.0));
#6068=DIRECTION('',(-1.0,0.0,0.0));
#6069=DIRECTION('',(0.0,-1.0,0.0));
#6070=DIRECTION('',(0.707106781186548,0.707106781186548,0.0));
#6071=DIRECTION('',(-1.0,0.0,0.0));
#6072=DIRECTION('',(0.707106781186548,-0.707106781186548,0.0));
#6073=DIRECTION('',(0.0,1.0,0.0));
#6074=DIRECTION('',(1.0,0.0,0.0));
#6075=DIRECTION('',(0.0,-1.0,0.0));
#6076=DIRECTION('',(0.707106781186548,0.707106781186548,0.0));
#6077=DIRECTION('',(-1.0,0.0,0.0));
#6078=DIRECTION('',(0.707106781186548,-0.707106781186548,0.0));
#6079=DIRECTION('',(0.0,1.0,0.0));
#6080=DIRECTION('',(1.0,0.0,0.0));
#6081=DIRECTION('',(0.0,-1.0,0.0));
#6082=DIRECTION('',(0.707106781186548,0.707106781186548,0.0));
#6083=DIRECTION('',(-1.0,0.0,0.0));
#6084=DIRECTION('',(0.707106781186548,-0.707106781186548,0.0));
#6085=DIRECTION('',(0.0,1.0,0.0));
#6086=DIRECTION('',(0.0,-0.462566006694986,-0.886584846165473));
#6087=DIRECTION('',(1.0,0.0,0.0));
#6088=DIRECTION('',(0.0,-0.462566006694986,-0.886584846165473));
#6089=DIRECTION('',(0.0,0.0,-1.0));
#6090=DIRECTION('',(0.0,1.0,0.0));
#6091=DIRECTION('',(1.0,0.0,0.0));
#6092=DIRECTION('',(0.0,1.0,0.0));
#6093=DIRECTION('',(0.0,0.0,-1.0));
#6094=DIRECTION('',(0.0,0.0,-1.0));
#6095=DIRECTION('',(0.0,0.0,-1.0));
#6096=DIRECTION('',(0.0,-1.0,0.0));
#6097=DIRECTION('',(0.0,0.0,-1.0));
#6098=DIRECTION('',(-1.0,0.0,0.0));
#6099=DIRECTION('',(0.0,0.0,-1.0));
#6100=DIRECTION('',(0.0,1.0,0.0));
#6101=DIRECTION('',(0.0,0.0,-1.0));
#6102=DIRECTION('',(1.0,0.0,0.0));
#6103=DIRECTION('',(-1.0,0.0,0.0));
#6104=DIRECTION('',(0.0,1.0,0.0));
#6105=DIRECTION('',(-1.0,0.0,0.0));
#6106=DIRECTION('',(0.0,1.0,0.0));
#6107=DIRECTION('',(0.0,-1.0,0.0));
#6108=DIRECTION('',(1.0,0.0,0.0));
#6109=DIRECTION('',(0.0,1.0,0.0));
#6110=DIRECTION('',(0.707106781186548,-0.707106781186548,0.0));
#6111=DIRECTION('',(-1.0,0.0,0.0));
#6112=DIRECTION('',(0.707106781186548,0.707106781186548,0.0));
#6113=DIRECTION('',(-1.0,0.0,0.0));
#6114=DIRECTION('',(0.0,1.0,0.0));
#6115=DIRECTION('',(-1.0,0.0,0.0));
#6116=DIRECTION('',(0.0,-1.0,0.0));
#6117=DIRECTION('',(0.0,0.0,1.0));
#6118=DIRECTION('',(0.0,0.0,1.0));
#6119=DIRECTION('',(0.0,0.0,-1.0));
#6120=DIRECTION('',(0.0,0.0,-1.0));
#6121=DIRECTION('',(0.0,0.0,1.0));
#6122=DIRECTION('',(0.0,0.0,1.0));
#6123=DIRECTION('',(0.0,0.0,1.0));
#6124=DIRECTION('',(0.0,-1.0,0.0));
#6125=DIRECTION('',(0.0,0.0,-1.0));
#6126=DIRECTION('',(0.0,0.0,1.0));
#6127=DIRECTION('',(0.0,-1.0,0.0));
#6128=DIRECTION('',(0.0,0.0,-1.0));
#6129=DIRECTION('',(1.0,0.0,0.0));
#6130=DIRECTION('',(0.0,0.0,-1.0));
#6131=DIRECTION('',(0.0,-1.0,0.0));
#6132=DIRECTION('',(0.0,0.0,1.0));
#6133=DIRECTION('',(0.0,0.0,-1.0));
#6134=DIRECTION('',(0.0,-1.0,0.0));
#6135=DIRECTION('',(0.0,0.0,1.0));
#6136=DIRECTION('',(1.0,0.0,0.0));
#6137=DIRECTION('',(1.0,0.0,0.0));
#6138=DIRECTION('',(1.0,0.0,0.0));
#6139=DIRECTION('',(0.0,0.0,-1.0));
#6140=DIRECTION('',(0.0,-1.0,0.0));
#6141=DIRECTION('',(0.0,0.0,-1.0));
#6142=DIRECTION('',(-1.0,0.0,0.0));
#6143=DIRECTION('',(0.0,0.0,-1.0));
#6144=DIRECTION('',(0.0,1.0,0.0));
#6145=DIRECTION('',(0.0,0.0,-1.0));
#6146=DIRECTION('',(1.0,0.0,0.0));
#6147=DIRECTION('',(-1.0,0.0,0.0));
#6148=DIRECTION('',(0.0,1.0,0.0));
#6149=DIRECTION('',(-1.0,0.0,0.0));
#6150=DIRECTION('',(0.0,1.0,0.0));
#6151=DIRECTION('',(0.0,-1.0,0.0));
#6152=DIRECTION('',(1.0,0.0,0.0));
#6153=DIRECTION('',(0.0,1.0,0.0));
#6154=DIRECTION('',(0.707106781186548,-0.707106781186548,0.0));
#6155=DIRECTION('',(-1.0,0.0,0.0));
#6156=DIRECTION('',(0.707106781186548,0.707106781186548,0.0));
#6157=DIRECTION('',(-1.0,0.0,0.0));
#6158=DIRECTION('',(0.0,1.0,0.0));
#6159=DIRECTION('',(-1.0,0.0,0.0));
#6160=DIRECTION('',(0.0,1.0,0.0));
#6161=DIRECTION('',(0.0,0.0,1.0));
#6162=DIRECTION('',(0.0,0.0,1.0));
#6163=DIRECTION('',(0.0,0.0,-1.0));
#6164=DIRECTION('',(0.0,0.0,-1.0));
#6165=DIRECTION('',(0.0,0.0,1.0));
#6166=DIRECTION('',(0.0,0.0,1.0));
#6167=DIRECTION('',(0.0,0.0,1.0));
#6168=DIRECTION('',(0.0,1.0,0.0));
#6169=DIRECTION('',(0.0,0.0,-1.0));
#6170=DIRECTION('',(0.0,0.0,1.0));
#6171=DIRECTION('',(0.0,1.0,0.0));
#6172=DIRECTION('',(0.0,0.0,-1.0));
#6173=DIRECTION('',(1.0,0.0,0.0));
#6174=DIRECTION('',(0.0,0.0,-1.0));
#6175=DIRECTION('',(0.0,1.0,0.0));
#6176=DIRECTION('',(0.0,0.0,1.0));
#6177=DIRECTION('',(0.0,0.0,-1.0));
#6178=DIRECTION('',(0.0,1.0,0.0));
#6179=DIRECTION('',(0.0,0.0,1.0));
#6180=DIRECTION('',(1.0,0.0,0.0));
#6181=DIRECTION('',(1.0,0.0,0.0));
#6182=DIRECTION('',(1.0,0.0,0.0));
#6183=DIRECTION('',(0.0,0.0,-1.0));
#6184=DIRECTION('',(0.0,-1.0,0.0));
#6185=DIRECTION('',(0.0,0.0,-1.0));
#6186=DIRECTION('',(-1.0,0.0,0.0));
#6187=DIRECTION('',(0.0,0.0,-1.0));
#6188=DIRECTION('',(0.0,1.0,0.0));
#6189=DIRECTION('',(0.0,0.0,-1.0));
#6190=DIRECTION('',(1.0,0.0,0.0));
#6191=DIRECTION('',(-1.0,0.0,0.0));
#6192=DIRECTION('',(0.0,1.0,0.0));
#6193=DIRECTION('',(-1.0,0.0,0.0));
#6194=DIRECTION('',(0.0,1.0,0.0));
#6195=DIRECTION('',(0.0,-1.0,0.0));
#6196=DIRECTION('',(1.0,0.0,0.0));
#6197=DIRECTION('',(0.0,1.0,0.0));
#6198=DIRECTION('',(0.707106781186548,-0.707106781186548,0.0));
#6199=DIRECTION('',(-1.0,0.0,0.0));
#6200=DIRECTION('',(0.707106781186548,0.707106781186548,0.0));
#6201=DIRECTION('',(-1.0,0.0,0.0));
#6202=DIRECTION('',(0.0,1.0,0.0));
#6203=DIRECTION('',(-1.0,0.0,0.0));
#6204=DIRECTION('',(0.0,1.0,0.0));
#6205=DIRECTION('',(0.0,0.0,1.0));
#6206=DIRECTION('',(0.0,0.0,1.0));
#6207=DIRECTION('',(0.0,0.0,-1.0));
#6208=DIRECTION('',(0.0,0.0,-1.0));
#6209=DIRECTION('',(0.0,0.0,1.0));
#6210=DIRECTION('',(0.0,0.0,1.0));
#6211=DIRECTION('',(0.0,0.0,1.0));
#6212=DIRECTION('',(0.0,1.0,0.0));
#6213=DIRECTION('',(0.0,0.0,-1.0));
#6214=DIRECTION('',(0.0,0.0,1.0));
#6215=DIRECTION('',(0.0,1.0,0.0));
#6216=DIRECTION('',(0.0,0.0,-1.0));
#6217=DIRECTION('',(1.0,0.0,0.0));
#6218=DIRECTION('',(0.0,0.0,-1.0));
#6219=DIRECTION('',(0.0,1.0,0.0));
#6220=DIRECTION('',(0.0,0.0,1.0));
#6221=DIRECTION('',(0.0,0.0,-1.0));
#6222=DIRECTION('',(0.0,1.0,0.0));
#6223=DIRECTION('',(0.0,0.0,1.0));
#6224=DIRECTION('',(1.0,0.0,0.0));
#6225=DIRECTION('',(1.0,0.0,0.0));
#6226=DIRECTION('',(1.0,0.0,0.0));
#6227=DIRECTION('',(0.0,0.0,-1.0));
#6228=DIRECTION('',(0.0,-1.0,0.0));
#6229=DIRECTION('',(0.0,0.0,-1.0));
#6230=DIRECTION('',(-1.0,0.0,0.0));
#6231=DIRECTION('',(0.0,0.0,-1.0));
#6232=DIRECTION('',(0.0,1.0,0.0));
#6233=DIRECTION('',(0.0,0.0,-1.0));
#6234=DIRECTION('',(1.0,0.0,0.0));
#6235=DIRECTION('',(-1.0,0.0,0.0));
#6236=DIRECTION('',(0.0,1.0,0.0));
#6237=DIRECTION('',(-1.0,0.0,0.0));
#6238=DIRECTION('',(0.0,1.0,0.0));
#6239=DIRECTION('',(0.0,-1.0,0.0));
#6240=DIRECTION('',(1.0,0.0,0.0));
#6241=DIRECTION('',(0.0,1.0,0.0));
#6242=DIRECTION('',(0.707106781186548,-0.707106781186548,0.0));
#6243=DIRECTION('',(-1.0,0.0,0.0));
#6244=DIRECTION('',(0.707106781186548,0.707106781186548,0.0));
#6245=DIRECTION('',(-1.0,0.0,0.0));
#6246=DIRECTION('',(0.0,1.0,0.0));
#6247=DIRECTION('',(-1.0,0.0,0.0));
#6248=DIRECTION('',(0.0,1.0,0.0));
#6249=DIRECTION('',(0.0,0.0,1.0));
#6250=DIRECTION('',(0.0,0.0,1.0));
#6251=DIRECTION('',(0.0,0.0,-1.0));
#6252=DIRECTION('',(0.0,0.0,-1.0));
#6253=DIRECTION('',(0.0,0.0,1.0));
#6254=DIRECTION('',(0.0,0.0,1.0));
#6255=DIRECTION('',(0.0,0.0,1.0));
#6256=DIRECTION('',(0.0,1.0,0.0));
#6257=DIRECTION('',(0.0,0.0,-1.0));
#6258=DIRECTION('',(0.0,0.0,1.0));
#6259=DIRECTION('',(0.0,1.0,0.0));
#6260=DIRECTION('',(0.0,0.0,-1.0));
#6261=DIRECTION('',(1.0,0.0,0.0));
#6262=DIRECTION('',(0.0,0.0,-1.0));
#6263=DIRECTION('',(0.0,1.0,0.0));
#6264=DIRECTION('',(0.0,0.0,1.0));
#6265=DIRECTION('',(0.0,0.0,-1.0));
#6266=DIRECTION('',(0.0,1.0,0.0));
#6267=DIRECTION('',(0.0,0.0,1.0));
#6268=DIRECTION('',(1.0,0.0,0.0));
#6269=DIRECTION('',(1.0,0.0,0.0));
#6270=DIRECTION('',(1.0,0.0,0.0));
#6271=DIRECTION('',(0.0,1.0,0.0));
#6272=DIRECTION('',(0.0,0.0,-1.0));
#6273=DIRECTION('',(0.0,1.0,0.0));
#6274=DIRECTION('',(0.0,0.0,-1.0));
#6275=DIRECTION('',(0.0,1.0,0.0));
#6276=DIRECTION('',(0.0,0.0,1.0));
#6277=DIRECTION('',(1.0,0.0,0.0));
#6278=DIRECTION('',(0.0,0.0,1.0));
#6279=DIRECTION('',(-1.0,0.0,0.0));
#6280=DIRECTION('',(0.0,1.0,0.0));
#6281=DIRECTION('',(-1.0,0.0,0.0));
#6282=DIRECTION('',(0.0,0.0,-1.0));
#6283=DIRECTION('',(-1.0,0.0,0.0));
#6284=DIRECTION('',(0.0,1.0,0.0));
#6285=DIRECTION('',(-1.0,0.0,0.0));
#6286=DIRECTION('',(0.0,0.0,-1.0));
#6287=DIRECTION('',(1.0,0.0,0.0));
#6288=DIRECTION('',(0.0,1.0,0.0));
#6289=DIRECTION('',(0.0,0.0,-1.0));
#6290=DIRECTION('',(0.0,-1.0,0.0));
#6291=DIRECTION('',(0.0,0.0,-1.0));
#6292=DIRECTION('',(0.0,-1.0,0.0));
#6293=DIRECTION('',(0.0,0.0,1.0));
#6294=DIRECTION('',(0.0,1.0,0.0));
#6295=DIRECTION('',(1.0,0.0,0.0));
#6296=DIRECTION('',(0.0,1.0,0.0));
#6297=DIRECTION('',(1.0,0.0,0.0));
#6298=DIRECTION('',(0.0,0.0,-1.0));
#6299=DIRECTION('',(1.0,0.0,0.0));
#6300=DIRECTION('',(0.0,-1.0,0.0));
#6301=DIRECTION('',(1.0,0.0,0.0));
#6302=DIRECTION('',(0.0,0.0,-1.0));
#6303=DIRECTION('',(1.0,0.0,0.0));
#6304=DIRECTION('',(0.0,-1.0,0.0));
#6305=DIRECTION('',(1.0,0.0,0.0));
#6306=DIRECTION('',(0.0,0.0,1.0));
#6307=DIRECTION('',(0.0,-1.0,0.0));
#6308=DIRECTION('',(0.0,0.0,1.0));
#6309=DIRECTION('',(0.0,-1.0,0.0));
#6310=DIRECTION('',(0.0,0.0,1.0));
#6311=DIRECTION('',(0.0,1.0,0.0));
#6312=DIRECTION('',(0.0,0.0,-1.0));
#6313=DIRECTION('',(1.0,0.0,0.0));
#6314=DIRECTION('',(0.0,0.0,-1.0));
#6315=DIRECTION('',(1.0,0.0,0.0));
#6316=DIRECTION('',(0.0,-1.0,0.0));
#6317=DIRECTION('',(1.0,0.0,0.0));
#6318=DIRECTION('',(0.0,0.0,1.0));
#6319=DIRECTION('',(1.0,0.0,0.0));
#6320=DIRECTION('',(0.0,-1.0,0.0));
#6321=DIRECTION('',(1.0,0.0,0.0));
#6322=DIRECTION('',(0.0,0.0,1.0));
#6323=DIRECTION('',(1.0,0.0,0.0));
#6324=DIRECTION('',(0.0,1.0,0.0));
#6325=DIRECTION('',(0.0,0.0,-1.0));
#6326=DIRECTION('',(0.0,-1.0,0.0));
#6327=DIRECTION('',(0.0,0.0,-1.0));
#6328=DIRECTION('',(0.0,-1.0,0.0));
#6329=DIRECTION('',(0.0,0.0,1.0));
#6330=DIRECTION('',(0.0,1.0,0.0));
#6331=DIRECTION('',(1.0,0.0,0.0));
#6332=DIRECTION('',(0.0,1.0,0.0));
#6333=DIRECTION('',(1.0,0.0,0.0));
#6334=DIRECTION('',(0.0,0.0,-1.0));
#6335=DIRECTION('',(1.0,0.0,0.0));
#6336=DIRECTION('',(0.0,-1.0,0.0));
#6337=DIRECTION('',(1.0,0.0,0.0));
#6338=DIRECTION('',(0.0,0.0,-1.0));
#6339=DIRECTION('',(1.0,0.0,0.0));
#6340=DIRECTION('',(0.0,-1.0,0.0));
#6341=DIRECTION('',(1.0,0.0,0.0));
#6342=DIRECTION('',(0.0,0.0,1.0));
#6343=DIRECTION('',(0.0,-1.0,0.0));
#6344=DIRECTION('',(0.0,0.0,1.0));
#6345=DIRECTION('',(0.0,-1.0,0.0));
#6346=DIRECTION('',(0.0,0.0,1.0));
#6347=DIRECTION('',(0.0,1.0,0.0));
#6348=DIRECTION('',(0.0,0.0,-1.0));
#6349=DIRECTION('',(1.0,0.0,0.0));
#6350=DIRECTION('',(0.0,0.0,-1.0));
#6351=DIRECTION('',(1.0,0.0,0.0));
#6352=DIRECTION('',(0.0,-1.0,0.0));
#6353=DIRECTION('',(1.0,0.0,0.0));
#6354=DIRECTION('',(0.0,0.0,1.0));
#6355=DIRECTION('',(1.0,0.0,0.0));
#6356=DIRECTION('',(0.0,-1.0,0.0));
#6357=DIRECTION('',(1.0,0.0,0.0));
#6358=DIRECTION('',(0.0,0.0,1.0));
#6359=DIRECTION('',(1.0,0.0,0.0));
#6360=DIRECTION('',(0.0,1.0,0.0));
#6361=DIRECTION('',(0.0,0.0,-1.0));
#6362=DIRECTION('',(0.0,-1.0,0.0));
#6363=DIRECTION('',(0.0,0.0,-1.0));
#6364=DIRECTION('',(0.0,-1.0,0.0));
#6365=DIRECTION('',(0.0,0.0,1.0));
#6366=DIRECTION('',(0.0,1.0,0.0));
#6367=DIRECTION('',(1.0,0.0,0.0));
#6368=DIRECTION('',(0.0,1.0,0.0));
#6369=DIRECTION('',(1.0,0.0,0.0));
#6370=DIRECTION('',(0.0,0.0,-1.0));
#6371=DIRECTION('',(1.0,0.0,0.0));
#6372=DIRECTION('',(0.0,-1.0,0.0));
#6373=DIRECTION('',(1.0,0.0,0.0));
#6374=DIRECTION('',(0.0,0.0,-1.0));
#6375=DIRECTION('',(1.0,0.0,0.0));
#6376=DIRECTION('',(0.0,-1.0,0.0));
#6377=DIRECTION('',(1.0,0.0,0.0));
#6378=DIRECTION('',(0.0,0.0,1.0));
#6379=DIRECTION('',(0.0,-1.0,0.0));
#6380=DIRECTION('',(0.0,0.0,1.0));
#6381=DIRECTION('',(0.0,-1.0,0.0));
#6382=DIRECTION('',(0.0,0.0,1.0));
#6383=DIRECTION('',(0.0,1.0,0.0));
#6384=DIRECTION('',(0.0,0.0,-1.0));
#6385=DIRECTION('',(1.0,0.0,0.0));
#6386=DIRECTION('',(0.0,0.0,-1.0));
#6387=DIRECTION('',(1.0,0.0,0.0));
#6388=DIRECTION('',(0.0,-1.0,0.0));
#6389=DIRECTION('',(1.0,0.0,0.0));
#6390=DIRECTION('',(0.0,0.0,1.0));
#6391=DIRECTION('',(1.0,0.0,0.0));
#6392=DIRECTION('',(0.0,-1.0,0.0));
#6393=DIRECTION('',(1.0,0.0,0.0));
#6394=DIRECTION('',(0.0,0.0,1.0));
#6395=DIRECTION('',(1.0,0.0,0.0));
#6396=DIRECTION('',(0.0,1.0,0.0));
#6397=DIRECTION('',(0.0,0.0,-1.0));
#6398=DIRECTION('',(0.0,-1.0,0.0));
#6399=DIRECTION('',(0.0,0.0,-1.0));
#6400=DIRECTION('',(0.0,-1.0,0.0));
#6401=DIRECTION('',(0.0,0.0,1.0));
#6402=DIRECTION('',(0.0,1.0,0.0));
#6403=DIRECTION('',(1.0,0.0,0.0));
#6404=DIRECTION('',(0.0,1.0,0.0));
#6405=DIRECTION('',(1.0,0.0,0.0));
#6406=DIRECTION('',(0.0,0.0,-1.0));
#6407=DIRECTION('',(1.0,0.0,0.0));
#6408=DIRECTION('',(0.0,-1.0,0.0));
#6409=DIRECTION('',(1.0,0.0,0.0));
#6410=DIRECTION('',(0.0,0.0,-1.0));
#6411=DIRECTION('',(1.0,0.0,0.0));
#6412=DIRECTION('',(0.0,-1.0,0.0));
#6413=DIRECTION('',(1.0,0.0,0.0));
#6414=DIRECTION('',(0.0,0.0,1.0));
ENDSEC;
END-ISO-10303-21;
