ISO-10303-21;
HEADER;
FILE_DESCRIPTION (( 'STEP AP214' ),
    '1' );
FILE_NAME ('BK-6003.STEP',
    '2020-01-31T04:17:58',
    ( '' ),
    ( '' ),
    'SwSTEP 2.0',
    'SolidWorks 2017',
    '' );
FILE_SCHEMA (( 'AUTOMOTIVE_DESIGN' ));
ENDSEC;

DATA;
#1 = EDGE_CURVE ( 'NONE', #245, #5, #900, .T. ) ;
#2 = ORIENTED_EDGE ( 'NONE', *, *, #1363, .F. ) ;
#3 = DIRECTION ( 'NONE',  ( -1.445602896647339700E-015, 0.0000000000000000000, -1.000000000000000000 ) ) ;
#4 = DIRECTION ( 'NONE',  ( -0.0000000000000000000, -0.0000000000000000000, -1.000000000000000000 ) ) ;
#5 = VERTEX_POINT ( 'NONE', #2337 ) ;
#6 = EDGE_LOOP ( 'NONE', ( #141, #533, #2496, #1252, #153, #3015 ) ) ;
#7 = EDGE_LOOP ( 'NONE', ( #1456, #2857, #116, #1817 ) ) ;
#8 = DIRECTION ( 'NONE',  ( -1.000000000000000000, 0.0000000000000000000, 0.0000000000000000000 ) ) ;
#9 = AXIS2_PLACEMENT_3D ( 'NONE', #1791, #1326, #2970 ) ;
#10 = CIRCLE ( 'NONE', #1123, 0.5000000000000000000 ) ;
#11 = ORIENTED_EDGE ( 'NONE', *, *, #315, .F. ) ;
#12 = LINE ( 'NONE', #2788, #1856 ) ;
#13 = DIRECTION ( 'NONE',  ( -0.0000000000000000000, -0.0000000000000000000, -1.000000000000000000 ) ) ;
#14 = CARTESIAN_POINT ( 'NONE',  ( -1.260000000000002200, 3.560000000000000500, -3.429999999999999300 ) ) ;
#15 = DIRECTION ( 'NONE',  ( 0.4226182617407044400, -0.9063077870366476100, 0.0000000000000000000 ) ) ;
#16 = VECTOR ( 'NONE', #1549, 1000.000000000000000 ) ;
#17 = EDGE_CURVE ( 'NONE', #2231, #1677, #726, .T. ) ;
#18 = FACE_OUTER_BOUND ( 'NONE', #2647, .T. ) ;
#19 = VECTOR ( 'NONE', #1189, 1000.000000000000000 ) ;
#20 = ORIENTED_EDGE ( 'NONE', *, *, #1857, .F. ) ;
#21 = CIRCLE ( 'NONE', #461, 3.999999999999998200 ) ;
#22 = DIRECTION ( 'NONE',  ( 0.0000000000000000000, -0.0000000000000000000, -1.000000000000000000 ) ) ;
#23 = VERTEX_POINT ( 'NONE', #1859 ) ;
#24 = FACE_OUTER_BOUND ( 'NONE', #1519, .T. ) ;
#25 = EDGE_CURVE ( 'NONE', #5, #1491, #1418, .T. ) ;
#26 = CARTESIAN_POINT ( 'NONE',  ( 2.282730839290324700, 8.919640428229929100, -2.763163654829074600 ) ) ;
#27 = DIRECTION ( 'NONE',  ( -1.000000000000000000, 0.0000000000000000000, 3.441911658684146500E-015 ) ) ;
#28 = FACE_OUTER_BOUND ( 'NONE', #2444, .T. ) ;
#29 = ORIENTED_EDGE ( 'NONE', *, *, #734, .T. ) ;
#30 = CARTESIAN_POINT ( 'NONE',  ( -2.119842274457632400, 13.84070469020123700, 3.580000000000000100 ) ) ;
#31 = ADVANCED_FACE ( 'NONE', ( #197 ), #2717, .F. ) ;
#32 = STYLED_ITEM ( 'NONE', ( #1794 ), #1212 ) ;
#33 = DIRECTION ( 'NONE',  ( -0.0000000000000000000, -0.0000000000000000000, -1.000000000000000000 ) ) ;
#34 = EDGE_LOOP ( 'NONE', ( #768, #836, #440, #82 ) ) ;
#35 = AXIS2_PLACEMENT_3D ( 'NONE', #1845, #684, #2599 ) ;
#36 = CARTESIAN_POINT ( 'NONE',  ( 0.7599999999999977900, 3.434000000000004600, -4.064000000000000900 ) ) ;
#37 = DIRECTION ( 'NONE',  ( -3.441911658684075100E-015, 0.0000000000000000000, -1.000000000000000000 ) ) ;
#38 = DIRECTION ( 'NONE',  ( -0.0000000000000000000, -0.0000000000000000000, -1.000000000000000000 ) ) ;
#39 = LINE ( 'NONE', #219, #1383 ) ;
#40 = CARTESIAN_POINT ( 'NONE',  ( -2.094600074017829400, 8.567969486122841300, -2.829999999999999600 ) ) ;
#41 = PLANE ( 'NONE',  #53 ) ;
#42 = CARTESIAN_POINT ( 'NONE',  ( -5.421010862427522200E-016, 3.508395996109118600E-015, 4.064000000000012500 ) ) ;
#43 = EDGE_CURVE ( 'NONE', #2113, #1597, #44, .T. ) ;
#44 = LINE ( 'NONE', #3050, #2235 ) ;
#45 = CARTESIAN_POINT ( 'NONE',  ( 1.759999999999997600, 3.560000000000000500, -3.430000000000001000 ) ) ;
#46 = ORIENTED_EDGE ( 'NONE', *, *, #636, .F. ) ;
#47 = ADVANCED_FACE ( 'NONE', ( #2192 ), #1455, .T. ) ;
#48 = EDGE_CURVE ( 'NONE', #2155, #966, #983, .T. ) ;
#49 = CARTESIAN_POINT ( 'NONE',  ( 2.529339732929247700, 8.305166462986534300, -2.763163654829074600 ) ) ;
#50 = DIRECTION ( 'NONE',  ( -0.8557867301405880400, -0.5173287857013955100, -0.0000000000000000000 ) ) ;
#51 = EDGE_LOOP ( 'NONE', ( #214, #1691, #2848, #2044 ) ) ;
#52 = ORIENTED_EDGE ( 'NONE', *, *, #191, .F. ) ;
#53 = AXIS2_PLACEMENT_3D ( 'NONE', #2194, #27, #56 ) ;
#54 = LINE ( 'NONE', #2042, #2202 ) ;
#55 = DIRECTION ( 'NONE',  ( 1.000000000000000000, 0.0000000000000000000, -3.423796334164750100E-015 ) ) ;
#56 = DIRECTION ( 'NONE',  ( 3.441911658684146500E-015, 0.0000000000000000000, 1.000000000000000000 ) ) ;
#57 = ORIENTED_EDGE ( 'NONE', *, *, #1221, .F. ) ;
#58 = CARTESIAN_POINT ( 'NONE',  ( -2.365119611267759900, 13.16511448258557900, -2.829999999999999600 ) ) ;
#59 = DIRECTION ( 'NONE',  ( -0.0000000000000000000, 1.000000000000000000, 3.532793595739285800E-015 ) ) ;
#60 = CIRCLE ( 'NONE', #2060, 0.6920000000000033900 ) ;
#61 = AXIS2_PLACEMENT_3D ( 'NONE', #2654, #2438, #2903 ) ;
#62 = ORIENTED_EDGE ( 'NONE', *, *, #1515, .F. ) ;
#63 = DIRECTION ( 'NONE',  ( 0.0000000000000000000, 0.0000000000000000000, -1.000000000000000000 ) ) ;
#64 = FACE_OUTER_BOUND ( 'NONE', #2817, .T. ) ;
#65 = APPLICATION_PROTOCOL_DEFINITION ( 'draft international standard', 'automotive_design', 1998, #2666 ) ;
#66 = CARTESIAN_POINT ( 'NONE',  ( -3.252606517456513300E-016, 0.7600000000000035600, 4.064000000000010700 ) ) ;
#67 = ADVANCED_FACE ( 'NONE', ( #838 ), #313, .F. ) ;
#68 = FACE_OUTER_BOUND ( 'NONE', #528, .T. ) ;
#69 = ORIENTED_EDGE ( 'NONE', *, *, #680, .T. ) ;
#70 = EDGE_CURVE ( 'NONE', #2168, #611, #117, .T. ) ;
#71 = DIRECTION ( 'NONE',  ( 1.000000000000000000, 0.0000000000000000000, 0.0000000000000000000 ) ) ;
#72 = ORIENTED_EDGE ( 'NONE', *, *, #1217, .F. ) ;
#73 = EDGE_CURVE ( 'NONE', #1614, #2383, #876, .T. ) ;
#74 = ORIENTED_EDGE ( 'NONE', *, *, #2257, .F. ) ;
#75 = CARTESIAN_POINT ( 'NONE',  ( -2.750000000000000400, 14.40999999999999800, 3.580000000000000100 ) ) ;
#76 = DIRECTION ( 'NONE',  ( 0.0000000000000000000, 0.0000000000000000000, 1.000000000000000000 ) ) ;
#77 = AXIS2_PLACEMENT_3D ( 'NONE', #2816, #2841, #3055 ) ;
#78 = ORIENTED_EDGE ( 'NONE', *, *, #2437, .F. ) ;
#79 = ADVANCED_FACE ( 'NONE', ( #649 ), #2807, .T. ) ;
#80 = CARTESIAN_POINT ( 'NONE',  ( -5.443488508797694100, 10.79514403426986000, -2.879999999999999400 ) ) ;
#81 = DIRECTION ( 'NONE',  ( -0.0000000000000000000, -0.0000000000000000000, -1.000000000000000000 ) ) ;
#82 = ORIENTED_EDGE ( 'NONE', *, *, #2786, .T. ) ;
#83 = DIRECTION ( 'NONE',  ( -0.0000000000000000000, -0.0000000000000000000, -1.000000000000000000 ) ) ;
#84 = DIRECTION ( 'NONE',  ( 1.445602896647339700E-015, 0.0000000000000000000, 1.000000000000000000 ) ) ;
#85 = CARTESIAN_POINT ( 'NONE',  ( -1.157389500516405900, 10.53381887178813900, -2.763163654829074600 ) ) ;
#86 = EDGE_CURVE ( 'NONE', #2383, #1220, #2604, .T. ) ;
#87 = ADVANCED_BREP_SHAPE_REPRESENTATION ( 'BK-6003', ( #1212, #2340 ), #1088 ) ;
#88 = VERTEX_POINT ( 'NONE', #2074 ) ;
#89 = AXIS2_PLACEMENT_3D ( 'NONE', #1460, #1690, #2165 ) ;
#90 =( NAMED_UNIT ( * ) PLANE_ANGLE_UNIT ( ) SI_UNIT ( $, .RADIAN. ) );
#91 = CARTESIAN_POINT ( 'NONE',  ( 0.7599999999999997900, 4.068000000000000500, 3.430000000000000600 ) ) ;
#92 = ADVANCED_FACE ( 'NONE', ( #1495 ), #1285, .T. ) ;
#93 = AXIS2_PLACEMENT_3D ( 'NONE', #2311, #1639, #1195 ) ;
#94 = VECTOR ( 'NONE', #1895, 1000.000000000000100 ) ;
#95 = CARTESIAN_POINT ( 'NONE',  ( 1.759999999999997600, 3.560000000000000500, -3.430000000000001000 ) ) ;
#96 = CYLINDRICAL_SURFACE ( 'NONE', #2640, 4.000000000000000900 ) ;
#97 = DIRECTION ( 'NONE',  ( 0.0000000000000000000, 1.000000000000000000, -3.532793595739285800E-015 ) ) ;
#98 = CARTESIAN_POINT ( 'NONE',  ( 0.7599999999999977900, 0.7600000000000035600, -4.064000000000010700 ) ) ;
#99 = CIRCLE ( 'NONE', #2503, 0.1260000000000024200 ) ;
#100 = VECTOR ( 'NONE', #563, 1000.000000000000000 ) ;
#101 = FACE_OUTER_BOUND ( 'NONE', #1272, .T. ) ;
#102 = DIRECTION ( 'NONE',  ( 0.5974907960953174100, -0.8018757687955059300, -0.0000000000000000000 ) ) ;
#103 = EDGE_LOOP ( 'NONE', ( #363, #263, #2465, #1081 ) ) ;
#104 = ORIENTED_EDGE ( 'NONE', *, *, #2689, .T. ) ;
#105 = ORIENTED_EDGE ( 'NONE', *, *, #700, .F. ) ;
#106 = LINE ( 'NONE', #156, #2891 ) ;
#107 = EDGE_CURVE ( 'NONE', #650, #1726, #1097, .T. ) ;
#108 = ORIENTED_EDGE ( 'NONE', *, *, #2530, .T. ) ;
#109 = DIRECTION ( 'NONE',  ( -1.000000000000000000, 0.0000000000000000000, 0.0000000000000000000 ) ) ;
#110 = CARTESIAN_POINT ( 'NONE',  ( -3.304999999999998400, 3.560000000000000100, 3.580000000000000100 ) ) ;
#111 = VECTOR ( 'NONE', #453, 1000.000000000000000 ) ;
#112 = CARTESIAN_POINT ( 'NONE',  ( -3.121544150186540600, 7.947174943281164700, -2.829999999999999600 ) ) ;
#113 = DIRECTION ( 'NONE',  ( -1.000000000000000000, 0.0000000000000000000, 0.0000000000000000000 ) ) ;
#114 = VECTOR ( 'NONE', #3025, 1000.000000000000000 ) ;
#115 = AXIS2_PLACEMENT_3D ( 'NONE', #1998, #1973, #2719 ) ;
#116 = ORIENTED_EDGE ( 'NONE', *, *, #1457, .T. ) ;
#117 = CIRCLE ( 'NONE', #2126, 0.6999999999999992900 ) ;
#118 = ORIENTED_EDGE ( 'NONE', *, *, #1809, .T. ) ;
#119 = DIRECTION ( 'NONE',  ( 1.312196275322849800E-016, -1.000000000000000000, -0.0000000000000000000 ) ) ;
#120 = CARTESIAN_POINT ( 'NONE',  ( 2.857119611267762100, 13.16511448258557900, 3.580000000000000100 ) ) ;
#121 = ORIENTED_EDGE ( 'NONE', *, *, #890, .F. ) ;
#122 = DIRECTION ( 'NONE',  ( -0.0000000000000000000, 0.0000000000000000000, -1.000000000000000000 ) ) ;
#123 = CARTESIAN_POINT ( 'NONE',  ( 1.759999999999998000, 4.068000000000001400, -3.580000000000000100 ) ) ;
#124 = EDGE_LOOP ( 'NONE', ( #1133, #2519, #2764, #3043 ) ) ;
#125 = ADVANCED_FACE ( 'NONE', ( #526 ), #1603, .T. ) ;
#126 = EDGE_CURVE ( 'NONE', #1294, #1353, #39, .T. ) ;
#127 = LINE ( 'NONE', #695, #2057 ) ;
#128 = DIRECTION ( 'NONE',  ( 0.0000000000000000000, 0.0000000000000000000, -1.000000000000000000 ) ) ;
#129 = ORIENTED_EDGE ( 'NONE', *, *, #167, .T. ) ;
#130 = LINE ( 'NONE', #2656, #2469 ) ;
#131 = DIRECTION ( 'NONE',  ( -0.0000000000000000000, 6.982962677686265900E-015, -1.000000000000000000 ) ) ;
#132 = CARTESIAN_POINT ( 'NONE',  ( -1.157389500516405900, 10.53381887178813900, 3.580000000000000100 ) ) ;
#133 = AXIS2_PLACEMENT_3D ( 'NONE', #2528, #426, #176 ) ;
#134 = CARTESIAN_POINT ( 'NONE',  ( -0.7600000000000021200, 3.560000000000000500, -3.556000000000000000 ) ) ;
#135 = CARTESIAN_POINT ( 'NONE',  ( -2.020763546312726300, 12.61692789700277800, -2.829999999999999600 ) ) ;
#136 = VECTOR ( 'NONE', #279, 1000.000000000000000 ) ;
#137 = SURFACE_STYLE_FILL_AREA ( #274 ) ;
#138 = CIRCLE ( 'NONE', #1795, 3.799999999999998000 ) ;
#139 = CARTESIAN_POINT ( 'NONE',  ( -5.421010862427522200E-016, 3.508395996109118600E-015, 4.064000000000012500 ) ) ;
#140 = AXIS2_PLACEMENT_3D ( 'NONE', #2757, #1111, #627 ) ;
#141 = ORIENTED_EDGE ( 'NONE', *, *, #737, .F. ) ;
#142 = VERTEX_POINT ( 'NONE', #3069 ) ;
#143 = CARTESIAN_POINT ( 'NONE',  ( 2.750000000000001300, 14.40999999999999700, 3.580000000000000100 ) ) ;
#144 = ORIENTED_EDGE ( 'NONE', *, *, #488, .T. ) ;
#145 = CIRCLE ( 'NONE', #2902, 1.000000000000002200 ) ;
#146 = EDGE_CURVE ( 'NONE', #436, #416, #1450, .T. ) ;
#147 = CARTESIAN_POINT ( 'NONE',  ( -2.529339732929247700, 8.305166462986534300, 3.580000000000000100 ) ) ;
#148 = DIRECTION ( 'NONE',  ( 0.0000000000000000000, -1.000000000000000000, 0.0000000000000000000 ) ) ;
#149 = LINE ( 'NONE', #1452, #891 ) ;
#150 = ORIENTED_EDGE ( 'NONE', *, *, #2630, .F. ) ;
#151 = EDGE_CURVE ( 'NONE', #207, #2448, #2186, .T. ) ;
#152 = ORIENTED_EDGE ( 'NONE', *, *, #890, .T. ) ;
#153 = ORIENTED_EDGE ( 'NONE', *, *, #272, .F. ) ;
#154 = AXIS2_PLACEMENT_3D ( 'NONE', #867, #834, #2743 ) ;
#155 = ORIENTED_EDGE ( 'NONE', *, *, #2754, .T. ) ;
#156 = CARTESIAN_POINT ( 'NONE',  ( 2.020763546312726300, 12.61692789700277800, -2.829999999999999600 ) ) ;
#157 = DIRECTION ( 'NONE',  ( 0.0000000000000000000, 0.0000000000000000000, 1.000000000000000000 ) ) ;
#158 = EDGE_LOOP ( 'NONE', ( #2960, #1925, #223, #1670 ) ) ;
#159 = AXIS2_PLACEMENT_3D ( 'NONE', #2907, #1012, #535 ) ;
#160 = DIRECTION ( 'NONE',  ( 0.0000000000000000000, 0.0000000000000000000, 1.000000000000000000 ) ) ;
#161 = DIRECTION ( 'NONE',  ( -0.4226182617407044400, 0.9063077870366476100, -0.0000000000000000000 ) ) ;
#162 = EDGE_LOOP ( 'NONE', ( #334, #571, #1279, #480 ) ) ;
#163 = DIRECTION ( 'NONE',  ( 1.000000000000000000, 0.0000000000000000000, 0.0000000000000000000 ) ) ;
#164 = DIRECTION ( 'NONE',  ( 0.0000000000000000000, 0.0000000000000000000, 1.000000000000000000 ) ) ;
#165 = VECTOR ( 'NONE', #1442, 1000.000000000000000 ) ;
#166 = ORIENTED_EDGE ( 'NONE', *, *, #251, .T. ) ;
#167 = EDGE_CURVE ( 'NONE', #2383, #2055, #2675, .T. ) ;
#168 = CIRCLE ( 'NONE', #1618, 4.000000000000000000 ) ;
#169 = DIRECTION ( 'NONE',  ( 1.000000000000000000, 0.0000000000000000000, 0.0000000000000000000 ) ) ;
#170 = FACE_OUTER_BOUND ( 'NONE', #804, .T. ) ;
#171 = VECTOR ( 'NONE', #1190, 1000.000000000000000 ) ;
#172 = AXIS2_PLACEMENT_3D ( 'NONE', #458, #1858, #200 ) ;
#173 = DIRECTION ( 'NONE',  ( 1.000000000000000000, 0.0000000000000000000, 0.0000000000000000000 ) ) ;
#174 = LINE ( 'NONE', #1218, #19 ) ;
#175 = ORIENTED_EDGE ( 'NONE', *, *, #1788, .F. ) ;
#176 = DIRECTION ( 'NONE',  ( 1.000000000000000000, 0.0000000000000000000, 0.0000000000000000000 ) ) ;
#177 = CARTESIAN_POINT ( 'NONE',  ( -2.429544150186537400, 7.947174943281164700, 3.580000000000000100 ) ) ;
#178 = FACE_OUTER_BOUND ( 'NONE', #124, .T. ) ;
#179 = PRESENTATION_STYLE_ASSIGNMENT (( #2936 ) ) ;
#180 = CARTESIAN_POINT ( 'NONE',  ( -3.304999999999998800, 4.259999999999999800, -3.579999999999998700 ) ) ;
#181 = FACE_OUTER_BOUND ( 'NONE', #1981, .T. ) ;
#182 = ORIENTED_EDGE ( 'NONE', *, *, #2473, .T. ) ;
#183 = DIRECTION ( 'NONE',  ( -1.000000000000000000, 0.0000000000000000000, 0.0000000000000000000 ) ) ;
#184 = LINE ( 'NONE', #3066, #522 ) ;
#185 = ORIENTED_EDGE ( 'NONE', *, *, #209, .T. ) ;
#186 = EDGE_CURVE ( 'NONE', #380, #2118, #2456, .T. ) ;
#187 = DIRECTION ( 'NONE',  ( -0.0000000000000000000, -0.0000000000000000000, -1.000000000000000000 ) ) ;
#188 = DIRECTION ( 'NONE',  ( 0.0000000000000000000, 0.0000000000000000000, 1.000000000000000000 ) ) ;
#189 = DIRECTION ( 'NONE',  ( 0.0000000000000000000, 0.0000000000000000000, 1.000000000000000000 ) ) ;
#190 = CYLINDRICAL_SURFACE ( 'NONE', #1078, 3.799999999999998000 ) ;
#191 = EDGE_CURVE ( 'NONE', #1371, #203, #1523, .T. ) ;
#192 = ADVANCED_FACE ( 'NONE', ( #389 ), #1877, .F. ) ;
#193 = ORIENTED_EDGE ( 'NONE', *, *, #1038, .F. ) ;
#194 = CARTESIAN_POINT ( 'NONE',  ( -3.252606517456513300E-016, 0.7600000000000035600, 4.064000000000010700 ) ) ;
#195 = VERTEX_POINT ( 'NONE', #1163 ) ;
#196 = PLANE ( 'NONE',  #2532 ) ;
#197 = FACE_OUTER_BOUND ( 'NONE', #497, .T. ) ;
#198 = AXIS2_PLACEMENT_3D ( 'NONE', #2005, #1291, #1755 ) ;
#199 = ORIENTED_EDGE ( 'NONE', *, *, #1056, .F. ) ;
#200 = DIRECTION ( 'NONE',  ( 0.4226182617407040500, 0.9063077870366477200, 0.0000000000000000000 ) ) ;
#201 = DIRECTION ( 'NONE',  ( 0.0000000000000000000, 0.0000000000000000000, 1.000000000000000000 ) ) ;
#202 = DIRECTION ( 'NONE',  ( -1.000000000000000000, 0.0000000000000000000, 0.0000000000000000000 ) ) ;
#203 = VERTEX_POINT ( 'NONE', #1184 ) ;
#204 = AXIS2_PLACEMENT_3D ( 'NONE', #2268, #412, #2062 ) ;
#205 = VERTEX_POINT ( 'NONE', #2358 ) ;
#206 = FACE_OUTER_BOUND ( 'NONE', #1965, .T. ) ;
#207 = VERTEX_POINT ( 'NONE', #910 ) ;
#208 = CARTESIAN_POINT ( 'NONE',  ( -2.529339732929247700, 8.305166462986534300, -2.829999999999999600 ) ) ;
#209 = EDGE_CURVE ( 'NONE', #1491, #826, #305, .T. ) ;
#210 = LINE ( 'NONE', #2782, #367 ) ;
#211 = DIRECTION ( 'NONE',  ( -0.0000000000000000000, -0.0000000000000000000, -1.000000000000000000 ) ) ;
#212 = EDGE_CURVE ( 'NONE', #2448, #2196, #2379, .T. ) ;
#213 = CIRCLE ( 'NONE', #364, 3.999999999999998200 ) ;
#214 = ORIENTED_EDGE ( 'NONE', *, *, #2376, .F. ) ;
#215 = LINE ( 'NONE', #2014, #16 ) ;
#216 = LINE ( 'NONE', #243, #1367 ) ;
#217 = AXIS2_PLACEMENT_3D ( 'NONE', #1704, #2668, #1713 ) ;
#218 = CARTESIAN_POINT ( 'NONE',  ( -1.818257360651101700, 9.104670987307045500, -3.580000000000000100 ) ) ;
#219 = CARTESIAN_POINT ( 'NONE',  ( 3.479011095111038500, 4.341142706254214700, -2.879999999999999400 ) ) ;
#220 = VECTOR ( 'NONE', #371, 999.9999999999998900 ) ;
#221 = ORIENTED_EDGE ( 'NONE', *, *, #2517, .T. ) ;
#222 = DIRECTION ( 'NONE',  ( -0.0000000000000000000, -0.0000000000000000000, -1.000000000000000000 ) ) ;
#223 = ORIENTED_EDGE ( 'NONE', *, *, #1684, .F. ) ;
#224 = VECTOR ( 'NONE', #2928, 1000.000000000000200 ) ;
#225 = DIRECTION ( 'NONE',  ( -0.0000000000000000000, -0.0000000000000000000, -1.000000000000000000 ) ) ;
#226 = LINE ( 'NONE', #470, #2412 ) ;
#227 = ADVANCED_FACE ( 'NONE', ( #1449 ), #1838, .T. ) ;
#228 = CARTESIAN_POINT ( 'NONE',  ( -3.304999999999998400, 4.068000000000000500, -3.430000000000000200 ) ) ;
#229 = DIRECTION ( 'NONE',  ( -0.4226182617407044400, 0.9063077870366476100, -0.0000000000000000000 ) ) ;
#230 = ORIENTED_EDGE ( 'NONE', *, *, #905, .F. ) ;
#231 = EDGE_CURVE ( 'NONE', #2905, #1336, #895, .T. ) ;
#232 = CARTESIAN_POINT ( 'NONE',  ( -3.479011095111034900, 4.341142706254214700, 3.580000000000000100 ) ) ;
#233 = ORIENTED_EDGE ( 'NONE', *, *, #2736, .T. ) ;
#234 = AXIS2_PLACEMENT_3D ( 'NONE', #2315, #434, #902 ) ;
#235 = EDGE_LOOP ( 'NONE', ( #1781, #1028, #984, #2570 ) ) ;
#236 = VERTEX_POINT ( 'NONE', #716 ) ;
#237 = DIRECTION ( 'NONE',  ( 1.000000000000000000, 0.0000000000000000000, 0.0000000000000000000 ) ) ;
#238 = ORIENTED_EDGE ( 'NONE', *, *, #1671, .F. ) ;
#239 = AXIS2_PLACEMENT_3D ( 'NONE', #698, #2362, #736 ) ;
#240 = EDGE_LOOP ( 'NONE', ( #617, #233, #335, #832, #11, #2638 ) ) ;
#241 = DIRECTION ( 'NONE',  ( -1.000000000000000000, 0.0000000000000000000, 0.0000000000000000000 ) ) ;
#242 = DIRECTION ( 'NONE',  ( -0.0000000000000000000, 0.0000000000000000000, -1.000000000000000000 ) ) ;
#243 = CARTESIAN_POINT ( 'NONE',  ( 1.357853004836484500, 8.889980910342766100, 3.580000000000000100 ) ) ;
#244 = VECTOR ( 'NONE', #2731, 1000.000000000000000 ) ;
#245 = VERTEX_POINT ( 'NONE', #2804 ) ;
#246 = CIRCLE ( 'NONE', #1540, 4.507999999999998200 ) ;
#247 = DIRECTION ( 'NONE',  ( -0.9063077870366477200, 0.4226182617407040500, -0.0000000000000000000 ) ) ;
#248 = ORIENTED_EDGE ( 'NONE', *, *, #2274, .F. ) ;
#249 = CARTESIAN_POINT ( 'NONE',  ( -2.494379161557180400, 7.654723106156596100, -2.829999999999999600 ) ) ;
#250 = DIRECTION ( 'NONE',  ( 0.0000000000000000000, 0.0000000000000000000, 1.000000000000000000 ) ) ;
#251 = EDGE_CURVE ( 'NONE', #436, #611, #3036, .T. ) ;
#252 = CARTESIAN_POINT ( 'NONE',  ( 3.053525324416421300, 14.00264710945188400, 3.580000000000000100 ) ) ;
#253 = CARTESIAN_POINT ( 'NONE',  ( -0.7600000000000003400, 1.713736849473560700E-015, 3.556000000000012900 ) ) ;
#254 = EDGE_CURVE ( 'NONE', #1711, #2303, #2415, .T. ) ;
#255 = CIRCLE ( 'NONE', #1676, 0.6920000000000033900 ) ;
#256 = VECTOR ( 'NONE', #2117, 999.9999999999998900 ) ;
#257 = ORIENTED_EDGE ( 'NONE', *, *, #1727, .F. ) ;
#258 = CARTESIAN_POINT ( 'NONE',  ( 2.033974805742563100, 7.440033029192319300, -2.763163654829075000 ) ) ;
#259 = DIRECTION ( 'NONE',  ( 0.0000000000000000000, 0.0000000000000000000, 1.000000000000000000 ) ) ;
#260 = ADVANCED_FACE ( 'NONE', ( #1019 ), #3057, .F. ) ;
#261 = ORIENTED_EDGE ( 'NONE', *, *, #950, .T. ) ;
#262 = AXIS2_PLACEMENT_3D ( 'NONE', #1337, #868, #2001 ) ;
#263 = ORIENTED_EDGE ( 'NONE', *, *, #398, .T. ) ;
#264 = DIRECTION ( 'NONE',  ( -0.0000000000000000000, -0.0000000000000000000, 1.000000000000000000 ) ) ;
#265 = FACE_OUTER_BOUND ( 'NONE', #2073, .T. ) ;
#266 = AXIS2_PLACEMENT_3D ( 'NONE', #1600, #1576, #1160 ) ;
#267 = VECTOR ( 'NONE', #1170, 1000.000000000000000 ) ;
#268 = ORIENTED_EDGE ( 'NONE', *, *, #1679, .F. ) ;
#269 = CARTESIAN_POINT ( 'NONE',  ( -1.760000000000000200, 3.560000000000000500, 3.430000000000000200 ) ) ;
#270 = ORIENTED_EDGE ( 'NONE', *, *, #1987, .F. ) ;
#271 = ADVANCED_FACE ( 'NONE', ( #2974 ), #603, .F. ) ;
#272 = EDGE_CURVE ( 'NONE', #562, #2627, #1090, .T. ) ;
#273 = DIRECTION ( 'NONE',  ( 0.0000000000000000000, 0.0000000000000000000, 1.000000000000000000 ) ) ;
#274 = FILL_AREA_STYLE ('',( #1250 ) ) ;
#275 = ORIENTED_EDGE ( 'NONE', *, *, #1435, .F. ) ;
#276 = EDGE_LOOP ( 'NONE', ( #2852, #2582, #3038, #2505 ) ) ;
#277 = DIRECTION ( 'NONE',  ( -0.0000000000000000000, -0.0000000000000000000, -1.000000000000000000 ) ) ;
#278 = CARTESIAN_POINT ( 'NONE',  ( 1.259999999999999600, 4.068000000000000500, 3.430000000000000200 ) ) ;
#279 = DIRECTION ( 'NONE',  ( 1.312196275322849800E-016, -1.000000000000000000, -0.0000000000000000000 ) ) ;
#280 = AXIS2_PLACEMENT_3D ( 'NONE', #914, #1828, #2573 ) ;
#281 = ORIENTED_EDGE ( 'NONE', *, *, #2494, .F. ) ;
#282 = CARTESIAN_POINT ( 'NONE',  ( -3.304999999999998400, 3.560000000000000100, 3.580000000000000100 ) ) ;
#283 = CARTESIAN_POINT ( 'NONE',  ( 2.445632427309882800, 12.89540668247884100, -2.829999999999999600 ) ) ;
#284 = LINE ( 'NONE', #1775, #1936 ) ;
#285 = CARTESIAN_POINT ( 'NONE',  ( -2.059984127722458400E-015, 0.7600000000000020100, -3.556000000000010300 ) ) ;
#286 = ADVANCED_FACE ( 'NONE', ( #1209 ), #190, .F. ) ;
#287 = FACE_OUTER_BOUND ( 'NONE', #1066, .T. ) ;
#288 = DIRECTION ( 'NONE',  ( 1.000000000000000000, 0.0000000000000000000, 0.0000000000000000000 ) ) ;
#289 = DIRECTION ( 'NONE',  ( -1.000000000000000000, 0.0000000000000000000, 0.0000000000000000000 ) ) ;
#290 = EDGE_CURVE ( 'NONE', #23, #321, #2266, .T. ) ;
#291 = FACE_OUTER_BOUND ( 'NONE', #276, .T. ) ;
#292 = VECTOR ( 'NONE', #939, 1000.000000000000100 ) ;
#293 = VECTOR ( 'NONE', #1173, 1000.000000000000000 ) ;
#294 = CARTESIAN_POINT ( 'NONE',  ( 2.529339732929247700, 8.305166462986534300, 3.580000000000000100 ) ) ;
#295 = CARTESIAN_POINT ( 'NONE',  ( 3.121544150186540600, 7.947174943281164700, -2.829999999999999600 ) ) ;
#296 = ORIENTED_EDGE ( 'NONE', *, *, #1709, .T. ) ;
#297 = CARTESIAN_POINT ( 'NONE',  ( -3.304999999999998400, 3.560000000000000100, 3.580000000000000100 ) ) ;
#298 = EDGE_LOOP ( 'NONE', ( #2680, #1906, #2682, #1929 ) ) ;
#299 = ORIENTED_EDGE ( 'NONE', *, *, #2470, .F. ) ;
#300 = LINE ( 'NONE', #320, #2409 ) ;
#301 = DIRECTION ( 'NONE',  ( -0.4226182617407044400, 0.9063077870366476100, -0.0000000000000000000 ) ) ;
#302 = AXIS2_PLACEMENT_3D ( 'NONE', #2328, #2067, #880 ) ;
#303 = VECTOR ( 'NONE', #1694, 1000.000000000000000 ) ;
#304 = ADVANCED_FACE ( 'NONE', ( #386 ), #1708, .F. ) ;
#305 = LINE ( 'NONE', #1628, #2106 ) ;
#306 = CARTESIAN_POINT ( 'NONE',  ( 3.939415450925655400, 4.555832783218492400, -2.896836345170924300 ) ) ;
#307 = CARTESIAN_POINT ( 'NONE',  ( 2.494379161557166200, 13.49750486473246600, 3.580000000000000100 ) ) ;
#308 = VECTOR ( 'NONE', #229, 1000.000000000000100 ) ;
#309 = EDGE_LOOP ( 'NONE', ( #2468, #2389, #2246, #796 ) ) ;
#310 = EDGE_CURVE ( 'NONE', #2196, #808, #1547, .T. ) ;
#311 = EDGE_LOOP ( 'NONE', ( #1480, #1696, #1974, #2386 ) ) ;
#312 = ORIENTED_EDGE ( 'NONE', *, *, #2391, .T. ) ;
#313 = CYLINDRICAL_SURFACE ( 'NONE', #234, 0.6920000000000033900 ) ;
#314 = ORIENTED_EDGE ( 'NONE', *, *, #3005, .T. ) ;
#315 = EDGE_CURVE ( 'NONE', #1060, #1692, #1880, .T. ) ;
#316 = CARTESIAN_POINT ( 'NONE',  ( 5.443488508797691400, 10.79514403426985900, -3.580000000000000100 ) ) ;
#317 = CARTESIAN_POINT ( 'NONE',  ( 2.655396719280388700, 7.309419839295634000, 3.580000000000000100 ) ) ;
#318 = AXIS2_PLACEMENT_3D ( 'NONE', #2535, #2997, #2771 ) ;
#319 =( LENGTH_UNIT ( ) NAMED_UNIT ( * ) SI_UNIT ( .MILLI., .METRE. ) );
#320 = CARTESIAN_POINT ( 'NONE',  ( 2.494379161557176400, 13.49750486473248400, -2.829999999999999600 ) ) ;
#321 = VERTEX_POINT ( 'NONE', #2721 ) ;
#322 = CARTESIAN_POINT ( 'NONE',  ( 2.090471518935626000, 8.520905841005209400, -2.896836345170924700 ) ) ;
#323 = ADVANCED_FACE ( 'NONE', ( #2143 ), #1989, .F. ) ;
#324 = VECTOR ( 'NONE', #2908, 1000.000000000000000 ) ;
#325 = EDGE_LOOP ( 'NONE', ( #3011, #1122, #1563, #1027 ) ) ;
#326 = AXIS2_PLACEMENT_3D ( 'NONE', #66, #2898, #2184 ) ;
#327 = PLANE ( 'NONE',  #2979 ) ;
#328 = DIRECTION ( 'NONE',  ( 1.000000000000000000, 0.0000000000000000000, -0.0000000000000000000 ) ) ;
#329 =( NAMED_UNIT ( * ) SI_UNIT ( $, .STERADIAN. ) SOLID_ANGLE_UNIT ( ) );
#330 = DIRECTION ( 'NONE',  ( -0.0000000000000000000, -0.0000000000000000000, -1.000000000000000000 ) ) ;
#331 = CARTESIAN_POINT ( 'NONE',  ( -3.304999999999998400, 3.560000000000000100, 3.580000000000000100 ) ) ;
#332 = LINE ( 'NONE', #1853, #2774 ) ;
#333 = LINE ( 'NONE', #232, #2211 ) ;
#334 = ORIENTED_EDGE ( 'NONE', *, *, #950, .F. ) ;
#335 = ORIENTED_EDGE ( 'NONE', *, *, #973, .T. ) ;
#336 = EDGE_CURVE ( 'NONE', #2220, #2118, #2784, .T. ) ;
#337 = ORIENTED_EDGE ( 'NONE', *, *, #2455, .T. ) ;
#338 = CARTESIAN_POINT ( 'NONE',  ( 2.529339732929247700, 8.305166462986534300, -2.763163654829074600 ) ) ;
#339 = PLANE ( 'NONE',  #2262 ) ;
#340 = CARTESIAN_POINT ( 'NONE',  ( -1.818257360651103400, 9.104670987307045500, -2.879999999999999400 ) ) ;
#341 = VECTOR ( 'NONE', #1580, 1000.000000000000000 ) ;
#342 = EDGE_LOOP ( 'NONE', ( #514, #337, #314, #530 ) ) ;
#343 = DIRECTION ( 'NONE',  ( 0.0000000000000000000, 0.0000000000000000000, 1.000000000000000000 ) ) ;
#344 = DIRECTION ( 'NONE',  ( 0.0000000000000000000, 1.000000000000000000, -3.423796334164750900E-015 ) ) ;
#345 = CARTESIAN_POINT ( 'NONE',  ( 3.479011095111038500, 4.341142706254214700, 3.580000000000000100 ) ) ;
#346 = ORIENTED_EDGE ( 'NONE', *, *, #2142, .F. ) ;
#347 = AXIS2_PLACEMENT_3D ( 'NONE', #2395, #277, #2157 ) ;
#348 = CARTESIAN_POINT ( 'NONE',  ( -1.760000000000002000, 4.068000000000000500, -3.429999999999999300 ) ) ;
#349 = ORIENTED_EDGE ( 'NONE', *, *, #1056, .T. ) ;
#350 = ORIENTED_EDGE ( 'NONE', *, *, #2159, .F. ) ;
#351 = CARTESIAN_POINT ( 'NONE',  ( -2.494379161557180000, 13.49750486473248200, -2.879999999999999400 ) ) ;
#352 = ORIENTED_EDGE ( 'NONE', *, *, #375, .F. ) ;
#353 = DIRECTION ( 'NONE',  ( 1.000000000000000000, 1.312196275322849800E-016, 0.0000000000000000000 ) ) ;
#354 = EDGE_CURVE ( 'NONE', #1353, #1415, #413, .T. ) ;
#355 = ORIENTED_EDGE ( 'NONE', *, *, #1118, .T. ) ;
#356 = EDGE_LOOP ( 'NONE', ( #2457, #2632, #1494, #299 ) ) ;
#357 = PLANE ( 'NONE',  #369 ) ;
#358 = ORIENTED_EDGE ( 'NONE', *, *, #2370, .T. ) ;
#359 = EDGE_CURVE ( 'NONE', #1332, #826, #284, .T. ) ;
#360 = CARTESIAN_POINT ( 'NONE',  ( 1.157389500516405900, 10.53381887178813900, -2.829999999999999600 ) ) ;
#361 = CARTESIAN_POINT ( 'NONE',  ( -1.818257360651101700, 9.104670987307045500, -3.580000000000000100 ) ) ;
#362 = CYLINDRICAL_SURFACE ( 'NONE', #1422, 4.507999999999998200 ) ;
#363 = ORIENTED_EDGE ( 'NONE', *, *, #1862, .F. ) ;
#364 = AXIS2_PLACEMENT_3D ( 'NONE', #1728, #575, #71 ) ;
#365 = DIRECTION ( 'NONE',  ( 0.0000000000000000000, -3.532793595739285800E-015, -1.000000000000000000 ) ) ;
#366 = DIRECTION ( 'NONE',  ( 1.000000000000000000, 1.312196275322849800E-016, 0.0000000000000000000 ) ) ;
#367 = VECTOR ( 'NONE', #2766, 1000.000000000000000 ) ;
#368 = LINE ( 'NONE', #361, #2881 ) ;
#369 = AXIS2_PLACEMENT_3D ( 'NONE', #2002, #1941, #2506 ) ;
#370 = LINE ( 'NONE', #1777, #3022 ) ;
#371 = DIRECTION ( 'NONE',  ( -0.9063077870366479400, 0.4226182617407039400, 4.336808689942019200E-016 ) ) ;
#372 = DIRECTION ( 'NONE',  ( -0.0000000000000000000, -0.0000000000000000000, 1.000000000000000000 ) ) ;
#373 = LINE ( 'NONE', #709, #292 ) ;
#374 = VECTOR ( 'NONE', #787, 1000.000000000000100 ) ;
#375 = EDGE_CURVE ( 'NONE', #2155, #3027, #1226, .T. ) ;
#376 = VECTOR ( 'NONE', #2350, 1000.000000000000000 ) ;
#377 = ORIENTED_EDGE ( 'NONE', *, *, #3008, .T. ) ;
#378 = CARTESIAN_POINT ( 'NONE',  ( -3.053525324416422700, 14.00264710945188400, 3.580000000000000100 ) ) ;
#379 = VECTOR ( 'NONE', #559, 1000.000000000000100 ) ;
#380 = VERTEX_POINT ( 'NONE', #878 ) ;
#381 = EDGE_CURVE ( 'NONE', #2672, #2516, #210, .T. ) ;
#382 = LINE ( 'NONE', #40, #2102 ) ;
#383 = ORIENTED_EDGE ( 'NONE', *, *, #2124, .T. ) ;
#384 = CARTESIAN_POINT ( 'NONE',  ( 2.119842274457632400, 13.84070469020123700, -2.829999999999999600 ) ) ;
#385 = DIRECTION ( 'NONE',  ( -1.000000000000000000, 0.0000000000000000000, 0.0000000000000000000 ) ) ;
#386 = FACE_OUTER_BOUND ( 'NONE', #1052, .T. ) ;
#387 = DIRECTION ( 'NONE',  ( -3.441911658684075100E-015, 3.441911658684075100E-015, -1.000000000000000000 ) ) ;
#388 = CARTESIAN_POINT ( 'NONE',  ( 0.9354885087976931900, 10.79514403426985900, 3.580000000000000100 ) ) ;
#389 = FACE_OUTER_BOUND ( 'NONE', #2683, .T. ) ;
#390 = AXIS2_PLACEMENT_3D ( 'NONE', #2288, #2770, #652 ) ;
#391 = CARTESIAN_POINT ( 'NONE',  ( -1.760000000000000200, 3.560000000000000500, 3.580000000000000100 ) ) ;
#392 = ORIENTED_EDGE ( 'NONE', *, *, #2056, .F. ) ;
#393 = VERTEX_POINT ( 'NONE', #1378 ) ;
#394 = CARTESIAN_POINT ( 'NONE',  ( 5.443488508797691400, 10.79514403426985900, 3.580000000000000100 ) ) ;
#395 = CARTESIAN_POINT ( 'NONE',  ( 1.357853004836484500, 8.889980910342766100, -2.879999999999997700 ) ) ;
#396 = ORIENTED_EDGE ( 'NONE', *, *, #507, .T. ) ;
#397 = CARTESIAN_POINT ( 'NONE',  ( -3.304999999999998400, 3.560000000000000100, -3.580000000000000100 ) ) ;
#398 = EDGE_CURVE ( 'NONE', #645, #2873, #583, .T. ) ;
#399 = ORIENTED_EDGE ( 'NONE', *, *, #1221, .T. ) ;
#400 = VECTOR ( 'NONE', #102, 1000.000000000000100 ) ;
#401 = DIRECTION ( 'NONE',  ( -0.0000000000000000000, -0.0000000000000000000, 1.000000000000000000 ) ) ;
#402 = DIRECTION ( 'NONE',  ( -0.0000000000000000000, 1.000000000000000000, 3.532793595739285800E-015 ) ) ;
#403 = CYLINDRICAL_SURFACE ( 'NONE', #2003, 0.6340000000000000100 ) ;
#404 = FACE_OUTER_BOUND ( 'NONE', #162, .T. ) ;
#405 = DIRECTION ( 'NONE',  ( 1.445602896647339700E-015, 0.0000000000000000000, -1.000000000000000000 ) ) ;
#406 = ORIENTED_EDGE ( 'NONE', *, *, #797, .T. ) ;
#407 = EDGE_CURVE ( 'NONE', #2231, #631, #2435, .T. ) ;
#408 = CARTESIAN_POINT ( 'NONE',  ( -3.496999999999999000, 4.259999999999999800, 3.580000000000000100 ) ) ;
#409 = CIRCLE ( 'NONE', #1752, 0.6340000000000000100 ) ;
#410 = EDGE_CURVE ( 'NONE', #2758, #2602, #2394, .T. ) ;
#411 = ORIENTED_EDGE ( 'NONE', *, *, #2271, .T. ) ;
#412 = DIRECTION ( 'NONE',  ( 0.0000000000000000000, 0.0000000000000000000, 1.000000000000000000 ) ) ;
#413 = LINE ( 'NONE', #2024, #2952 ) ;
#414 = DIRECTION ( 'NONE',  ( 0.0000000000000000000, 0.0000000000000000000, 1.000000000000000000 ) ) ;
#415 = AXIS2_PLACEMENT_3D ( 'NONE', #2191, #2685, #1949 ) ;
#416 = VERTEX_POINT ( 'NONE', #3032 ) ;
#417 = PLANE ( 'NONE',  #2919 ) ;
#418 = AXIS2_PLACEMENT_3D ( 'NONE', #1183, #3034, #421 ) ;
#419 = ORIENTED_EDGE ( 'NONE', *, *, #2591, .T. ) ;
#420 = DIRECTION ( 'NONE',  ( -0.7372773368101269700, -0.6755902076156570200, -0.0000000000000000000 ) ) ;
#421 = DIRECTION ( 'NONE',  ( 1.000000000000000000, 0.0000000000000000000, 0.0000000000000000000 ) ) ;
#422 = DIRECTION ( 'NONE',  ( -0.0000000000000000000, -0.0000000000000000000, -1.000000000000000000 ) ) ;
#423 = EDGE_CURVE ( 'NONE', #1346, #427, #1468, .T. ) ;
#424 = ORIENTED_EDGE ( 'NONE', *, *, #146, .T. ) ;
#425 = DIRECTION ( 'NONE',  ( -1.000000000000000000, 0.0000000000000000000, 0.0000000000000000000 ) ) ;
#426 = DIRECTION ( 'NONE',  ( 0.0000000000000000000, 0.0000000000000000000, 1.000000000000000000 ) ) ;
#427 = VERTEX_POINT ( 'NONE', #1022 ) ;
#428 = EDGE_CURVE ( 'NONE', #1332, #2642, #1751, .T. ) ;
#429 = FACE_OUTER_BOUND ( 'NONE', #2565, .T. ) ;
#430 = CARTESIAN_POINT ( 'NONE',  ( -2.119842274457633700, 13.84070469020123900, -2.829999999999999600 ) ) ;
#431 = DIRECTION ( 'NONE',  ( 0.0000000000000000000, -3.532793595739285800E-015, -1.000000000000000000 ) ) ;
#432 = VECTOR ( 'NONE', #1913, 1000.000000000000000 ) ;
#433 = AXIS2_PLACEMENT_3D ( 'NONE', #1417, #22, #1412 ) ;
#434 = DIRECTION ( 'NONE',  ( 0.0000000000000000000, 0.0000000000000000000, 1.000000000000000000 ) ) ;
#435 = CIRCLE ( 'NONE', #1849, 0.4920000000000019900 ) ;
#436 = VERTEX_POINT ( 'NONE', #1010 ) ;
#437 = DIRECTION ( 'NONE',  ( 0.0000000000000000000, 0.0000000000000000000, 1.000000000000000000 ) ) ;
#438 = DIRECTION ( 'NONE',  ( -0.0000000000000000000, 0.0000000000000000000, -1.000000000000000000 ) ) ;
#439 = VECTOR ( 'NONE', #131, 1000.000000000000000 ) ;
#440 = ORIENTED_EDGE ( 'NONE', *, *, #2142, .T. ) ;
#441 = DIRECTION ( 'NONE',  ( 0.0000000000000000000, -1.000000000000000000, -3.423796334164750900E-015 ) ) ;
#442 = ORIENTED_EDGE ( 'NONE', *, *, #1114, .T. ) ;
#443 = LINE ( 'NONE', #1070, #2178 ) ;
#444 = ORIENTED_EDGE ( 'NONE', *, *, #3063, .T. ) ;
#445 = DIRECTION ( 'NONE',  ( 1.000000000000000000, 0.0000000000000000000, 0.0000000000000000000 ) ) ;
#446 = CARTESIAN_POINT ( 'NONE',  ( 3.939415450925655400, 4.555832783218492400, -3.580000000000000100 ) ) ;
#447 = ORIENTED_EDGE ( 'NONE', *, *, #2577, .F. ) ;
#448 = EDGE_CURVE ( 'NONE', #808, #670, #2916, .T. ) ;
#449 = CARTESIAN_POINT ( 'NONE',  ( 0.7599999999999977900, 0.7600000000000017900, -3.556000000000010300 ) ) ;
#450 = DIRECTION ( 'NONE',  ( -0.6755902076156521400, -0.7372773368101315200, -0.0000000000000000000 ) ) ;
#451 = ORIENTED_EDGE ( 'NONE', *, *, #1671, .T. ) ;
#452 = DIRECTION ( 'NONE',  ( 1.000000000000000000, 1.312196275322849800E-016, -0.0000000000000000000 ) ) ;
#453 = DIRECTION ( 'NONE',  ( 0.0000000000000000000, 0.0000000000000000000, 1.000000000000000000 ) ) ;
#454 = EDGE_LOOP ( 'NONE', ( #1787, #3067, #2265, #675, #152, #2605, #943 ) ) ;
#455 = AXIS2_PLACEMENT_3D ( 'NONE', #722, #738, #2367 ) ;
#456 = ORIENTED_EDGE ( 'NONE', *, *, #2331, .T. ) ;
#457 = ORIENTED_EDGE ( 'NONE', *, *, #3005, .F. ) ;
#458 = CARTESIAN_POINT ( 'NONE',  ( -1.357853004836484500, 8.889980910342767800, 3.580000000000000100 ) ) ;
#459 = DIRECTION ( 'NONE',  ( 1.000000000000000000, 1.445602896647335000E-015, 0.0000000000000000000 ) ) ;
#460 = CLOSED_SHELL ( 'NONE', ( #2123, #1187, #2692, #1295, #2433, #994, #67, #537, #2723, #2414, #2207, #744, #1954, #2649, #519, #2772, #2108, #1057, #1897, #125, #1717, #2616, #2223, #1206, #1508, #961, #2464, #2929, #260, #1086, #1735, #2151, #2634, #2187, #1916, #192, #1263, #703, #792, #1706, #945, #773, #2912, #840, #548, #2239, #1275, #809, #1986, #3060, #2661, #3042, #2880, #568, #2601, #79, #1171, #1105, #2942, #501, #304, #2078, #977, #598, #1763, #1683, #1407, #1031, #1498, #1932, #31, #1043, #1430, #3075, #761, #1015, #286, #92, #271, #2835, #2846, #1630, #1234, #2862, #1482, #1968, #1448, #687, #1314, #2397, #1148, #323, #2679, #1247, #227, #2173, #718, #47, #1869, #1465, #927, #1854, #2957, #472, #1661, #2346, #487 ) ) ;
#461 = AXIS2_PLACEMENT_3D ( 'NONE', #2559, #1391, #445 ) ;
#462 = ORIENTED_EDGE ( 'NONE', *, *, #2951, .F. ) ;
#463 = ORIENTED_EDGE ( 'NONE', *, *, #1333, .F. ) ;
#464 = DIRECTION ( 'NONE',  ( 0.0000000000000000000, 0.0000000000000000000, 1.000000000000000000 ) ) ;
#465 = EDGE_CURVE ( 'NONE', #1710, #762, #1185, .T. ) ;
#466 = ORIENTED_EDGE ( 'NONE', *, *, #1069, .F. ) ;
#467 = CARTESIAN_POINT ( 'NONE',  ( 2.750000000000001300, 14.40999999999999700, 3.580000000000000100 ) ) ;
#468 = CARTESIAN_POINT ( 'NONE',  ( -2.494379161557180000, 13.49750486473248200, -2.829999999999999600 ) ) ;
#469 = EDGE_CURVE ( 'NONE', #946, #538, #60, .T. ) ;
#470 = CARTESIAN_POINT ( 'NONE',  ( -2.494379161557180000, 13.49750486473248200, -2.879999999999999400 ) ) ;
#471 = CIRCLE ( 'NONE', #2061, 4.307999999999997200 ) ;
#472 = ADVANCED_FACE ( 'NONE', ( #2279 ), #1072, .T. ) ;
#473 = AXIS2_PLACEMENT_3D ( 'NONE', #475, #2579, #3045 ) ;
#474 = PLANE ( 'NONE',  #3053 ) ;
#475 = CARTESIAN_POINT ( 'NONE',  ( -5.443488508797694100, 10.79514403426986000, -3.580000000000000100 ) ) ;
#476 = FACE_OUTER_BOUND ( 'NONE', #2410, .T. ) ;
#477 = ORIENTED_EDGE ( 'NONE', *, *, #1820, .F. ) ;
#478 = AXIS2_PLACEMENT_3D ( 'NONE', #975, #770, #1222 ) ;
#479 = PLANE ( 'NONE',  #1545 ) ;
#480 = ORIENTED_EDGE ( 'NONE', *, *, #1405, .T. ) ;
#481 = PLANE ( 'NONE',  #1771 ) ;
#482 = CIRCLE ( 'NONE', #280, 4.507999999999999100 ) ;
#483 = VERTEX_POINT ( 'NONE', #1034 ) ;
#484 = CARTESIAN_POINT ( 'NONE',  ( -2.857119611267762100, 13.16511448258557900, -2.829999999999999600 ) ) ;
#485 = CYLINDRICAL_SURFACE ( 'NONE', #347, 0.6999999999999996200 ) ;
#486 = DIRECTION ( 'NONE',  ( -1.000000000000000000, 0.0000000000000000000, 0.0000000000000000000 ) ) ;
#487 = ADVANCED_FACE ( 'NONE', ( #3016 ), #542, .T. ) ;
#488 = EDGE_CURVE ( 'NONE', #1990, #1551, #701, .T. ) ;
#489 = DIRECTION ( 'NONE',  ( 3.441911658684146500E-015, 0.0000000000000000000, 1.000000000000000000 ) ) ;
#490 = CARTESIAN_POINT ( 'NONE',  ( -3.939415450925652700, 4.555832783218492400, -3.580000000000000100 ) ) ;
#491 = ORIENTED_EDGE ( 'NONE', *, *, #2693, .F. ) ;
#492 = CARTESIAN_POINT ( 'NONE',  ( -1.921544150186537100, 7.947174943281164700, -2.829999999999999600 ) ) ;
#493 = ORIENTED_EDGE ( 'NONE', *, *, #3058, .F. ) ;
#494 = CARTESIAN_POINT ( 'NONE',  ( -0.7600000000000003400, 3.434000000000001900, 3.556000000000000500 ) ) ;
#495 = AXIS2_PLACEMENT_3D ( 'NONE', #1042, #1293, #2707 ) ;
#496 = DIRECTION ( 'NONE',  ( 0.0000000000000000000, -1.032573497605243900E-014, 1.000000000000000000 ) ) ;
#497 = EDGE_LOOP ( 'NONE', ( #2351, #1767, #2850, #1675 ) ) ;
#498 = DIRECTION ( 'NONE',  ( 1.000000000000000000, 1.734723475976803200E-015, 0.0000000000000000000 ) ) ;
#499 = EDGE_LOOP ( 'NONE', ( #1919, #3040, #2537, #1564 ) ) ;
#500 = DIRECTION ( 'NONE',  ( -0.0000000000000000000, -0.0000000000000000000, -1.000000000000000000 ) ) ;
#501 = ADVANCED_FACE ( 'NONE', ( #1260 ), #1269, .T. ) ;
#502 = DIRECTION ( 'NONE',  ( 1.000000000000000000, 0.0000000000000000000, 0.0000000000000000000 ) ) ;
#503 = FACE_OUTER_BOUND ( 'NONE', #906, .T. ) ;
#504 = EDGE_CURVE ( 'NONE', #2845, #483, #1144, .T. ) ;
#505 = CARTESIAN_POINT ( 'NONE',  ( -1.157389500516405900, 10.53381887178813900, -2.829999999999999600 ) ) ;
#506 = DIRECTION ( 'NONE',  ( -0.0000000000000000000, -0.0000000000000000000, -1.000000000000000000 ) ) ;
#507 = EDGE_CURVE ( 'NONE', #2054, #1461, #1036, .T. ) ;
#508 = FACE_OUTER_BOUND ( 'NONE', #7, .T. ) ;
#509 = FACE_OUTER_BOUND ( 'NONE', #2865, .T. ) ;
#510 = FACE_OUTER_BOUND ( 'NONE', #1096, .T. ) ;
#511 = ORIENTED_EDGE ( 'NONE', *, *, #315, .T. ) ;
#512 = CARTESIAN_POINT ( 'NONE',  ( -3.304999999999998400, 4.068000000000000500, 3.580000000000000100 ) ) ;
#513 = CIRCLE ( 'NONE', #140, 0.6920000000000033900 ) ;
#514 = ORIENTED_EDGE ( 'NONE', *, *, #186, .F. ) ;
#515 = AXIS2_PLACEMENT_3D ( 'NONE', #1421, #967, #1893 ) ;
#516 = ORIENTED_EDGE ( 'NONE', *, *, #2249, .F. ) ;
#517 = DIRECTION ( 'NONE',  ( 0.0000000000000000000, 0.0000000000000000000, 1.000000000000000000 ) ) ;
#518 = CIRCLE ( 'NONE', #3072, 0.6340000000000000100 ) ;
#519 = ADVANCED_FACE ( 'NONE', ( #503 ), #1982, .F. ) ;
#520 = AXIS2_PLACEMENT_3D ( 'NONE', #1655, #988, #2615 ) ;
#521 =( NAMED_UNIT ( * ) SI_UNIT ( $, .STERADIAN. ) SOLID_ANGLE_UNIT ( ) );
#522 = VECTOR ( 'NONE', #225, 1000.000000000000000 ) ;
#523 = CARTESIAN_POINT ( 'NONE',  ( -2.094600074017832100, 8.567969486122841300, -2.829999999999999600 ) ) ;
#524 = EDGE_CURVE ( 'NONE', #2672, #142, #912, .T. ) ;
#525 = DIRECTION ( 'NONE',  ( 0.0000000000000000000, 0.0000000000000000000, 1.000000000000000000 ) ) ;
#526 = FACE_OUTER_BOUND ( 'NONE', #34, .T. ) ;
#527 = EDGE_CURVE ( 'NONE', #2099, #1851, #2801, .T. ) ;
#528 = EDGE_LOOP ( 'NONE', ( #2077, #1915, #2799, #2568, #721 ) ) ;
#529 = DIRECTION ( 'NONE',  ( 1.000000000000000000, 1.312196275322849800E-016, 0.0000000000000000000 ) ) ;
#530 = ORIENTED_EDGE ( 'NONE', *, *, #1366, .F. ) ;
#531 = EDGE_LOOP ( 'NONE', ( #1380, #778, #261, #730 ) ) ;
#532 = DIRECTION ( 'NONE',  ( -0.0000000000000000000, -0.0000000000000000000, -1.000000000000000000 ) ) ;
#533 = ORIENTED_EDGE ( 'NONE', *, *, #1684, .T. ) ;
#534 = DIRECTION ( 'NONE',  ( -1.312196275322849800E-016, 1.000000000000000000, 0.0000000000000000000 ) ) ;
#535 = DIRECTION ( 'NONE',  ( 1.000000000000000000, 0.0000000000000000000, 0.0000000000000000000 ) ) ;
#536 = DIRECTION ( 'NONE',  ( -1.000000000000000000, 0.0000000000000000000, 0.0000000000000000000 ) ) ;
#537 = ADVANCED_FACE ( 'NONE', ( #852 ), #2243, .F. ) ;
#538 = VERTEX_POINT ( 'NONE', #177 ) ;
#539 = AXIS2_PLACEMENT_3D ( 'NONE', #282, #1472, #529 ) ;
#540 = VERTEX_POINT ( 'NONE', #596 ) ;
#541 = CARTESIAN_POINT ( 'NONE',  ( 3.479011095111038500, 4.341142706254214700, 3.580000000000000100 ) ) ;
#542 = CYLINDRICAL_SURFACE ( 'NONE', #415, 0.7600000000000000100 ) ;
#543 = DIRECTION ( 'NONE',  ( 0.0000000000000000000, 1.000000000000000000, -3.423796334164750900E-015 ) ) ;
#544 = CARTESIAN_POINT ( 'NONE',  ( -1.174362142618509900E-014, 3.560000000000000500, -3.430000000000001900 ) ) ;
#545 = CARTESIAN_POINT ( 'NONE',  ( -2.094600074017832100, 8.567969486122841300, 3.580000000000000100 ) ) ;
#546 = CIRCLE ( 'NONE', #1006, 0.7000000000000000700 ) ;
#547 = EDGE_CURVE ( 'NONE', #1454, #2196, #3054, .T. ) ;
#548 = ADVANCED_FACE ( 'NONE', ( #1644 ), #2574, .T. ) ;
#549 = LINE ( 'NONE', #1340, #1724 ) ;
#550 = CARTESIAN_POINT ( 'NONE',  ( -1.157389500516405900, 10.53381887178813900, -2.763163654829074600 ) ) ;
#551 = LINE ( 'NONE', #253, #376 ) ;
#552 = EDGE_LOOP ( 'NONE', ( #2531, #2236, #238, #2133 ) ) ;
#553 = CARTESIAN_POINT ( 'NONE',  ( -0.7600000000000003400, 3.434000000000001500, 3.430000000000000600 ) ) ;
#554 = ORIENTED_EDGE ( 'NONE', *, *, #547, .T. ) ;
#555 = AXIS2_PLACEMENT_3D ( 'NONE', #1364, #201, #173 ) ;
#556 = LINE ( 'NONE', #1821, #821 ) ;
#557 = VERTEX_POINT ( 'NONE', #2548 ) ;
#558 = CARTESIAN_POINT ( 'NONE',  ( 3.939415450925655400, 4.555832783218492400, -2.896836345170924300 ) ) ;
#559 = DIRECTION ( 'NONE',  ( 0.9052948262649299600, -0.4247838009363706400, 0.0000000000000000000 ) ) ;
#560 = AXIS2_PLACEMENT_3D ( 'NONE', #2154, #2645, #1438 ) ;
#561 = LINE ( 'NONE', #847, #3002 ) ;
#562 = VERTEX_POINT ( 'NONE', #606 ) ;
#563 = DIRECTION ( 'NONE',  ( 1.312196275322849800E-016, -1.000000000000000000, -0.0000000000000000000 ) ) ;
#564 = EDGE_LOOP ( 'NONE', ( #1871, #493, #1653, #1567, #419, #2327 ) ) ;
#565 = DIRECTION ( 'NONE',  ( 0.0000000000000000000, -3.491481338843133700E-015, -1.000000000000000000 ) ) ;
#566 = PLANE ( 'NONE',  #1568 ) ;
#567 = PLANE ( 'NONE',  #2244 ) ;
#568 = ADVANCED_FACE ( 'NONE', ( #429 ), #2797, .T. ) ;
#569 = EDGE_CURVE ( 'NONE', #2694, #562, #2657, .T. ) ;
#570 = ORIENTED_EDGE ( 'NONE', *, *, #310, .T. ) ;
#571 = ORIENTED_EDGE ( 'NONE', *, *, #423, .F. ) ;
#572 = ORIENTED_EDGE ( 'NONE', *, *, #2190, .F. ) ;
#573 = EDGE_CURVE ( 'NONE', #2873, #634, #2353, .T. ) ;
#574 = ORIENTED_EDGE ( 'NONE', *, *, #2791, .F. ) ;
#575 = DIRECTION ( 'NONE',  ( -0.0000000000000000000, -0.0000000000000000000, -1.000000000000000000 ) ) ;
#576 = AXIS2_PLACEMENT_3D ( 'NONE', #1176, #422, #2561 ) ;
#577 = DIRECTION ( 'NONE',  ( 0.0000000000000000000, -0.0000000000000000000, -1.000000000000000000 ) ) ;
#578 = DIRECTION ( 'NONE',  ( -1.000000000000000000, 0.0000000000000000000, 0.0000000000000000000 ) ) ;
#579 = CARTESIAN_POINT ( 'NONE',  ( -0.7600000000000023400, 3.560000000000000500, -3.430000000000000600 ) ) ;
#580 = CIRCLE ( 'NONE', #1485, 1.200000000000003100 ) ;
#581 = CARTESIAN_POINT ( 'NONE',  ( -1.157389500516405900, 10.53381887178813900, -2.829999999999999600 ) ) ;
#582 = AXIS2_PLACEMENT_3D ( 'NONE', #1602, #909, #2566 ) ;
#583 = CIRCLE ( 'NONE', #958, 0.1919999999999998900 ) ;
#584 = DIRECTION ( 'NONE',  ( 0.0000000000000000000, 0.0000000000000000000, -1.000000000000000000 ) ) ;
#585 = CARTESIAN_POINT ( 'NONE',  ( -0.7600000000000003400, 1.389115455351810800E-014, 4.064000000000012500 ) ) ;
#586 = CARTESIAN_POINT ( 'NONE',  ( -0.7600000000000003400, 0.7600000000000035600, 4.064000000000010700 ) ) ;
#587 = CIRCLE ( 'NONE', #765, 3.799999999999998000 ) ;
#588 = EDGE_CURVE ( 'NONE', #1726, #393, #12, .T. ) ;
#589 = CIRCLE ( 'NONE', #745, 0.1919999999999998900 ) ;
#590 = VERTEX_POINT ( 'NONE', #2646 ) ;
#591 = LINE ( 'NONE', #1489, #635 ) ;
#592 = VECTOR ( 'NONE', #2533, 1000.000000000000100 ) ;
#593 = DIRECTION ( 'NONE',  ( 0.0000000000000000000, 0.0000000000000000000, 1.000000000000000000 ) ) ;
#594 = ORIENTED_EDGE ( 'NONE', *, *, #448, .T. ) ;
#595 = LINE ( 'NONE', #1532, #2295 ) ;
#596 = CARTESIAN_POINT ( 'NONE',  ( -1.921544150186537100, 7.947174943281164700, 3.580000000000000100 ) ) ;
#597 = CARTESIAN_POINT ( 'NONE',  ( -3.252606517456513300E-016, 0.7600000000000017900, 3.556000000000010300 ) ) ;
#598 = ADVANCED_FACE ( 'NONE', ( #1896 ), #2538, .T. ) ;
#599 = CIRCLE ( 'NONE', #1565, 0.4920000000000019900 ) ;
#600 = ORIENTED_EDGE ( 'NONE', *, *, #524, .T. ) ;
#601 = AXIS2_PLACEMENT_3D ( 'NONE', #3029, #2336, #2392 ) ;
#602 = CARTESIAN_POINT ( 'NONE',  ( -1.818257360651101700, 9.104670987307045500, 3.580000000000000100 ) ) ;
#603 = CYLINDRICAL_SURFACE ( 'NONE', #2854, 0.1919999999999994500 ) ;
#604 = CARTESIAN_POINT ( 'NONE',  ( 1.443488508797693000, 10.79514403426985900, -2.879999999999999400 ) ) ;
#605 = PLANE ( 'NONE',  #783 ) ;
#606 = CARTESIAN_POINT ( 'NONE',  ( 1.443488508797693000, 10.79514403426985900, -3.580000000000000100 ) ) ;
#607 = ORIENTED_EDGE ( 'NONE', *, *, #381, .T. ) ;
#608 = DIRECTION ( 'NONE',  ( -0.0000000000000000000, 0.0000000000000000000, -1.000000000000000000 ) ) ;
#609 = DIRECTION ( 'NONE',  ( 1.000000000000000000, 0.0000000000000000000, 0.0000000000000000000 ) ) ;
#610 = EDGE_CURVE ( 'NONE', #1635, #2359, #130, .T. ) ;
#611 = VERTEX_POINT ( 'NONE', #1521 ) ;
#612 = ORIENTED_EDGE ( 'NONE', *, *, #254, .F. ) ;
#613 = CARTESIAN_POINT ( 'NONE',  ( -1.157389500516405900, 10.53381887178813900, 3.580000000000000100 ) ) ;
#614 = EDGE_LOOP ( 'NONE', ( #1309, #2090, #1361, #411, #2735, #728 ) ) ;
#615 = DIRECTION ( 'NONE',  ( 0.4226182617407044400, -0.9063077870366476100, 0.0000000000000000000 ) ) ;
#616 = LINE ( 'NONE', #2720, #622 ) ;
#617 = ORIENTED_EDGE ( 'NONE', *, *, #1114, .F. ) ;
#618 = AXIS2_PLACEMENT_3D ( 'NONE', #2084, #2796, #2290 ) ;
#619 = PLANE ( 'NONE',  #1908 ) ;
#620 = DIRECTION ( 'NONE',  ( -0.0000000000000000000, 1.000000000000000000, -3.532793595739285800E-015 ) ) ;
#621 = VERTEX_POINT ( 'NONE', #340 ) ;
#622 = VECTOR ( 'NONE', #1534, 1000.000000000000100 ) ;
#623 = VECTOR ( 'NONE', #372, 1000.000000000000000 ) ;
#624 = AXIS2_PLACEMENT_3D ( 'NONE', #764, #2149, #486 ) ;
#625 = PRODUCT_DEFINITION_SHAPE ( 'NONE', 'NONE',  #729 ) ;
#626 = CIRCLE ( 'NONE', #2800, 0.5000000000000000000 ) ;
#627 = DIRECTION ( 'NONE',  ( 1.000000000000000000, 0.0000000000000000000, 0.0000000000000000000 ) ) ;
#628 = DIRECTION ( 'NONE',  ( 0.0000000000000000000, 0.0000000000000000000, 1.000000000000000000 ) ) ;
#629 = LINE ( 'NONE', #1961, #220 ) ;
#630 = EDGE_CURVE ( 'NONE', #2641, #1220, #2876, .T. ) ;
#631 = VERTEX_POINT ( 'NONE', #98 ) ;
#632 = DIRECTION ( 'NONE',  ( -1.000000000000000000, 0.0000000000000000000, 0.0000000000000000000 ) ) ;
#633 = DIRECTION ( 'NONE',  ( 0.0000000000000000000, 0.0000000000000000000, -1.000000000000000000 ) ) ;
#634 = VERTEX_POINT ( 'NONE', #110 ) ;
#635 = VECTOR ( 'NONE', #1284, 1000.000000000000000 ) ;
#636 = EDGE_CURVE ( 'NONE', #1836, #1649, #2536, .T. ) ;
#637 = LINE ( 'NONE', #2780, #1049 ) ;
#638 = CIRCLE ( 'NONE', #1103, 3.799999999999998000 ) ;
#639 = ORIENTED_EDGE ( 'NONE', *, *, #2910, .F. ) ;
#640 = CARTESIAN_POINT ( 'NONE',  ( -2.494379161557180400, 7.654723106156596100, -2.829999999999999600 ) ) ;
#641 = CARTESIAN_POINT ( 'NONE',  ( -3.304999999999998400, 4.068000000000000500, 3.580000000000000100 ) ) ;
#642 = AXIS2_PLACEMENT_3D ( 'NONE', #1657, #991, #289 ) ;
#643 = ORIENTED_EDGE ( 'NONE', *, *, #630, .F. ) ;
#644 = AXIS2_PLACEMENT_3D ( 'NONE', #2281, #1577, #1362 ) ;
#645 = VERTEX_POINT ( 'NONE', #686 ) ;
#646 = ORIENTED_EDGE ( 'NONE', *, *, #1558, .F. ) ;
#647 = DIRECTION ( 'NONE',  ( -1.000000000000000000, -0.0000000000000000000, -0.0000000000000000000 ) ) ;
#648 = CARTESIAN_POINT ( 'NONE',  ( 3.305000000000001500, 4.259999999999999800, 3.580000000000000100 ) ) ;
#649 = FACE_OUTER_BOUND ( 'NONE', #1178, .T. ) ;
#650 = VERTEX_POINT ( 'NONE', #2038 ) ;
#651 = ORIENTED_EDGE ( 'NONE', *, *, #1679, .T. ) ;
#652 = DIRECTION ( 'NONE',  ( 1.000000000000000000, 0.0000000000000000000, 0.0000000000000000000 ) ) ;
#653 = DIRECTION ( 'NONE',  ( -0.0000000000000000000, -0.0000000000000000000, -1.000000000000000000 ) ) ;
#654 = ORIENTED_EDGE ( 'NONE', *, *, #1217, .T. ) ;
#655 = EDGE_CURVE ( 'NONE', #2905, #483, #1573, .T. ) ;
#656 = VECTOR ( 'NONE', #1399, 1000.000000000000000 ) ;
#657 = ORIENTED_EDGE ( 'NONE', *, *, #1883, .T. ) ;
#658 = AXIS2_PLACEMENT_3D ( 'NONE', #2500, #2752, #632 ) ;
#659 = ORIENTED_EDGE ( 'NONE', *, *, #151, .F. ) ;
#660 = DIRECTION ( 'NONE',  ( -0.0000000000000000000, -0.0000000000000000000, 1.000000000000000000 ) ) ;
#661 = FACE_OUTER_BOUND ( 'NONE', #2289, .T. ) ;
#662 = VECTOR ( 'NONE', #1219, 1000.000000000000200 ) ;
#663 = VECTOR ( 'NONE', #1372, 1000.000000000000000 ) ;
#664 = EDGE_LOOP ( 'NONE', ( #3030, #2710, #848, #358 ) ) ;
#665 = CARTESIAN_POINT ( 'NONE',  ( -3.121544150186540600, 7.947174943281164700, -2.829999999999999600 ) ) ;
#666 = VECTOR ( 'NONE', #2820, 1000.000000000000100 ) ;
#667 = LINE ( 'NONE', #143, #1007 ) ;
#668 = EDGE_LOOP ( 'NONE', ( #2460, #2703, #1451, #105 ) ) ;
#669 = FACE_OUTER_BOUND ( 'NONE', #1904, .T. ) ;
#670 = VERTEX_POINT ( 'NONE', #2985 ) ;
#671 = EDGE_CURVE ( 'NONE', #1977, #1536, #580, .T. ) ;
#672 = DIRECTION ( 'NONE',  ( 0.0000000000000000000, 0.0000000000000000000, -1.000000000000000000 ) ) ;
#673 = LINE ( 'NONE', #1374, #2556 ) ;
#674 = CARTESIAN_POINT ( 'NONE',  ( -1.760000000000002000, 3.560000000000000100, -3.580000000000000100 ) ) ;
#675 = ORIENTED_EDGE ( 'NONE', *, *, #1352, .F. ) ;
#676 = DIRECTION ( 'NONE',  ( -0.0000000000000000000, -0.0000000000000000000, -1.000000000000000000 ) ) ;
#677 = DIRECTION ( 'NONE',  ( -1.000000000000000000, 0.0000000000000000000, 0.0000000000000000000 ) ) ;
#678 = CIRCLE ( 'NONE', #1345, 4.507999999999998200 ) ;
#679 = CARTESIAN_POINT ( 'NONE',  ( -3.304999999999998800, 4.259999999999999800, 3.580000000000000100 ) ) ;
#680 = EDGE_CURVE ( 'NONE', #2359, #946, #1296, .T. ) ;
#681 = FACE_OUTER_BOUND ( 'NONE', #1424, .T. ) ;
#682 = ORIENTED_EDGE ( 'NONE', *, *, #1363, .T. ) ;
#683 = CARTESIAN_POINT ( 'NONE',  ( -2.276824562219559300E-015, 0.7600000000000017900, -3.556000000000010300 ) ) ;
#684 = DIRECTION ( 'NONE',  ( -0.0000000000000000000, -0.0000000000000000000, -1.000000000000000000 ) ) ;
#685 = DIRECTION ( 'NONE',  ( -0.0000000000000000000, -1.000000000000000000, -3.532793595739285800E-015 ) ) ;
#686 = CARTESIAN_POINT ( 'NONE',  ( -3.496999999999999000, 4.259999999999999800, 3.580000000000000100 ) ) ;
#687 = ADVANCED_FACE ( 'NONE', ( #2390 ), #196, .T. ) ;
#688 = DIRECTION ( 'NONE',  ( 1.000000000000000000, -1.734723475976803200E-015, 0.0000000000000000000 ) ) ;
#689 = DIRECTION ( 'NONE',  ( -0.0000000000000000000, -0.0000000000000000000, -1.000000000000000000 ) ) ;
#690 = DIRECTION ( 'NONE',  ( -0.9063077870366474900, 0.4226182617407046000, -0.0000000000000000000 ) ) ;
#691 = AXIS2_PLACEMENT_3D ( 'NONE', #1453, #2387, #976 ) ;
#692 = ORIENTED_EDGE ( 'NONE', *, *, #2388, .T. ) ;
#693 = ORIENTED_EDGE ( 'NONE', *, *, #1240, .F. ) ;
#694 = CARTESIAN_POINT ( 'NONE',  ( 0.7599999999999977900, 1.713736849473560700E-015, -3.556000000000012900 ) ) ;
#695 = CARTESIAN_POINT ( 'NONE',  ( 2.119842274457632400, 13.84070469020123700, -2.829999999999999600 ) ) ;
#696 = EDGE_CURVE ( 'NONE', #2303, #427, #127, .T. ) ;
#697 = EDGE_LOOP ( 'NONE', ( #877, #1207, #383, #1595 ) ) ;
#698 = CARTESIAN_POINT ( 'NONE',  ( -0.7600000000000003400, 3.434000000000001500, 3.430000000000000600 ) ) ;
#699 = ORIENTED_EDGE ( 'NONE', *, *, #2069, .T. ) ;
#700 = EDGE_CURVE ( 'NONE', #1021, #1336, #2241, .T. ) ;
#701 = LINE ( 'NONE', #803, #997 ) ;
#702 = CARTESIAN_POINT ( 'NONE',  ( 2.655396719280388700, 7.309419839295634000, -2.763163654829074100 ) ) ;
#703 = ADVANCED_FACE ( 'NONE', ( #993 ), #1245, .T. ) ;
#704 = AXIS2_PLACEMENT_3D ( 'NONE', #1732, #1530, #790 ) ;
#705 = DIRECTION ( 'NONE',  ( -3.420196127714511100E-015, -9.576549157600632200E-015, -1.000000000000000000 ) ) ;
#706 = ORIENTED_EDGE ( 'NONE', *, *, #398, .F. ) ;
#707 = LINE ( 'NONE', #2792, #884 ) ;
#708 = AXIS2_PLACEMENT_3D ( 'NONE', #2673, #1267, #2914 ) ;
#709 = CARTESIAN_POINT ( 'NONE',  ( 2.494379161557177300, 7.654723106156595200, 3.580000000000000100 ) ) ;
#710 = VECTOR ( 'NONE', #2411, 1000.000000000000000 ) ;
#711 = VERTEX_POINT ( 'NONE', #545 ) ;
#712 = ORIENTED_EDGE ( 'NONE', *, *, #86, .T. ) ;
#713 = DIRECTION ( 'NONE',  ( 1.000000000000000000, 0.0000000000000000000, 0.0000000000000000000 ) ) ;
#714 = ORIENTED_EDGE ( 'NONE', *, *, #2124, .F. ) ;
#715 = FACE_OUTER_BOUND ( 'NONE', #1581, .T. ) ;
#716 = CARTESIAN_POINT ( 'NONE',  ( -2.494379161557180400, 7.654723106156596100, -2.879999999999999400 ) ) ;
#717 = VECTOR ( 'NONE', #2421, 1000.000000000000100 ) ;
#718 = ADVANCED_FACE ( 'NONE', ( #1463 ), #41, .F. ) ;
#719 = EDGE_CURVE ( 'NONE', #1443, #2359, #1892, .T. ) ;
#720 = DIRECTION ( 'NONE',  ( -0.4226182617407044400, 0.9063077870366476100, 0.0000000000000000000 ) ) ;
#721 = ORIENTED_EDGE ( 'NONE', *, *, #1879, .F. ) ;
#722 = CARTESIAN_POINT ( 'NONE',  ( 3.121544150186540600, 7.947174943281164700, 3.580000000000000100 ) ) ;
#723 = AXIS2_PLACEMENT_3D ( 'NONE', #2832, #3039, #3073 ) ;
#724 = EDGE_LOOP ( 'NONE', ( #953, #692, #2471, #1947, #1419 ) ) ;
#725 = CARTESIAN_POINT ( 'NONE',  ( -2.059984127722458400E-015, 0.7600000000000037800, -4.064000000000010700 ) ) ;
#726 = CIRCLE ( 'NONE', #2613, 0.6340000000000025600 ) ;
#727 = PLANE ( 'NONE',  #723 ) ;
#728 = ORIENTED_EDGE ( 'NONE', *, *, #2630, .T. ) ;
#729 = PRODUCT_DEFINITION ( 'UNKNOWN', '', #1718, #1033 ) ;
#730 = ORIENTED_EDGE ( 'NONE', *, *, #1276, .T. ) ;
#731 = CARTESIAN_POINT ( 'NONE',  ( 0.7599999999999994500, 3.434000000000001500, 3.556000000000000500 ) ) ;
#732 = DIRECTION ( 'NONE',  ( -0.0000000000000000000, -0.0000000000000000000, -1.000000000000000000 ) ) ;
#733 = CARTESIAN_POINT ( 'NONE',  ( 3.053525324416421300, 14.00264710945188400, -3.580000000000000100 ) ) ;
#734 = EDGE_CURVE ( 'NONE', #839, #2398, #2504, .T. ) ;
#735 = DIRECTION ( 'NONE',  ( 1.000000000000000000, 0.0000000000000000000, 0.0000000000000000000 ) ) ;
#736 = DIRECTION ( 'NONE',  ( 0.0000000000000000000, 0.0000000000000000000, 1.000000000000000000 ) ) ;
#737 = EDGE_CURVE ( 'NONE', #416, #1094, #2798, .T. ) ;
#738 = DIRECTION ( 'NONE',  ( -0.0000000000000000000, -0.0000000000000000000, -1.000000000000000000 ) ) ;
#739 = DIRECTION ( 'NONE',  ( 1.000000000000000000, 0.0000000000000000000, 0.0000000000000000000 ) ) ;
#740 = AXIS2_PLACEMENT_3D ( 'NONE', #1082, #2502, #353 ) ;
#741 = VECTOR ( 'NONE', #2378, 1000.000000000000000 ) ;
#742 = VECTOR ( 'NONE', #2374, 1000.000000000000000 ) ;
#743 = EDGE_LOOP ( 'NONE', ( #199, #651, #1960, #784 ) ) ;
#744 = ADVANCED_FACE ( 'NONE', ( #2727 ), #1846, .F. ) ;
#745 = AXIS2_PLACEMENT_3D ( 'NONE', #2343, #2803, #2589 ) ;
#746 = DIRECTION ( 'NONE',  ( 1.000000000000000000, 0.0000000000000000000, -0.0000000000000000000 ) ) ;
#747 = LINE ( 'NONE', #916, #1946 ) ;
#748 = ORIENTED_EDGE ( 'NONE', *, *, #1782, .F. ) ;
#749 = CARTESIAN_POINT ( 'NONE',  ( -0.7600000000000003400, 3.434000000000001500, 3.430000000000000600 ) ) ;
#750 = CIRCLE ( 'NONE', #2072, 1.000000000000002200 ) ;
#751 = ORIENTED_EDGE ( 'NONE', *, *, #2990, .T. ) ;
#752 = CARTESIAN_POINT ( 'NONE',  ( -2.020763546312726300, 12.61692789700277800, 3.580000000000000100 ) ) ;
#753 = LINE ( 'NONE', #134, #2746 ) ;
#754 = PLANE ( 'NONE',  #1624 ) ;
#755 = CIRCLE ( 'NONE', #2147, 4.000000000000000900 ) ;
#756 = EDGE_CURVE ( 'NONE', #1202, #2113, #1930, .T. ) ;
#757 = PLANE ( 'NONE',  #1188 ) ;
#758 = DIRECTION ( 'NONE',  ( 1.000000000000000000, 0.0000000000000000000, -0.0000000000000000000 ) ) ;
#759 = CARTESIAN_POINT ( 'NONE',  ( 1.759999999999997600, 3.560000000000000500, -3.580000000000000100 ) ) ;
#760 = DIRECTION ( 'NONE',  ( 0.4226182617407044400, -0.9063077870366476100, 0.0000000000000000000 ) ) ;
#761 = ADVANCED_FACE ( 'NONE', ( #1142 ), #362, .T. ) ;
#762 = VERTEX_POINT ( 'NONE', #1762 ) ;
#763 = ORIENTED_EDGE ( 'NONE', *, *, #2932, .T. ) ;
#764 = CARTESIAN_POINT ( 'NONE',  ( -2.857119611267762100, 13.16511448258557900, 3.580000000000000100 ) ) ;
#765 = AXIS2_PLACEMENT_3D ( 'NONE', #505, #2831, #735 ) ;
#766 = DIRECTION ( 'NONE',  ( 1.000000000000000000, 0.0000000000000000000, -0.0000000000000000000 ) ) ;
#767 = CARTESIAN_POINT ( 'NONE',  ( 0.7599999999999980100, 3.560000000000000500, -3.430000000000000600 ) ) ;
#768 = ORIENTED_EDGE ( 'NONE', *, *, #2595, .F. ) ;
#769 = VECTOR ( 'NONE', #620, 1000.000000000000000 ) ;
#770 = DIRECTION ( 'NONE',  ( -0.0000000000000000000, -0.0000000000000000000, -1.000000000000000000 ) ) ;
#771 = ORIENTED_EDGE ( 'NONE', *, *, #2455, .F. ) ;
#772 = EDGE_CURVE ( 'NONE', #966, #2272, #10, .T. ) ;
#773 = ADVANCED_FACE ( 'NONE', ( #2156 ), #1535, .F. ) ;
#774 = LINE ( 'NONE', #843, #2162 ) ;
#775 = CARTESIAN_POINT ( 'NONE',  ( 2.857119611267762100, 13.16511448258557900, -2.829999999999999600 ) ) ;
#776 = VECTOR ( 'NONE', #525, 1000.000000000000000 ) ;
#777 = VECTOR ( 'NONE', #1473, 1000.000000000000000 ) ;
#778 = ORIENTED_EDGE ( 'NONE', *, *, #835, .F. ) ;
#779 =( LENGTH_UNIT ( ) NAMED_UNIT ( * ) SI_UNIT ( .MILLI., .METRE. ) );
#780 = CARTESIAN_POINT ( 'NONE',  ( 2.857119611267762100, 13.16511448258557900, -2.829999999999999600 ) ) ;
#781 = CARTESIAN_POINT ( 'NONE',  ( -3.053525324416422700, 14.00264710945188400, 3.580000000000000100 ) ) ;
#782 = LINE ( 'NONE', #2725, #439 ) ;
#783 = AXIS2_PLACEMENT_3D ( 'NONE', #1790, #1112, #2037 ) ;
#784 = ORIENTED_EDGE ( 'NONE', *, *, #2376, .T. ) ;
#785 = LINE ( 'NONE', #322, #2553 ) ;
#786 = AXIS2_PLACEMENT_3D ( 'NONE', #2875, #959, #1246 ) ;
#787 = DIRECTION ( 'NONE',  ( 0.4226182617407044400, -0.9063077870366476100, 0.0000000000000000000 ) ) ;
#788 = CARTESIAN_POINT ( 'NONE',  ( -2.445632427309882800, 12.89540668247884100, -2.829999999999999600 ) ) ;
#789 = LINE ( 'NONE', #2667, #717 ) ;
#790 = DIRECTION ( 'NONE',  ( 1.000000000000000000, -1.734723475976803200E-015, 0.0000000000000000000 ) ) ;
#791 = DIRECTION ( 'NONE',  ( 0.0000000000000000000, 0.0000000000000000000, 1.000000000000000000 ) ) ;
#792 = ADVANCED_FACE ( 'NONE', ( #206 ), #1522, .F. ) ;
#793 = ORIENTED_EDGE ( 'NONE', *, *, #680, .F. ) ;
#794 = EDGE_CURVE ( 'NONE', #1186, #2215, #1394, .T. ) ;
#795 = VECTOR ( 'NONE', #685, 1000.000000000000000 ) ;
#796 = ORIENTED_EDGE ( 'NONE', *, *, #1560, .T. ) ;
#797 = EDGE_CURVE ( 'NONE', #1157, #1202, #54, .T. ) ;
#798 = DIRECTION ( 'NONE',  ( -0.0000000000000000000, -0.0000000000000000000, -1.000000000000000000 ) ) ;
#799 = DIRECTION ( 'NONE',  ( 0.0000000000000000000, 0.0000000000000000000, -1.000000000000000000 ) ) ;
#800 = CARTESIAN_POINT ( 'NONE',  ( 1.759999999999998000, 4.068000000000001400, 3.580000000000000100 ) ) ;
#801 = ORIENTED_EDGE ( 'NONE', *, *, #2513, .T. ) ;
#802 = ORIENTED_EDGE ( 'NONE', *, *, #2370, .F. ) ;
#803 = CARTESIAN_POINT ( 'NONE',  ( 0.7599999999999994500, 3.434000000000001500, 4.064000000000000900 ) ) ;
#804 = EDGE_LOOP ( 'NONE', ( #1819, #2626, #871, #230 ) ) ;
#805 =( NAMED_UNIT ( * ) SI_UNIT ( $, .STERADIAN. ) SOLID_ANGLE_UNIT ( ) );
#806 = DIRECTION ( 'NONE',  ( -0.0000000000000000000, -1.000000000000000000, 3.532793595739285800E-015 ) ) ;
#807 = CARTESIAN_POINT ( 'NONE',  ( 2.445632427309882800, 12.89540668247884100, -2.829999999999999600 ) ) ;
#808 = VERTEX_POINT ( 'NONE', #2511 ) ;
#809 = ADVANCED_FACE ( 'NONE', ( #955 ), #1792, .T. ) ;
#810 = CARTESIAN_POINT ( 'NONE',  ( 0.7599999999999994500, 0.7600000000000037800, 4.064000000000010700 ) ) ;
#811 = CARTESIAN_POINT ( 'NONE',  ( -5.443488508797694100, 10.79514403426986000, -2.879999999999999400 ) ) ;
#812 = DIRECTION ( 'NONE',  ( 1.000000000000000000, 0.0000000000000000000, 0.0000000000000000000 ) ) ;
#813 = DIRECTION ( 'NONE',  ( 1.312196275322849800E-016, -1.000000000000000000, -0.0000000000000000000 ) ) ;
#814 = CARTESIAN_POINT ( 'NONE',  ( 3.939415450925655400, 4.555832783218492400, -2.763163654829075000 ) ) ;
#815 = CYLINDRICAL_SURFACE ( 'NONE', #1928, 3.799999999999998000 ) ;
#816 = EDGE_CURVE ( 'NONE', #2694, #1887, #2768, .T. ) ;
#817 = FACE_OUTER_BOUND ( 'NONE', #2982, .T. ) ;
#818 = DIRECTION ( 'NONE',  ( -1.000000000000000000, 0.0000000000000000000, 0.0000000000000000000 ) ) ;
#819 = DIRECTION ( 'NONE',  ( 1.000000000000000000, 0.0000000000000000000, 0.0000000000000000000 ) ) ;
#820 = ORIENTED_EDGE ( 'NONE', *, *, #1769, .T. ) ;
#821 = VECTOR ( 'NONE', #188, 1000.000000000000000 ) ;
#822 = DIRECTION ( 'NONE',  ( 1.000000000000000000, 0.0000000000000000000, 0.0000000000000000000 ) ) ;
#823 = ORIENTED_EDGE ( 'NONE', *, *, #25, .F. ) ;
#824 = SURFACE_STYLE_FILL_AREA ( #2676 ) ;
#825 = DIRECTION ( 'NONE',  ( 0.0000000000000000000, 0.0000000000000000000, 1.000000000000000000 ) ) ;
#826 = VERTEX_POINT ( 'NONE', #2263 ) ;
#827 = CARTESIAN_POINT ( 'NONE',  ( -3.121544150186540600, 7.947174943281164700, 3.580000000000000100 ) ) ;
#828 = AXIS2_PLACEMENT_3D ( 'NONE', #2229, #1744, #1984 ) ;
#829 = LINE ( 'NONE', #2316, #1729 ) ;
#830 = VECTOR ( 'NONE', #2052, 1000.000000000000000 ) ;
#831 = VECTOR ( 'NONE', #944, 1000.000000000000000 ) ;
#832 = ORIENTED_EDGE ( 'NONE', *, *, #2636, .T. ) ;
#833 = DIRECTION ( 'NONE',  ( -0.0000000000000000000, -0.0000000000000000000, -1.000000000000000000 ) ) ;
#834 = DIRECTION ( 'NONE',  ( 0.0000000000000000000, -0.0000000000000000000, -1.000000000000000000 ) ) ;
#835 = EDGE_CURVE ( 'NONE', #427, #2099, #246, .T. ) ;
#836 = ORIENTED_EDGE ( 'NONE', *, *, #1462, .F. ) ;
#837 = ORIENTED_EDGE ( 'NONE', *, *, #1593, .T. ) ;
#838 = FACE_OUTER_BOUND ( 'NONE', #1967, .T. ) ;
#839 = VERTEX_POINT ( 'NONE', #2011 ) ;
#840 = ADVANCED_FACE ( 'NONE', ( #2019 ), #2492, .F. ) ;
#841 = EDGE_CURVE ( 'NONE', #974, #1461, #616, .T. ) ;
#842 = ORIENTED_EDGE ( 'NONE', *, *, #1667, .F. ) ;
#843 = CARTESIAN_POINT ( 'NONE',  ( 0.7599999999999977900, 0.7600000000000035600, -4.064000000000010700 ) ) ;
#844 = ORIENTED_EDGE ( 'NONE', *, *, #2913, .F. ) ;
#845 = DIRECTION ( 'NONE',  ( -0.0000000000000000000, -0.0000000000000000000, -1.000000000000000000 ) ) ;
#846 = MECHANICAL_DESIGN_GEOMETRIC_PRESENTATION_REPRESENTATION (  '', ( #32 ), #879 ) ;
#847 = CARTESIAN_POINT ( 'NONE',  ( -3.304999999999998400, 4.068000000000000500, 3.580000000000000100 ) ) ;
#848 = ORIENTED_EDGE ( 'NONE', *, *, #1879, .T. ) ;
#849 = CARTESIAN_POINT ( 'NONE',  ( -3.304999999999998800, 4.259999999999999800, -3.580000000000000100 ) ) ;
#850 = EDGE_LOOP ( 'NONE', ( #1806, #2901, #175, #2277 ) ) ;
#851 = AXIS2_PLACEMENT_3D ( 'NONE', #2172, #2396, #1255 ) ;
#852 = FACE_OUTER_BOUND ( 'NONE', #668, .T. ) ;
#853 = EDGE_CURVE ( 'NONE', #3014, #1261, #1106, .T. ) ;
#854 = CARTESIAN_POINT ( 'NONE',  ( 0.7599999999999994500, 3.560000000000000500, 3.556000000000000000 ) ) ;
#855 = CYLINDRICAL_SURFACE ( 'NONE', #1778, 1.000000000000002200 ) ;
#856 = DIRECTION ( 'NONE',  ( 0.0000000000000000000, 0.0000000000000000000, 1.000000000000000000 ) ) ;
#857 = EDGE_CURVE ( 'NONE', #2355, #2557, #1500, .T. ) ;
#858 = CIRCLE ( 'NONE', #2486, 0.1919999999999994500 ) ;
#859 = FACE_OUTER_BOUND ( 'NONE', #51, .T. ) ;
#860 = ORIENTED_EDGE ( 'NONE', *, *, #1179, .T. ) ;
#861 = ORIENTED_EDGE ( 'NONE', *, *, #2711, .F. ) ;
#862 = PLANE ( 'NONE',  #2221 ) ;
#863 = ORIENTED_EDGE ( 'NONE', *, *, #2086, .F. ) ;
#864 = FACE_OUTER_BOUND ( 'NONE', #2552, .T. ) ;
#865 = AXIS2_PLACEMENT_3D ( 'NONE', #613, #856, #1095 ) ;
#866 = CARTESIAN_POINT ( 'NONE',  ( 2.642610499483591700, 10.53381887178813900, -2.829999999999999600 ) ) ;
#867 = CARTESIAN_POINT ( 'NONE',  ( 5.443488508797691400, 10.79514403426985900, -2.879999999999999400 ) ) ;
#868 = DIRECTION ( 'NONE',  ( 0.0000000000000000000, 0.0000000000000000000, -1.000000000000000000 ) ) ;
#869 = EDGE_LOOP ( 'NONE', ( #2292, #962, #2256, #312 ) ) ;
#870 = DIRECTION ( 'NONE',  ( 1.000000000000000000, 1.312196275322849800E-016, 1.445602896647339700E-015 ) ) ;
#871 = ORIENTED_EDGE ( 'NONE', *, *, #3058, .T. ) ;
#872 = VERTEX_POINT ( 'NONE', #135 ) ;
#873 = CARTESIAN_POINT ( 'NONE',  ( -1.260000000000000500, 4.068000000000000500, 3.430000000000000200 ) ) ;
#874 = EDGE_CURVE ( 'NONE', #2596, #2722, #956, .T. ) ;
#875 = ORIENTED_EDGE ( 'NONE', *, *, #126, .T. ) ;
#876 = LINE ( 'NONE', #2825, #2048 ) ;
#877 = ORIENTED_EDGE ( 'NONE', *, *, #569, .F. ) ;
#878 = CARTESIAN_POINT ( 'NONE',  ( 3.150610499483591700, 10.53381887178813900, -2.829999999999999600 ) ) ;
#879 =( GEOMETRIC_REPRESENTATION_CONTEXT ( 3 ) GLOBAL_UNCERTAINTY_ASSIGNED_CONTEXT ( ( #2008 ) ) GLOBAL_UNIT_ASSIGNED_CONTEXT ( ( #2405, #1922, #521 ) ) REPRESENTATION_CONTEXT ( 'NONE', 'WORKASPACE' ) );
#880 = DIRECTION ( 'NONE',  ( -1.000000000000000000, 0.0000000000000000000, 0.0000000000000000000 ) ) ;
#881 = VERTEX_POINT ( 'NONE', #378 ) ;
#882 = CIRCLE ( 'NONE', #1715, 4.307999999999997200 ) ;
#883 = CARTESIAN_POINT ( 'NONE',  ( -1.759999999999995300, 3.560000000000000500, -2.544261098099311300E-015 ) ) ;
#884 = VECTOR ( 'NONE', #2300, 1000.000000000000000 ) ;
#885 = EDGE_CURVE ( 'NONE', #1248, #2282, #1955, .T. ) ;
#886 = FACE_OUTER_BOUND ( 'NONE', #1067, .T. ) ;
#887 = DIRECTION ( 'NONE',  ( 0.7372773368101557300, -0.6755902076156257200, -0.0000000000000000000 ) ) ;
#888 = ORIENTED_EDGE ( 'NONE', *, *, #772, .T. ) ;
#889 = CIRCLE ( 'NONE', #2586, 0.6920000000000033900 ) ;
#890 = EDGE_CURVE ( 'NONE', #621, #2602, #829, .T. ) ;
#891 = VECTOR ( 'NONE', #2860, 1000.000000000000000 ) ;
#892 = AXIS2_PLACEMENT_3D ( 'NONE', #397, #1785, #366 ) ;
#893 = LINE ( 'NONE', #1664, #1840 ) ;
#894 = CARTESIAN_POINT ( 'NONE',  ( -2.857119611267762100, 13.16511448258557900, -2.829999999999999600 ) ) ;
#895 = LINE ( 'NONE', #898, #1559 ) ;
#896 = AXIS2_PLACEMENT_3D ( 'NONE', #1074, #1520, #2695 ) ;
#897 = VERTEX_POINT ( 'NONE', #1814 ) ;
#898 = CARTESIAN_POINT ( 'NONE',  ( -2.494379161557176400, 13.49750486473248400, 3.580000000000000100 ) ) ;
#899 = EDGE_CURVE ( 'NONE', #1443, #762, #637, .T. ) ;
#900 = LINE ( 'NONE', #1385, #2940 ) ;
#901 = ORIENTED_EDGE ( 'NONE', *, *, #107, .T. ) ;
#902 = DIRECTION ( 'NONE',  ( 1.000000000000000000, 0.0000000000000000000, 0.0000000000000000000 ) ) ;
#903 = DIRECTION ( 'NONE',  ( -1.000000000000000000, 0.0000000000000000000, 0.0000000000000000000 ) ) ;
#904 = ORIENTED_EDGE ( 'NONE', *, *, #1648, .F. ) ;
#905 = EDGE_CURVE ( 'NONE', #872, #1710, #970, .T. ) ;
#906 = EDGE_LOOP ( 'NONE', ( #2100, #801, #2986, #2836, #659, #1822 ) ) ;
#907 = VECTOR ( 'NONE', #1101, 1000.000000000000000 ) ;
#908 = EDGE_LOOP ( 'NONE', ( #639, #957, #511, #2324 ) ) ;
#909 = DIRECTION ( 'NONE',  ( 0.0000000000000000000, 0.0000000000000000000, 1.000000000000000000 ) ) ;
#910 = CARTESIAN_POINT ( 'NONE',  ( -2.429544150186537400, 7.947174943281164700, -2.829999999999999600 ) ) ;
#911 = UNCERTAINTY_MEASURE_WITH_UNIT (LENGTH_MEASURE( 1.000000000000000100E-005 ), #779, 'distance_accuracy_value', 'NONE');
#912 = LINE ( 'NONE', #351, #1604 ) ;
#913 = AXIS2_PLACEMENT_3D ( 'NONE', #952, #1200, #241 ) ;
#914 = CARTESIAN_POINT ( 'NONE',  ( -5.443488508797694100, 10.79514403426986000, 3.580000000000000100 ) ) ;
#915 = DIRECTION ( 'NONE',  ( 0.0000000000000000000, 0.0000000000000000000, 1.000000000000000000 ) ) ;
#916 = CARTESIAN_POINT ( 'NONE',  ( 2.494379161557166200, 13.49750486473246600, 3.580000000000000100 ) ) ;
#917 = FACE_OUTER_BOUND ( 'NONE', #743, .T. ) ;
#918 = LINE ( 'NONE', #249, #94 ) ;
#919 = DIRECTION ( 'NONE',  ( -1.000000000000000000, 0.0000000000000000000, 0.0000000000000000000 ) ) ;
#920 = LINE ( 'NONE', #1899, #2093 ) ;
#921 = LINE ( 'NONE', #1249, #1076 ) ;
#922 = CARTESIAN_POINT ( 'NONE',  ( 2.033974805742563100, 7.440033029192319300, 3.580000000000000100 ) ) ;
#923 = CIRCLE ( 'NONE', #582, 4.307999999999997200 ) ;
#924 = FACE_OUTER_BOUND ( 'NONE', #972, .T. ) ;
#925 = ORIENTED_EDGE ( 'NONE', *, *, #2413, .T. ) ;
#926 = ORIENTED_EDGE ( 'NONE', *, *, #507, .F. ) ;
#927 = ADVANCED_FACE ( 'NONE', ( #1588 ), #1804, .F. ) ;
#928 = EDGE_CURVE ( 'NONE', #3048, #881, #673, .T. ) ;
#929 = CARTESIAN_POINT ( 'NONE',  ( -2.365119611267759900, 13.16511448258557900, -2.829999999999999600 ) ) ;
#930 = DIRECTION ( 'NONE',  ( -3.420196127714511100E-015, 0.0000000000000000000, -1.000000000000000000 ) ) ;
#931 = DIRECTION ( 'NONE',  ( 1.000000000000000000, 0.0000000000000000000, -0.0000000000000000000 ) ) ;
#932 = VECTOR ( 'NONE', #1351, 999.9999999999998900 ) ;
#933 = EDGE_CURVE ( 'NONE', #1536, #2498, #556, .T. ) ;
#934 = CARTESIAN_POINT ( 'NONE',  ( -3.304999999999998800, 4.259999999999999800, 3.580000000000000100 ) ) ;
#935 = LINE ( 'NONE', #1636, #831 ) ;
#936 = DIRECTION ( 'NONE',  ( -0.0000000000000000000, 3.532793595739285800E-015, 1.000000000000000000 ) ) ;
#937 = CARTESIAN_POINT ( 'NONE',  ( 2.119842274457619500, 13.84070469020121600, 3.580000000000000100 ) ) ;
#938 = ORIENTED_EDGE ( 'NONE', *, *, #857, .T. ) ;
#939 = DIRECTION ( 'NONE',  ( 0.9063077870366476100, 0.4226182617407044400, -0.0000000000000000000 ) ) ;
#940 = DIRECTION ( 'NONE',  ( -1.000000000000000000, 0.0000000000000000000, 0.0000000000000000000 ) ) ;
#941 = VERTEX_POINT ( 'NONE', #1582 ) ;
#942 = AXIS2_PLACEMENT_3D ( 'NONE', #2617, #517, #1697 ) ;
#943 = ORIENTED_EDGE ( 'NONE', *, *, #448, .F. ) ;
#944 = DIRECTION ( 'NONE',  ( 0.0000000000000000000, 0.0000000000000000000, 1.000000000000000000 ) ) ;
#945 = ADVANCED_FACE ( 'NONE', ( #178 ), #2364, .F. ) ;
#946 = VERTEX_POINT ( 'NONE', #2547 ) ;
#947 = ORIENTED_EDGE ( 'NONE', *, *, #2322, .F. ) ;
#948 = CARTESIAN_POINT ( 'NONE',  ( 2.529339732929247700, 8.305166462986534300, 3.580000000000000100 ) ) ;
#949 = DIRECTION ( 'NONE',  ( 0.0000000000000000000, 0.0000000000000000000, 1.000000000000000000 ) ) ;
#950 = EDGE_CURVE ( 'NONE', #427, #1177, #747, .T. ) ;
#951 = ORIENTED_EDGE ( 'NONE', *, *, #2309, .F. ) ;
#952 = CARTESIAN_POINT ( 'NONE',  ( 1.157389500516405900, 10.53381887178813900, 3.580000000000000100 ) ) ;
#953 = ORIENTED_EDGE ( 'NONE', *, *, #407, .T. ) ;
#954 = EDGE_CURVE ( 'NONE', #2845, #872, #2964, .T. ) ;
#955 = FACE_OUTER_BOUND ( 'NONE', #309, .T. ) ;
#956 = LINE ( 'NONE', #586, #3000 ) ;
#957 = ORIENTED_EDGE ( 'NONE', *, *, #1132, .T. ) ;
#958 = AXIS2_PLACEMENT_3D ( 'NONE', #679, #160, #2317 ) ;
#959 = DIRECTION ( 'NONE',  ( 0.4247838009363706900, 0.9052948262649300700, -0.0000000000000000000 ) ) ;
#960 = DIRECTION ( 'NONE',  ( 1.000000000000000000, 0.0000000000000000000, 0.0000000000000000000 ) ) ;
#961 = ADVANCED_FACE ( 'NONE', ( #859 ), #2323, .F. ) ;
#962 = ORIENTED_EDGE ( 'NONE', *, *, #671, .F. ) ;
#963 = AXIS2_PLACEMENT_3D ( 'NONE', #2422, #2853, #739 ) ;
#964 = CARTESIAN_POINT ( 'NONE',  ( 1.818257360651101200, 9.104670987307045500, -3.580000000000000100 ) ) ;
#965 = CIRCLE ( 'NONE', #1933, 0.1919999999999998900 ) ;
#966 = VERTEX_POINT ( 'NONE', #1360 ) ;
#967 = DIRECTION ( 'NONE',  ( -1.312196275322849800E-016, 1.000000000000000000, 0.0000000000000000000 ) ) ;
#968 = DIRECTION ( 'NONE',  ( 1.000000000000000000, 0.0000000000000000000, 0.0000000000000000000 ) ) ;
#969 = ORIENTED_EDGE ( 'NONE', *, *, #1629, .F. ) ;
#970 = LINE ( 'NONE', #2810, #2631 ) ;
#971 = LINE ( 'NONE', #2762, #341 ) ;
#972 = EDGE_LOOP ( 'NONE', ( #2687, #2238, #2633, #2863, #377, #1045, #121 ) ) ;
#973 = EDGE_CURVE ( 'NONE', #1223, #245, #1343, .T. ) ;
#974 = VERTEX_POINT ( 'NONE', #1155 ) ;
#975 = CARTESIAN_POINT ( 'NONE',  ( -5.443488508797694100, 10.79514403426986000, -3.579999999999998700 ) ) ;
#976 = DIRECTION ( 'NONE',  ( -1.000000000000000000, 0.0000000000000000000, 0.0000000000000000000 ) ) ;
#977 = ADVANCED_FACE ( 'NONE', ( #101 ), #1080, .F. ) ;
#978 = PLANE ( 'NONE',  #942 ) ;
#979 = AXIS2_PLACEMENT_3D ( 'NONE', #2510, #2041, #1104 ) ;
#980 = ORIENTED_EDGE ( 'NONE', *, *, #209, .F. ) ;
#981 = DIRECTION ( 'NONE',  ( -3.441911658684075100E-015, -1.032573497605222600E-014, -1.000000000000000000 ) ) ;
#982 = DIRECTION ( 'NONE',  ( -1.000000000000000000, 0.0000000000000000000, 0.0000000000000000000 ) ) ;
#983 = LINE ( 'NONE', #1829, #2146 ) ;
#984 = ORIENTED_EDGE ( 'NONE', *, *, #1788, .T. ) ;
#985 = PRESENTATION_LAYER_ASSIGNMENT (  '', '', ( #2724 ) ) ;
#986 = VERTEX_POINT ( 'NONE', #2075 ) ;
#987 = ORIENTED_EDGE ( 'NONE', *, *, #1648, .T. ) ;
#988 = DIRECTION ( 'NONE',  ( -0.9063077870366476100, -0.4226182617407044400, 0.0000000000000000000 ) ) ;
#989 = ORIENTED_EDGE ( 'NONE', *, *, #465, .T. ) ;
#990 = DIRECTION ( 'NONE',  ( 0.0000000000000000000, 0.0000000000000000000, 1.000000000000000000 ) ) ;
#991 = DIRECTION ( 'NONE',  ( -0.0000000000000000000, 0.0000000000000000000, -1.000000000000000000 ) ) ;
#992 = EDGE_CURVE ( 'NONE', #2593, #2641, #1798, .T. ) ;
#993 = FACE_OUTER_BOUND ( 'NONE', #240, .T. ) ;
#994 = ADVANCED_FACE ( 'NONE', ( #1903 ), #2551, .T. ) ;
#995 = CARTESIAN_POINT ( 'NONE',  ( 0.7599999999999994500, 3.434000000000001900, 3.556000000000000500 ) ) ;
#996 = EDGE_CURVE ( 'NONE', #1977, #2454, #1311, .T. ) ;
#997 = VECTOR ( 'NONE', #1280, 1000.000000000000000 ) ;
#998 = ORIENTED_EDGE ( 'NONE', *, *, #1606, .F. ) ;
#999 = CARTESIAN_POINT ( 'NONE',  ( -3.304999999999998400, 3.560000000000000100, -3.580000000000000100 ) ) ;
#1000 = CARTESIAN_POINT ( 'NONE',  ( -5.443488508797694100, 10.79514403426986000, 3.580000000000000100 ) ) ;
#1001 = AXIS2_PLACEMENT_3D ( 'NONE', #3051, #2095, #2104 ) ;
#1002 = CIRCLE ( 'NONE', #560, 3.799999999999998000 ) ;
#1003 = VECTOR ( 'NONE', #3, 1000.000000000000000 ) ;
#1004 = ORIENTED_EDGE ( 'NONE', *, *, #996, .F. ) ;
#1005 = CIRCLE ( 'NONE', #1169, 0.7600000000000000100 ) ;
#1006 = AXIS2_PLACEMENT_3D ( 'NONE', #2947, #2453, #1026 ) ;
#1007 = VECTOR ( 'NONE', #1800, 1000.000000000000000 ) ;
#1008 = ORIENTED_EDGE ( 'NONE', *, *, #2910, .T. ) ;
#1009 = CARTESIAN_POINT ( 'NONE',  ( -3.121544150186540600, 7.947174943281164700, -2.829999999999999600 ) ) ;
#1010 = CARTESIAN_POINT ( 'NONE',  ( 3.479011095111038500, 4.341142706254214700, -3.580000000000000100 ) ) ;
#1011 = ORIENTED_EDGE ( 'NONE', *, *, #1992, .F. ) ;
#1012 = DIRECTION ( 'NONE',  ( 0.0000000000000000000, 0.0000000000000000000, 1.000000000000000000 ) ) ;
#1013 = VECTOR ( 'NONE', #1772, 1000.000000000000000 ) ;
#1014 = DIRECTION ( 'NONE',  ( -1.000000000000000000, 0.0000000000000000000, 0.0000000000000000000 ) ) ;
#1015 = ADVANCED_FACE ( 'NONE', ( #2479 ), #2814, .T. ) ;
#1016 = DIRECTION ( 'NONE',  ( 0.5974907960953174100, -0.8018757687955059300, 4.336808689942017200E-016 ) ) ;
#1017 = ORIENTED_EDGE ( 'NONE', *, *, #48, .F. ) ;
#1018 = EDGE_CURVE ( 'NONE', #2665, #2596, #551, .T. ) ;
#1019 = FACE_OUTER_BOUND ( 'NONE', #1213, .T. ) ;
#1020 = CARTESIAN_POINT ( 'NONE',  ( 3.305000000000000600, 3.560000000000000100, 3.580000000000000100 ) ) ;
#1021 = VERTEX_POINT ( 'NONE', #468 ) ;
#1022 = CARTESIAN_POINT ( 'NONE',  ( 2.119842274457619500, 13.84070469020121600, 3.580000000000000100 ) ) ;
#1023 = AXIS2_PLACEMENT_3D ( 'NONE', #2296, #2509, #2284 ) ;
#1024 = DIRECTION ( 'NONE',  ( 0.0000000000000000000, 0.0000000000000000000, -1.000000000000000000 ) ) ;
#1025 = CARTESIAN_POINT ( 'NONE',  ( 1.818257360651101200, 9.104670987307045500, -3.580000000000000100 ) ) ;
#1026 = DIRECTION ( 'NONE',  ( 1.000000000000000000, 0.0000000000000000000, 0.0000000000000000000 ) ) ;
#1027 = ORIENTED_EDGE ( 'NONE', *, *, #905, .T. ) ;
#1028 = ORIENTED_EDGE ( 'NONE', *, *, #2871, .T. ) ;
#1029 = AXIS2_PLACEMENT_3D ( 'NONE', #1650, #2840, #2348 ) ;
#1030 = ORIENTED_EDGE ( 'NONE', *, *, #3020, .T. ) ;
#1031 = ADVANCED_FACE ( 'NONE', ( #924 ), #96, .F. ) ;
#1032 = CARTESIAN_POINT ( 'NONE',  ( -0.7600000000000021200, 0.7600000000000020100, -3.556000000000010300 ) ) ;
#1033 = PRODUCT_DEFINITION_CONTEXT ( 'detailed design', #2666, 'design' ) ;
#1034 = CARTESIAN_POINT ( 'NONE',  ( -1.857119611267759900, 13.16511448258557900, 3.580000000000000100 ) ) ;
#1035 = PLANE ( 'NONE',  #2115 ) ;
#1036 = LINE ( 'NONE', #317, #2507 ) ;
#1037 = ORIENTED_EDGE ( 'NONE', *, *, #1073, .F. ) ;
#1038 = EDGE_CURVE ( 'NONE', #711, #540, #2167, .T. ) ;
#1039 = PLANE ( 'NONE',  #2023 ) ;
#1040 = DIRECTION ( 'NONE',  ( -0.0000000000000000000, 3.491481338843133700E-015, -1.000000000000000000 ) ) ;
#1041 = DIRECTION ( 'NONE',  ( 0.0000000000000000000, 0.0000000000000000000, 1.000000000000000000 ) ) ;
#1042 = CARTESIAN_POINT ( 'NONE',  ( -3.121544150186540600, 7.947174943281164700, 3.580000000000000100 ) ) ;
#1043 = ADVANCED_FACE ( 'NONE', ( #886 ), #2542, .T. ) ;
#1044 = LINE ( 'NONE', #1137, #3026 ) ;
#1045 = ORIENTED_EDGE ( 'NONE', *, *, #410, .T. ) ;
#1046 = CARTESIAN_POINT ( 'NONE',  ( 1.759999999999999300, 3.560000000000000500, 3.430000000000000200 ) ) ;
#1047 = VECTOR ( 'NONE', #222, 1000.000000000000000 ) ;
#1048 = DIRECTION ( 'NONE',  ( 0.0000000000000000000, 0.0000000000000000000, 1.000000000000000000 ) ) ;
#1049 = VECTOR ( 'NONE', #157, 1000.000000000000000 ) ;
#1050 = ORIENTED_EDGE ( 'NONE', *, *, #737, .T. ) ;
#1051 = FACE_OUTER_BOUND ( 'NONE', #1437, .T. ) ;
#1052 = EDGE_LOOP ( 'NONE', ( #2012, #2933, #699, #2614, #2130, #2031 ) ) ;
#1053 = DIRECTION ( 'NONE',  ( 0.8018757687955060400, 0.5974907960953174100, -0.0000000000000000000 ) ) ;
#1054 = CARTESIAN_POINT ( 'NONE',  ( 2.494379161557166200, 13.49750486473246600, -2.879999999999999400 ) ) ;
#1055 = ORIENTED_EDGE ( 'NONE', *, *, #2347, .F. ) ;
#1056 = EDGE_CURVE ( 'NONE', #2665, #839, #2129, .T. ) ;
#1057 = ADVANCED_FACE ( 'NONE', ( #404 ), #2620, .T. ) ;
#1058 = EDGE_CURVE ( 'NONE', #611, #1094, #1433, .T. ) ;
#1059 = CARTESIAN_POINT ( 'NONE',  ( -0.7600000000000005600, 3.560000000000000500, 3.430000000000000600 ) ) ;
#1060 = VERTEX_POINT ( 'NONE', #2826 ) ;
#1061 = ORIENTED_EDGE ( 'NONE', *, *, #835, .T. ) ;
#1062 = CARTESIAN_POINT ( 'NONE',  ( -3.121544150186540600, 7.947174943281164700, -2.829999999999999600 ) ) ;
#1063 = ORIENTED_EDGE ( 'NONE', *, *, #2013, .F. ) ;
#1064 = PLANE ( 'NONE',  #495 ) ;
#1065 = DIRECTION ( 'NONE',  ( 1.312196275322849800E-016, -1.000000000000000000, -0.0000000000000000000 ) ) ;
#1066 = EDGE_LOOP ( 'NONE', ( #2998, #2297, #442, #1911 ) ) ;
#1067 = EDGE_LOOP ( 'NONE', ( #2466, #2941, #594, #1848 ) ) ;
#1068 = EDGE_LOOP ( 'NONE', ( #392, #1605, #2366, #3044 ) ) ;
#1069 = EDGE_CURVE ( 'NONE', #3061, #1261, #333, .T. ) ;
#1070 = CARTESIAN_POINT ( 'NONE',  ( 2.742620611032910100, 8.703850257354254400, -2.829999999999999600 ) ) ;
#1071 = CARTESIAN_POINT ( 'NONE',  ( 5.443488508797691400, 10.79514403426985900, 3.580000000000000100 ) ) ;
#1072 = CYLINDRICAL_SURFACE ( 'NONE', #2110, 0.7600000000000000100 ) ;
#1073 = EDGE_CURVE ( 'NONE', #2113, #611, #1612, .T. ) ;
#1074 = CARTESIAN_POINT ( 'NONE',  ( -2.059984127722458400E-015, 0.7600000000000037800, -4.064000000000009800 ) ) ;
#1075 = CIRCLE ( 'NONE', #1164, 0.1259999999999998100 ) ;
#1076 = VECTOR ( 'NONE', #2893, 1000.000000000000100 ) ;
#1077 = ORIENTED_EDGE ( 'NONE', *, *, #2249, .T. ) ;
#1078 = AXIS2_PLACEMENT_3D ( 'NONE', #1666, #250, #960 ) ;
#1079 = VECTOR ( 'NONE', #2275, 1000.000000000000000 ) ;
#1080 = CYLINDRICAL_SURFACE ( 'NONE', #133, 0.4920000000000019900 ) ;
#1081 = ORIENTED_EDGE ( 'NONE', *, *, #973, .F. ) ;
#1082 = CARTESIAN_POINT ( 'NONE',  ( -3.304999999999998400, 3.560000000000000100, -3.580000000000000100 ) ) ;
#1083 = ORIENTED_EDGE ( 'NONE', *, *, #2973, .T. ) ;
#1084 = LINE ( 'NONE', #2441, #379 ) ;
#1085 = CARTESIAN_POINT ( 'NONE',  ( 3.053525324416421300, 14.00264710945188400, -3.580000000000000100 ) ) ;
#1086 = ADVANCED_FACE ( 'NONE', ( #1475 ), #727, .T. ) ;
#1087 = FACE_OUTER_BOUND ( 'NONE', #454, .T. ) ;
#1088 =( GEOMETRIC_REPRESENTATION_CONTEXT ( 3 ) GLOBAL_UNCERTAINTY_ASSIGNED_CONTEXT ( ( #911 ) ) GLOBAL_UNIT_ASSIGNED_CONTEXT ( ( #779, #2686, #329 ) ) REPRESENTATION_CONTEXT ( 'NONE', 'WORKASPACE' ) );
#1089 = CARTESIAN_POINT ( 'NONE',  ( -4.980796639776084300, 2.322583616840302700, -2.879999999999999400 ) ) ;
#1090 = CIRCLE ( 'NONE', #1844, 3.999999999999998200 ) ;
#1091 = CARTESIAN_POINT ( 'NONE',  ( 3.053525324416421300, 14.00264710945188400, 3.580000000000000100 ) ) ;
#1092 = CARTESIAN_POINT ( 'NONE',  ( 2.090471518935626000, 8.520905841005209400, 3.580000000000000100 ) ) ;
#1093 = EDGE_CURVE ( 'NONE', #1353, #416, #216, .T. ) ;
#1094 = VERTEX_POINT ( 'NONE', #964 ) ;
#1095 = DIRECTION ( 'NONE',  ( 1.000000000000000000, 0.0000000000000000000, 0.0000000000000000000 ) ) ;
#1096 = EDGE_LOOP ( 'NONE', ( #2287, #1063, #2076, #837 ) ) ;
#1097 = LINE ( 'NONE', #2560, #2900 ) ;
#1098 = ORIENTED_EDGE ( 'NONE', *, *, #1298, .F. ) ;
#1099 = EDGE_CURVE ( 'NONE', #1353, #1248, #2621, .T. ) ;
#1100 = ORIENTED_EDGE ( 'NONE', *, *, #2083, .T. ) ;
#1101 = DIRECTION ( 'NONE',  ( 0.0000000000000000000, 0.0000000000000000000, 1.000000000000000000 ) ) ;
#1102 = EDGE_LOOP ( 'NONE', ( #1198, #2137, #1891, #925 ) ) ;
#1103 = AXIS2_PLACEMENT_3D ( 'NONE', #2377, #3074, #1406 ) ;
#1104 = DIRECTION ( 'NONE',  ( 0.0000000000000000000, -1.000000000000000000, -3.532793595739285800E-015 ) ) ;
#1105 = ADVANCED_FACE ( 'NONE', ( #18 ), #481, .T. ) ;
#1106 = LINE ( 'NONE', #2523, #1642 ) ;
#1107 = ORIENTED_EDGE ( 'NONE', *, *, #2209, .F. ) ;
#1108 = AXIS2_PLACEMENT_3D ( 'NONE', #2472, #2025, #2267 ) ;
#1109 = VECTOR ( 'NONE', #1808, 1000.000000000000000 ) ;
#1110 = ORIENTED_EDGE ( 'NONE', *, *, #2786, .F. ) ;
#1111 = DIRECTION ( 'NONE',  ( 0.0000000000000000000, 0.0000000000000000000, 1.000000000000000000 ) ) ;
#1112 = DIRECTION ( 'NONE',  ( 0.9063077870366478300, -0.4226182617407041000, 0.0000000000000000000 ) ) ;
#1113 = CIRCLE ( 'NONE', #1812, 4.307999999999997200 ) ;
#1114 = EDGE_CURVE ( 'NONE', #1261, #670, #1305, .T. ) ;
#1115 = DIRECTION ( 'NONE',  ( 1.000000000000000000, -0.0000000000000000000, -3.441911658684146100E-015 ) ) ;
#1116 = FACE_OUTER_BOUND ( 'NONE', #869, .T. ) ;
#1117 = CARTESIAN_POINT ( 'NONE',  ( 0.7599999999999977900, 1.389115455351810800E-014, -4.064000000000012500 ) ) ;
#1118 = EDGE_CURVE ( 'NONE', #634, #1692, #2400, .T. ) ;
#1119 = LINE ( 'NONE', #338, #1235 ) ;
#1120 = ORIENTED_EDGE ( 'NONE', *, *, #1727, .T. ) ;
#1121 = DIRECTION ( 'NONE',  ( -0.9063077870366476100, -0.4226182617407044400, 0.0000000000000000000 ) ) ;
#1122 = ORIENTED_EDGE ( 'NONE', *, *, #1610, .F. ) ;
#1123 = AXIS2_PLACEMENT_3D ( 'NONE', #873, #148, #633 ) ;
#1124 = DIRECTION ( 'NONE',  ( 0.0000000000000000000, 0.0000000000000000000, 1.000000000000000000 ) ) ;
#1125 = CIRCLE ( 'NONE', #2176, 0.6920000000000033900 ) ;
#1126 = ORIENTED_EDGE ( 'NONE', *, *, #874, .T. ) ;
#1127 = AXIS2_PLACEMENT_3D ( 'NONE', #1000, #732, #1014 ) ;
#1128 = CARTESIAN_POINT ( 'NONE',  ( -2.494379161557180000, 13.49750486473248200, -2.829999999999999600 ) ) ;
#1129 = ORIENTED_EDGE ( 'NONE', *, *, #2033, .F. ) ;
#1130 = CARTESIAN_POINT ( 'NONE',  ( -2.857119611267762100, 13.16511448258557900, -2.829999999999999600 ) ) ;
#1131 = DIRECTION ( 'NONE',  ( 1.000000000000000000, -0.0000000000000000000, -3.441911658684146100E-015 ) ) ;
#1132 = EDGE_CURVE ( 'NONE', #2529, #1060, #920, .T. ) ;
#1133 = ORIENTED_EDGE ( 'NONE', *, *, #359, .F. ) ;
#1134 = ORIENTED_EDGE ( 'NONE', *, *, #2105, .T. ) ;
#1135 = EDGE_LOOP ( 'NONE', ( #1313, #1120, #2085, #2425, #1770 ) ) ;
#1136 = EDGE_LOOP ( 'NONE', ( #129, #2833, #2989, #951 ) ) ;
#1137 = CARTESIAN_POINT ( 'NONE',  ( 3.305000000000000600, 3.560000000000000100, -3.580000000000000100 ) ) ;
#1138 = ORIENTED_EDGE ( 'NONE', *, *, #573, .T. ) ;
#1139 = AXIS2_PLACEMENT_3D ( 'NONE', #2103, #1631, #1384 ) ;
#1140 = DIRECTION ( 'NONE',  ( -0.0000000000000000000, -0.0000000000000000000, -1.000000000000000000 ) ) ;
#1141 = DIRECTION ( 'NONE',  ( -3.420196127714511100E-015, 3.420196127714511100E-015, -1.000000000000000000 ) ) ;
#1142 = FACE_OUTER_BOUND ( 'NONE', #2781, .T. ) ;
#1143 = ORIENTED_EDGE ( 'NONE', *, *, #1018, .T. ) ;
#1144 = LINE ( 'NONE', #2227, #2313 ) ;
#1145 = CARTESIAN_POINT ( 'NONE',  ( -2.750000000000000400, 14.40999999999999800, 3.580000000000000100 ) ) ;
#1146 = CARTESIAN_POINT ( 'NONE',  ( 3.479011095111038500, 4.341142706254214700, -3.580000000000000100 ) ) ;
#1147 = LINE ( 'NONE', #1128, #1611 ) ;
#1148 = ADVANCED_FACE ( 'NONE', ( #509 ), #2028, .F. ) ;
#1149 = EDGE_CURVE ( 'NONE', #1404, #2224, #2958, .T. ) ;
#1150 = VECTOR ( 'NONE', #38, 1000.000000000000000 ) ;
#1151 = CARTESIAN_POINT ( 'NONE',  ( 2.655396719280388700, 7.309419839295634000, -2.896836345170925100 ) ) ;
#1152 = DIRECTION ( 'NONE',  ( 1.000000000000000000, 0.0000000000000000000, 0.0000000000000000000 ) ) ;
#1153 = LINE ( 'NONE', #252, #1368 ) ;
#1154 = EDGE_LOOP ( 'NONE', ( #1884, #1816, #2809, #2064 ) ) ;
#1155 = CARTESIAN_POINT ( 'NONE',  ( 2.194992363465771300, 7.094729762331357200, -2.763163654829074100 ) ) ;
#1156 = LINE ( 'NONE', #1538, #1651 ) ;
#1157 = VERTEX_POINT ( 'NONE', #2393 ) ;
#1158 = ORIENTED_EDGE ( 'NONE', *, *, #2751, .T. ) ;
#1159 = EDGE_CURVE ( 'NONE', #2398, #2215, #1075, .T. ) ;
#1160 = DIRECTION ( 'NONE',  ( -0.0000000000000000000, -0.0000000000000000000, 1.000000000000000000 ) ) ;
#1161 = EDGE_LOOP ( 'NONE', ( #270, #2294, #751, #1991 ) ) ;
#1162 = VECTOR ( 'NONE', #2698, 1000.000000000000100 ) ;
#1163 = CARTESIAN_POINT ( 'NONE',  ( 3.479011095111038500, 4.341142706254214700, 3.580000000000000100 ) ) ;
#1164 = AXIS2_PLACEMENT_3D ( 'NONE', #2858, #2180, #496 ) ;
#1165 = VECTOR ( 'NONE', #1181, 1000.000000000000100 ) ;
#1166 = CARTESIAN_POINT ( 'NONE',  ( 1.259999999999997800, 4.068000000000000500, -3.430000000000001000 ) ) ;
#1167 = DIRECTION ( 'NONE',  ( 1.000000000000000000, 0.0000000000000000000, 0.0000000000000000000 ) ) ;
#1168 = DIRECTION ( 'NONE',  ( 6.195440985631457300E-016, -1.000000000000000000, 0.0000000000000000000 ) ) ;
#1169 = AXIS2_PLACEMENT_3D ( 'NONE', #194, #936, #2079 ) ;
#1170 = DIRECTION ( 'NONE',  ( 0.0000000000000000000, 0.0000000000000000000, 1.000000000000000000 ) ) ;
#1171 = ADVANCED_FACE ( 'NONE', ( #2475 ), #1241, .F. ) ;
#1172 = ORIENTED_EDGE ( 'NONE', *, *, #1240, .T. ) ;
#1173 = DIRECTION ( 'NONE',  ( 1.000000000000000000, 1.312196275322849800E-016, -0.0000000000000000000 ) ) ;
#1174 = DIRECTION ( 'NONE',  ( 0.0000000000000000000, 0.0000000000000000000, 1.000000000000000000 ) ) ;
#1175 = EDGE_LOOP ( 'NONE', ( #904, #2449, #2148, #2385 ) ) ;
#1176 = CARTESIAN_POINT ( 'NONE',  ( -2.857119611267762100, 13.16511448258557900, 3.580000000000000100 ) ) ;
#1177 = VERTEX_POINT ( 'NONE', #307 ) ;
#1178 = EDGE_LOOP ( 'NONE', ( #52, #1590, #1100, #1699, #771, #2214 ) ) ;
#1179 = EDGE_CURVE ( 'NONE', #195, #436, #1652, .T. ) ;
#1180 = ORIENTED_EDGE ( 'NONE', *, *, #2141, .F. ) ;
#1181 = DIRECTION ( 'NONE',  ( 0.9063077870366476100, 0.4226182617407044400, -0.0000000000000000000 ) ) ;
#1182 = ORIENTED_EDGE ( 'NONE', *, *, #2990, .F. ) ;
#1183 = CARTESIAN_POINT ( 'NONE',  ( -3.304999999999998800, 4.259999999999999800, 3.580000000000000100 ) ) ;
#1184 = CARTESIAN_POINT ( 'NONE',  ( 2.742620611032910500, 8.703850257354254400, -2.829999999999999600 ) ) ;
#1185 = LINE ( 'NONE', #2716, #1824 ) ;
#1186 = VERTEX_POINT ( 'NONE', #2428 ) ;
#1187 = ADVANCED_FACE ( 'NONE', ( #2250 ), #2844, .T. ) ;
#1188 = AXIS2_PLACEMENT_3D ( 'NONE', #2684, #1945, #1484 ) ;
#1189 = DIRECTION ( 'NONE',  ( -0.0000000000000000000, -0.0000000000000000000, -1.000000000000000000 ) ) ;
#1190 = DIRECTION ( 'NONE',  ( -0.0000000000000000000, -0.0000000000000000000, -1.000000000000000000 ) ) ;
#1191 = LINE ( 'NONE', #2904, #1428 ) ;
#1192 = EDGE_LOOP ( 'NONE', ( #1408, #2139, #1668, #1550, #2718, #2931, #275 ) ) ;
#1193 = DIRECTION ( 'NONE',  ( -0.4226182617407044900, 0.9063077870366477200, 0.0000000000000000000 ) ) ;
#1194 = LINE ( 'NONE', #1672, #2280 ) ;
#1195 = DIRECTION ( 'NONE',  ( 0.0000000000000000000, 1.000000000000000000, -3.423796334164750900E-015 ) ) ;
#1196 = CARTESIAN_POINT ( 'NONE',  ( 3.150610499483591700, 10.53381887178813900, -2.829999999999999600 ) ) ;
#1197 = LINE ( 'NONE', #2578, #293 ) ;
#1198 = ORIENTED_EDGE ( 'NONE', *, *, #86, .F. ) ;
#1199 = EDGE_CURVE ( 'NONE', #1371, #1878, #1002, .T. ) ;
#1200 = DIRECTION ( 'NONE',  ( -0.0000000000000000000, 0.0000000000000000000, -1.000000000000000000 ) ) ;
#1201 = VERTEX_POINT ( 'NONE', #1669 ) ;
#1202 = VERTEX_POINT ( 'NONE', #1020 ) ;
#1203 = FACE_OUTER_BOUND ( 'NONE', #2501, .T. ) ;
#1204 = ORIENTED_EDGE ( 'NONE', *, *, #2271, .F. ) ;
#1205 = CARTESIAN_POINT ( 'NONE',  ( 3.121544150186540600, 7.947174943281164700, 3.580000000000000100 ) ) ;
#1206 = ADVANCED_FACE ( 'NONE', ( #291 ), #1459, .F. ) ;
#1207 = ORIENTED_EDGE ( 'NONE', *, *, #2069, .F. ) ;
#1208 = AXIS2_PLACEMENT_3D ( 'NONE', #648, #1539, #2017 ) ;
#1209 = FACE_OUTER_BOUND ( 'NONE', #614, .T. ) ;
#1210 = CARTESIAN_POINT ( 'NONE',  ( 3.150610499483591700, 10.53381887178813900, 3.580000000000000100 ) ) ;
#1211 = CARTESIAN_POINT ( 'NONE',  ( 2.857119611267762100, 13.16511448258557900, 3.580000000000000100 ) ) ;
#1212 = MANIFOLD_SOLID_BREP ( 'Fillet1', #460 ) ;
#1213 = EDGE_LOOP ( 'NONE', ( #2307, #706, #1348, #2150, #1270, #1008 ) ) ;
#1214 = DIRECTION ( 'NONE',  ( 0.0000000000000000000, 0.0000000000000000000, -1.000000000000000000 ) ) ;
#1215 = ORIENTED_EDGE ( 'NONE', *, *, #1764, .F. ) ;
#1216 = DIRECTION ( 'NONE',  ( -1.000000000000000000, 0.0000000000000000000, 0.0000000000000000000 ) ) ;
#1217 = EDGE_CURVE ( 'NONE', #1157, #1201, #1191, .T. ) ;
#1218 = CARTESIAN_POINT ( 'NONE',  ( 1.818257360651101200, 9.104670987307045500, 3.580000000000000100 ) ) ;
#1219 = DIRECTION ( 'NONE',  ( -0.9063077870366478300, 0.4226182617407039400, -2.478176394252580200E-015 ) ) ;
#1220 = VERTEX_POINT ( 'NONE', #767 ) ;
#1221 = EDGE_CURVE ( 'NONE', #872, #1443, #2245, .T. ) ;
#1222 = DIRECTION ( 'NONE',  ( -1.000000000000000000, 0.0000000000000000000, 0.0000000000000000000 ) ) ;
#1223 = VERTEX_POINT ( 'NONE', #1259 ) ;
#1224 = CARTESIAN_POINT ( 'NONE',  ( -1.857119611267759900, 13.16511448258557900, -2.829999999999999600 ) ) ;
#1225 = AXIS2_PLACEMENT_3D ( 'NONE', #2053, #1831, #2306 ) ;
#1226 = LINE ( 'NONE', #391, #1396 ) ;
#1227 = DIRECTION ( 'NONE',  ( -0.6755902076156554700, 0.7372773368101285300, 0.0000000000000000000 ) ) ;
#1228 = AXIS2_PLACEMENT_3D ( 'NONE', #683, #1626, #441 ) ;
#1229 = DIRECTION ( 'NONE',  ( 0.0000000000000000000, 3.441911658684146500E-015, 1.000000000000000000 ) ) ;
#1230 = DIRECTION ( 'NONE',  ( -0.0000000000000000000, 0.0000000000000000000, 1.000000000000000000 ) ) ;
#1231 = CYLINDRICAL_SURFACE ( 'NONE', #2643, 1.200000000000003500 ) ;
#1232 = FACE_OUTER_BOUND ( 'NONE', #2477, .T. ) ;
#1233 = ORIENTED_EDGE ( 'NONE', *, *, #1420, .T. ) ;
#1234 = ADVANCED_FACE ( 'NONE', ( #2954 ), #815, .F. ) ;
#1235 = VECTOR ( 'NONE', #2943, 999.9999999999998900 ) ;
#1236 = EDGE_CURVE ( 'NONE', #2602, #670, #368, .T. ) ;
#1237 = ORIENTED_EDGE ( 'NONE', *, *, #1479, .F. ) ;
#1238 = CARTESIAN_POINT ( 'NONE',  ( -2.494379161557180400, 7.654723106156596100, -2.879999999999999400 ) ) ;
#1239 = LINE ( 'NONE', #1054, #1162 ) ;
#1240 = EDGE_CURVE ( 'NONE', #2672, #650, #1541, .T. ) ;
#1241 = PLANE ( 'NONE',  #2794 ) ;
#1242 = LINE ( 'NONE', #2827, #1165 ) ;
#1243 = AXIS2_PLACEMENT_3D ( 'NONE', #1488, #2145, #536 ) ;
#1244 = CARTESIAN_POINT ( 'NONE',  ( 1.630067163121008600, 8.306215764040931800, -2.896836345170924300 ) ) ;
#1245 = PLANE ( 'NONE',  #1243 ) ;
#1246 = DIRECTION ( 'NONE',  ( 0.0000000000000000000, 0.0000000000000000000, 1.000000000000000000 ) ) ;
#1247 = ADVANCED_FACE ( 'NONE', ( #1978 ), #339, .F. ) ;
#1248 = VERTEX_POINT ( 'NONE', #2489 ) ;
#1249 = CARTESIAN_POINT ( 'NONE',  ( 2.494379161557177300, 7.654723106156595200, -2.763163654829075000 ) ) ;
#1250 = FILL_AREA_STYLE_COLOUR ( '', #1681 ) ;
#1251 = EDGE_LOOP ( 'NONE', ( #248, #693, #600, #1948 ) ) ;
#1252 = ORIENTED_EDGE ( 'NONE', *, *, #2733, .T. ) ;
#1253 = DIRECTION ( 'NONE',  ( -0.0000000000000000000, -0.0000000000000000000, -1.000000000000000000 ) ) ;
#1254 = DIRECTION ( 'NONE',  ( 0.0000000000000000000, -1.000000000000000000, -3.423796334164750900E-015 ) ) ;
#1255 = DIRECTION ( 'NONE',  ( 0.0000000000000000000, 1.000000000000000000, -3.423796334164750900E-015 ) ) ;
#1256 = ORIENTED_EDGE ( 'NONE', *, *, #2526, .T. ) ;
#1257 = CARTESIAN_POINT ( 'NONE',  ( -2.750000000000000400, 14.40999999999999800, -3.579999999999998700 ) ) ;
#1258 = EDGE_CURVE ( 'NONE', #142, #621, #168, .T. ) ;
#1259 = CARTESIAN_POINT ( 'NONE',  ( -3.496999999999999000, 4.259999999999999800, -3.579999999999998700 ) ) ;
#1260 = FACE_OUTER_BOUND ( 'NONE', #1516, .T. ) ;
#1261 = VERTEX_POINT ( 'NONE', #1739 ) ;
#1262 = CARTESIAN_POINT ( 'NONE',  ( 2.857119611267762100, 13.16511448258557900, -2.829999999999999600 ) ) ;
#1263 = ADVANCED_FACE ( 'NONE', ( #287 ), #2953, .F. ) ;
#1264 = FACE_OUTER_BOUND ( 'NONE', #2365, .T. ) ;
#1265 = CIRCLE ( 'NONE', #1490, 3.799999999999998000 ) ;
#1266 = AXIS2_PLACEMENT_3D ( 'NONE', #2195, #2708, #1303 ) ;
#1267 = DIRECTION ( 'NONE',  ( -0.0000000000000000000, -0.0000000000000000000, -1.000000000000000000 ) ) ;
#1268 = PLANE ( 'NONE',  #2040 ) ;
#1269 = PLANE ( 'NONE',  #1673 ) ;
#1270 = ORIENTED_EDGE ( 'NONE', *, *, #2490, .T. ) ;
#1271 = EDGE_CURVE ( 'NONE', #2055, #631, #774, .T. ) ;
#1272 = EDGE_LOOP ( 'NONE', ( #2341, #457, #1784, #2992 ) ) ;
#1273 = LINE ( 'NONE', #1562, #1518 ) ;
#1274 = EDGE_LOOP ( 'NONE', ( #1753, #1017, #1609, #2200 ) ) ;
#1275 = ADVANCED_FACE ( 'NONE', ( #2088 ), #2713, .F. ) ;
#1276 = EDGE_CURVE ( 'NONE', #1177, #1851, #213, .T. ) ;
#1277 = ORIENTED_EDGE ( 'NONE', *, *, #2705, .F. ) ;
#1278 = CARTESIAN_POINT ( 'NONE',  ( -5.443488508797694100, 10.79514403426986000, -2.879999999999997700 ) ) ;
#1279 = ORIENTED_EDGE ( 'NONE', *, *, #1575, .T. ) ;
#1280 = DIRECTION ( 'NONE',  ( 1.000000000000000000, -0.0000000000000000000, -0.0000000000000000000 ) ) ;
#1281 = AXIS2_PLACEMENT_3D ( 'NONE', #2484, #1556, #1750 ) ;
#1282 = APPLICATION_CONTEXT ( 'automotive_design' ) ;
#1283 = CARTESIAN_POINT ( 'NONE',  ( -1.759999999999995300, 3.560000000000000500, -2.544261098099311300E-015 ) ) ;
#1284 = DIRECTION ( 'NONE',  ( 1.000000000000000000, 1.312196275322849800E-016, 0.0000000000000000000 ) ) ;
#1285 = CYLINDRICAL_SURFACE ( 'NONE', #2760, 1.200000000000003100 ) ;
#1286 = ORIENTED_EDGE ( 'NONE', *, *, #636, .T. ) ;
#1287 = DIRECTION ( 'NONE',  ( 1.312196275322849800E-016, -1.000000000000000000, -0.0000000000000000000 ) ) ;
#1288 = AXIS2_PLACEMENT_3D ( 'NONE', #278, #2885, #1214 ) ;
#1289 = ORIENTED_EDGE ( 'NONE', *, *, #2331, .F. ) ;
#1290 = DIRECTION ( 'NONE',  ( -0.0000000000000000000, 6.982962677686265900E-015, -1.000000000000000000 ) ) ;
#1291 = DIRECTION ( 'NONE',  ( 0.0000000000000000000, 0.0000000000000000000, 1.000000000000000000 ) ) ;
#1292 = ORIENTED_EDGE ( 'NONE', *, *, #2513, .F. ) ;
#1293 = DIRECTION ( 'NONE',  ( 0.0000000000000000000, 0.0000000000000000000, 1.000000000000000000 ) ) ;
#1294 = VERTEX_POINT ( 'NONE', #1980 ) ;
#1295 = ADVANCED_FACE ( 'NONE', ( #2734 ), #2585, .F. ) ;
#1296 = LINE ( 'NONE', #208, #656 ) ;
#1297 = ORIENTED_EDGE ( 'NONE', *, *, #1517, .F. ) ;
#1298 = EDGE_CURVE ( 'NONE', #2429, #1202, #1939, .T. ) ;
#1299 = LINE ( 'NONE', #2459, #1331 ) ;
#1300 = CARTESIAN_POINT ( 'NONE',  ( 0.7599999999999977900, 3.434000000000001100, -3.556000000000005800 ) ) ;
#1301 = ORIENTED_EDGE ( 'NONE', *, *, #1, .T. ) ;
#1302 = DIRECTION ( 'NONE',  ( 1.000000000000000000, 0.0000000000000000000, -0.0000000000000000000 ) ) ;
#1303 = DIRECTION ( 'NONE',  ( 0.0000000000000000000, -1.000000000000000000, -3.532793595739285800E-015 ) ) ;
#1304 = LINE ( 'NONE', #1678, #2248 ) ;
#1305 = LINE ( 'NONE', #490, #662 ) ;
#1306 = UNCERTAINTY_MEASURE_WITH_UNIT (LENGTH_MEASURE( 1.000000000000000100E-005 ), #319, 'distance_accuracy_value', 'NONE');
#1307 = AXIS2_PLACEMENT_3D ( 'NONE', #1842, #2065, #672 ) ;
#1308 = LINE ( 'NONE', #1686, #2476 ) ;
#1309 = ORIENTED_EDGE ( 'NONE', *, *, #2830, .F. ) ;
#1310 = FACE_OUTER_BOUND ( 'NONE', #158, .T. ) ;
#1311 = LINE ( 'NONE', #1890, #1867 ) ;
#1312 = ORIENTED_EDGE ( 'NONE', *, *, #1782, .T. ) ;
#1313 = ORIENTED_EDGE ( 'NONE', *, *, #2895, .T. ) ;
#1314 = ADVANCED_FACE ( 'NONE', ( #917 ), #1268, .F. ) ;
#1315 = DIRECTION ( 'NONE',  ( 1.000000000000000000, 0.0000000000000000000, 0.0000000000000000000 ) ) ;
#1316 = VERTEX_POINT ( 'NONE', #2696 ) ;
#1317 = CARTESIAN_POINT ( 'NONE',  ( 5.443488508797691400, 10.79514403426985900, -3.579999999999998700 ) ) ;
#1318 = DIRECTION ( 'NONE',  ( -0.0000000000000000000, -0.0000000000000000000, -1.000000000000000000 ) ) ;
#1319 = FACE_OUTER_BOUND ( 'NONE', #2897, .T. ) ;
#1320 = ORIENTED_EDGE ( 'NONE', *, *, #2571, .T. ) ;
#1321 = EDGE_CURVE ( 'NONE', #2231, #1757, #1299, .T. ) ;
#1322 = EDGE_CURVE ( 'NONE', #2189, #2220, #1423, .T. ) ;
#1323 = DIRECTION ( 'NONE',  ( -0.4226182617407039900, -0.9063077870366477200, 0.0000000000000000000 ) ) ;
#1324 = ORIENTED_EDGE ( 'NONE', *, *, #2948, .T. ) ;
#1325 = AXIS2_PLACEMENT_3D ( 'NONE', #2787, #1592, #903 ) ;
#1326 = DIRECTION ( 'NONE',  ( 0.8018757687955057100, -0.5974907960953178600, 0.0000000000000000000 ) ) ;
#1327 = ORIENTED_EDGE ( 'NONE', *, *, #2304, .F. ) ;
#1328 = DIRECTION ( 'NONE',  ( 0.0000000000000000000, 0.0000000000000000000, 1.000000000000000000 ) ) ;
#1329 = ORIENTED_EDGE ( 'NONE', *, *, #107, .F. ) ;
#1330 = PLANE ( 'NONE',  #2581 ) ;
#1331 = VECTOR ( 'NONE', #2226, 1000.000000000000000 ) ;
#1332 = VERTEX_POINT ( 'NONE', #348 ) ;
#1333 = EDGE_CURVE ( 'NONE', #974, #1536, #1574, .T. ) ;
#1334 = CARTESIAN_POINT ( 'NONE',  ( -1.157389500516405900, 10.53381887178813900, 3.580000000000000100 ) ) ;
#1335 = VECTOR ( 'NONE', #83, 1000.000000000000000 ) ;
#1336 = VERTEX_POINT ( 'NONE', #1994 ) ;
#1337 = CARTESIAN_POINT ( 'NONE',  ( 5.443488508797691400, 10.79514403426985900, -2.879999999999999400 ) ) ;
#1338 = EDGE_CURVE ( 'NONE', #2099, #1634, #667, .T. ) ;
#1339 = LINE ( 'NONE', #2127, #2843 ) ;
#1340 = CARTESIAN_POINT ( 'NONE',  ( 0.7599999999999980100, 3.560000000000000500, -3.430000000000000600 ) ) ;
#1341 = CARTESIAN_POINT ( 'NONE',  ( 1.818257360651100800, 9.104670987307045500, -2.879999999999999400 ) ) ;
#1342 = CIRCLE ( 'NONE', #624, 0.4920000000000019900 ) ;
#1343 = CIRCLE ( 'NONE', #1325, 0.1919999999999998900 ) ;
#1344 = CARTESIAN_POINT ( 'NONE',  ( 0.7599999999999994500, 3.434000000000001500, 3.430000000000000600 ) ) ;
#1345 = AXIS2_PLACEMENT_3D ( 'NONE', #1317, #2452, #578 ) ;
#1346 = VERTEX_POINT ( 'NONE', #2737 ) ;
#1347 = VECTOR ( 'NONE', #689, 1000.000000000000000 ) ;
#1348 = ORIENTED_EDGE ( 'NONE', *, *, #2530, .F. ) ;
#1349 = CYLINDRICAL_SURFACE ( 'NONE', #326, 0.7600000000000000100 ) ;
#1350 = ORIENTED_EDGE ( 'NONE', *, *, #428, .F. ) ;
#1351 = DIRECTION ( 'NONE',  ( -0.8557867301405888100, -0.5173287857013941800, 0.0000000000000000000 ) ) ;
#1352 = EDGE_CURVE ( 'NONE', #621, #236, #2122, .T. ) ;
#1353 = VERTEX_POINT ( 'NONE', #395 ) ;
#1354 = AXIS2_PLACEMENT_3D ( 'NONE', #1621, #242, #982 ) ;
#1355 = CARTESIAN_POINT ( 'NONE',  ( 1.759999999999999300, 3.560000000000000500, 3.580000000000000100 ) ) ;
#1356 = ORIENTED_EDGE ( 'NONE', *, *, #1940, .T. ) ;
#1357 = CARTESIAN_POINT ( 'NONE',  ( -2.445632427309882800, 12.89540668247884100, -2.829999999999999600 ) ) ;
#1358 = ORIENTED_EDGE ( 'NONE', *, *, #719, .F. ) ;
#1359 = AXIS2_PLACEMENT_3D ( 'NONE', #641, #2283, #1654 ) ;
#1360 = CARTESIAN_POINT ( 'NONE',  ( -1.760000000000000200, 4.068000000000000500, 3.430000000000000200 ) ) ;
#1361 = ORIENTED_EDGE ( 'NONE', *, *, #1558, .T. ) ;
#1362 = DIRECTION ( 'NONE',  ( -1.000000000000000000, 0.0000000000000000000, 0.0000000000000000000 ) ) ;
#1363 = EDGE_CURVE ( 'NONE', #1461, #1742, #1721, .T. ) ;
#1364 = CARTESIAN_POINT ( 'NONE',  ( -3.121544150186540600, 7.947174943281164700, -2.829999999999999600 ) ) ;
#1365 = DIRECTION ( 'NONE',  ( 1.000000000000000000, 0.0000000000000000000, 0.0000000000000000000 ) ) ;
#1366 = EDGE_CURVE ( 'NONE', #2118, #2742, #1113, .T. ) ;
#1367 = VECTOR ( 'NONE', #1622, 1000.000000000000000 ) ;
#1368 = VECTOR ( 'NONE', #1881, 1000.000000000000000 ) ;
#1369 = ORIENTED_EDGE ( 'NONE', *, *, #1483, .F. ) ;
#1370 = AXIS2_PLACEMENT_3D ( 'NONE', #894, #189, #1365 ) ;
#1371 = VERTEX_POINT ( 'NONE', #2984 ) ;
#1372 = DIRECTION ( 'NONE',  ( 0.0000000000000000000, 1.000000000000000000, -3.532793595739285800E-015 ) ) ;
#1373 = ORIENTED_EDGE ( 'NONE', *, *, #2007, .T. ) ;
#1374 = CARTESIAN_POINT ( 'NONE',  ( -3.053525324416422700, 14.00264710945188400, 3.580000000000000100 ) ) ;
#1375 = CARTESIAN_POINT ( 'NONE',  ( 3.305000000000001500, 4.259999999999999800, -3.580000000000000100 ) ) ;
#1376 = LINE ( 'NONE', #147, #932 ) ;
#1377 = AXIS2_PLACEMENT_3D ( 'NONE', #1789, #2059, #2983 ) ;
#1378 = CARTESIAN_POINT ( 'NONE',  ( -2.033974805742562200, 7.440033029192318500, -2.829999999999999600 ) ) ;
#1379 = VECTOR ( 'NONE', #1193, 999.9999999999998900 ) ;
#1380 = ORIENTED_EDGE ( 'NONE', *, *, #527, .F. ) ;
#1381 = CARTESIAN_POINT ( 'NONE',  ( -0.7600000000000021200, 3.434000000000000600, -3.429999999999997900 ) ) ;
#1382 = DIRECTION ( 'NONE',  ( -0.7372773368101286400, -0.6755902076156551400, -0.0000000000000000000 ) ) ;
#1383 = VECTOR ( 'NONE', #1398, 1000.000000000000100 ) ;
#1384 = DIRECTION ( 'NONE',  ( -1.000000000000000000, 0.0000000000000000000, 0.0000000000000000000 ) ) ;
#1385 = CARTESIAN_POINT ( 'NONE',  ( -3.304999999999998400, 4.068000000000000500, -3.580000000000000100 ) ) ;
#1386 = CARTESIAN_POINT ( 'NONE',  ( 2.857119611267762100, 13.16511448258557900, -2.829999999999999600 ) ) ;
#1387 = EDGE_CURVE ( 'NONE', #2215, #1551, #2286, .T. ) ;
#1388 = ORIENTED_EDGE ( 'NONE', *, *, #1322, .F. ) ;
#1389 = AXIS2_PLACEMENT_3D ( 'NONE', #2750, #1773, #609 ) ;
#1390 = ORIENTED_EDGE ( 'NONE', *, *, #1943, .T. ) ;
#1391 = DIRECTION ( 'NONE',  ( -0.0000000000000000000, -0.0000000000000000000, -1.000000000000000000 ) ) ;
#1392 = ORIENTED_EDGE ( 'NONE', *, *, #251, .F. ) ;
#1393 = DIRECTION ( 'NONE',  ( 0.0000000000000000000, -1.000000000000000000, 0.0000000000000000000 ) ) ;
#1394 = LINE ( 'NONE', #854, #769 ) ;
#1395 = ORIENTED_EDGE ( 'NONE', *, *, #2849, .T. ) ;
#1396 = VECTOR ( 'NONE', #2999, 1000.000000000000000 ) ;
#1397 = DIRECTION ( 'NONE',  ( -0.5974907960953178600, -0.8018757687955057100, 4.336808689942018200E-016 ) ) ;
#1398 = DIRECTION ( 'NONE',  ( -0.4226182617407044400, 0.9063077870366476100, -0.0000000000000000000 ) ) ;
#1399 = DIRECTION ( 'NONE',  ( 0.0000000000000000000, 0.0000000000000000000, 1.000000000000000000 ) ) ;
#1400 = CIRCLE ( 'NONE', #963, 0.7000000000000000700 ) ;
#1401 = EDGE_CURVE ( 'NONE', #762, #946, #882, .T. ) ;
#1402 = DIRECTION ( 'NONE',  ( 0.0000000000000000000, 0.0000000000000000000, 1.000000000000000000 ) ) ;
#1403 = LINE ( 'NONE', #2712, #2550 ) ;
#1404 = VERTEX_POINT ( 'NONE', #2518 ) ;
#1405 = EDGE_CURVE ( 'NONE', #2742, #1177, #2690, .T. ) ;
#1406 = DIRECTION ( 'NONE',  ( 1.000000000000000000, 0.0000000000000000000, 0.0000000000000000000 ) ) ;
#1407 = ADVANCED_FACE ( 'NONE', ( #2436 ), #1330, .F. ) ;
#1408 = ORIENTED_EDGE ( 'NONE', *, *, #816, .F. ) ;
#1409 = DIRECTION ( 'NONE',  ( 0.0000000000000000000, 1.000000000000000000, -3.532793595739285800E-015 ) ) ;
#1410 = AXIS2_PLACEMENT_3D ( 'NONE', #484, #2138, #713 ) ;
#1411 = CIRCLE ( 'NONE', #478, 4.507999999999999100 ) ;
#1412 = DIRECTION ( 'NONE',  ( 1.000000000000000000, 3.469446951953615800E-015, 0.0000000000000000000 ) ) ;
#1413 = ORIENTED_EDGE ( 'NONE', *, *, #2871, .F. ) ;
#1414 = EDGE_CURVE ( 'NONE', #1157, #195, #1914, .T. ) ;
#1415 = VERTEX_POINT ( 'NONE', #1341 ) ;
#1416 = ORIENTED_EDGE ( 'NONE', *, *, #186, .T. ) ;
#1417 = CARTESIAN_POINT ( 'NONE',  ( 5.443488508797691400, 10.79514403426985900, -2.879999999999999400 ) ) ;
#1418 = LINE ( 'NONE', #674, #1596 ) ;
#1419 = ORIENTED_EDGE ( 'NONE', *, *, #1321, .F. ) ;
#1420 = EDGE_CURVE ( 'NONE', #5, #1332, #1273, .T. ) ;
#1421 = CARTESIAN_POINT ( 'NONE',  ( 1.259999999999999600, 3.560000000000000500, 3.430000000000000200 ) ) ;
#1422 = AXIS2_PLACEMENT_3D ( 'NONE', #1071, #2032, #113 ) ;
#1423 = LINE ( 'NONE', #2467, #2199 ) ;
#1424 = EDGE_LOOP ( 'NONE', ( #1011, #1077, #2424, #572 ) ) ;
#1425 = AXIS2_PLACEMENT_3D ( 'NONE', #2230, #76, #2938 ) ;
#1426 = DIRECTION ( 'NONE',  ( 0.0000000000000000000, -1.000000000000000000, -3.423796334164750900E-015 ) ) ;
#1427 = DIRECTION ( 'NONE',  ( -0.0000000000000000000, -0.0000000000000000000, 1.000000000000000000 ) ) ;
#1428 = VECTOR ( 'NONE', #506, 1000.000000000000000 ) ;
#1429 = DIRECTION ( 'NONE',  ( 0.0000000000000000000, 0.0000000000000000000, -1.000000000000000000 ) ) ;
#1430 = ADVANCED_FACE ( 'NONE', ( #1087 ), #605, .F. ) ;
#1431 = PLANE ( 'NONE',  #1888 ) ;
#1432 = FACE_OUTER_BOUND ( 'NONE', #1068, .T. ) ;
#1433 = LINE ( 'NONE', #2125, #256 ) ;
#1434 = EDGE_LOOP ( 'NONE', ( #1327, #72, #1674, #860 ) ) ;
#1435 = EDGE_CURVE ( 'NONE', #1887, #557, #1805, .T. ) ;
#1436 = CARTESIAN_POINT ( 'NONE',  ( -0.7600000000000021200, 3.434000000000000600, -3.429999999999997900 ) ) ;
#1437 = EDGE_LOOP ( 'NONE', ( #1852, #1584, #1110, #1868 ) ) ;
#1438 = DIRECTION ( 'NONE',  ( 1.000000000000000000, 0.0000000000000000000, 0.0000000000000000000 ) ) ;
#1439 = VECTOR ( 'NONE', #2678, 1000.000000000000000 ) ;
#1440 = VECTOR ( 'NONE', #2314, 1000.000000000000100 ) ;
#1441 = ORIENTED_EDGE ( 'NONE', *, *, #610, .T. ) ;
#1442 = DIRECTION ( 'NONE',  ( 0.0000000000000000000, 0.0000000000000000000, 1.000000000000000000 ) ) ;
#1443 = VERTEX_POINT ( 'NONE', #1357 ) ;
#1444 = CARTESIAN_POINT ( 'NONE',  ( -3.121544150186540600, 7.947174943281164700, -2.829999999999999600 ) ) ;
#1445 = CARTESIAN_POINT ( 'NONE',  ( -1.157389500516405900, 10.53381887178813900, 3.580000000000000100 ) ) ;
#1446 = VECTOR ( 'NONE', #2587, 1000.000000000000000 ) ;
#1447 = EDGE_LOOP ( 'NONE', ( #78, #1956, #166, #2977 ) ) ;
#1448 = ADVANCED_FACE ( 'NONE', ( #1319 ), #2047, .T. ) ;
#1449 = FACE_OUTER_BOUND ( 'NONE', #1135, .T. ) ;
#1450 = LINE ( 'NONE', #1146, #308 ) ;
#1451 = ORIENTED_EDGE ( 'NONE', *, *, #2591, .F. ) ;
#1452 = CARTESIAN_POINT ( 'NONE',  ( -0.7600000000000003400, 3.434000000000001500, 3.556000000000000500 ) ) ;
#1453 = CARTESIAN_POINT ( 'NONE',  ( 3.121544150186540600, 7.947174943281164700, -2.763163654829074600 ) ) ;
#1454 = VERTEX_POINT ( 'NONE', #2759 ) ;
#1455 = CYLINDRICAL_SURFACE ( 'NONE', #1503, 0.6340000000000025600 ) ;
#1456 = ORIENTED_EDGE ( 'NONE', *, *, #2650, .F. ) ;
#1457 = EDGE_CURVE ( 'NONE', #1726, #236, #893, .T. ) ;
#1458 = CARTESIAN_POINT ( 'NONE',  ( 2.445632427309882800, 12.89540668247884100, -2.829999999999999600 ) ) ;
#1459 = PLANE ( 'NONE',  #1466 ) ;
#1460 = CARTESIAN_POINT ( 'NONE',  ( -1.157389500516405900, 10.53381887178813900, -2.829999999999999600 ) ) ;
#1461 = VERTEX_POINT ( 'NONE', #702 ) ;
#1462 = EDGE_CURVE ( 'NONE', #2498, #2454, #2562, .T. ) ;
#1463 = FACE_OUTER_BOUND ( 'NONE', #1102, .T. ) ;
#1464 = EDGE_LOOP ( 'NONE', ( #2663, #2546, #257, #1395 ) ) ;
#1465 = ADVANCED_FACE ( 'NONE', ( #2709 ), #2606, .F. ) ;
#1466 = AXIS2_PLACEMENT_3D ( 'NONE', #2655, #1689, #2635 ) ;
#1467 = CARTESIAN_POINT ( 'NONE',  ( 1.157389500516405900, 10.53381887178813900, -2.829999999999999600 ) ) ;
#1468 = CIRCLE ( 'NONE', #704, 1.000000000000002200 ) ;
#1469 = ORIENTED_EDGE ( 'NONE', *, *, #2013, .T. ) ;
#1470 = ORIENTED_EDGE ( 'NONE', *, *, #2948, .F. ) ;
#1471 = AXIS2_PLACEMENT_3D ( 'NONE', #1381, #3024, #705 ) ;
#1472 = DIRECTION ( 'NONE',  ( 0.0000000000000000000, -0.0000000000000000000, 1.000000000000000000 ) ) ;
#1473 = DIRECTION ( 'NONE',  ( 0.8363560649550354500, 0.5481865855828000900, -0.0000000000000000000 ) ) ;
#1474 = FACE_OUTER_BOUND ( 'NONE', #1496, .T. ) ;
#1475 = FACE_OUTER_BOUND ( 'NONE', #1737, .T. ) ;
#1476 = CARTESIAN_POINT ( 'NONE',  ( -5.443488508797694100, 10.79514403426986000, -3.580000000000000100 ) ) ;
#1477 = DIRECTION ( 'NONE',  ( -0.0000000000000000000, -0.0000000000000000000, -1.000000000000000000 ) ) ;
#1478 = LINE ( 'NONE', #228, #1944 ) ;
#1479 = EDGE_CURVE ( 'NONE', #2109, #1346, #638, .T. ) ;
#1480 = ORIENTED_EDGE ( 'NONE', *, *, #2388, .F. ) ;
#1481 = VECTOR ( 'NONE', #1760, 1000.000000000000000 ) ;
#1482 = ADVANCED_FACE ( 'NONE', ( #2264 ), #2896, .F. ) ;
#1483 = EDGE_CURVE ( 'NONE', #986, #2054, #1242, .T. ) ;
#1484 = DIRECTION ( 'NONE',  ( -0.4226182617407044900, 0.9063077870366477200, 0.0000000000000000000 ) ) ;
#1485 = AXIS2_PLACEMENT_3D ( 'NONE', #2785, #414, #169 ) ;
#1486 = DIRECTION ( 'NONE',  ( -1.000000000000000000, -1.312196275322849800E-016, 0.0000000000000000000 ) ) ;
#1487 = DIRECTION ( 'NONE',  ( -1.000000000000000000, 0.0000000000000000000, 0.0000000000000000000 ) ) ;
#1488 = CARTESIAN_POINT ( 'NONE',  ( -3.304999999999998800, 4.259999999999999800, -3.580000000000000100 ) ) ;
#1489 = CARTESIAN_POINT ( 'NONE',  ( -3.304999999999998400, 3.560000000000000100, -3.580000000000000100 ) ) ;
#1490 = AXIS2_PLACEMENT_3D ( 'NONE', #550, #798, #2446 ) ;
#1491 = VERTEX_POINT ( 'NONE', #1863 ) ;
#1492 = ORIENTED_EDGE ( 'NONE', *, *, #1823, .T. ) ;
#1493 = CARTESIAN_POINT ( 'NONE',  ( -0.7600000000000003400, 4.068000000000001400, 3.430000000000000600 ) ) ;
#1494 = ORIENTED_EDGE ( 'NONE', *, *, #1321, .T. ) ;
#1495 = FACE_OUTER_BOUND ( 'NONE', #1909, .T. ) ;
#1496 = EDGE_LOOP ( 'NONE', ( #57, #2949, #1441, #1358 ) ) ;
#1497 = CARTESIAN_POINT ( 'NONE',  ( -2.059984127722458400E-015, 3.508395996109118600E-015, -4.064000000000012500 ) ) ;
#1498 = ADVANCED_FACE ( 'NONE', ( #681 ), #2070, .F. ) ;
#1499 = EDGE_CURVE ( 'NONE', #2215, #2665, #1625, .T. ) ;
#1500 = LINE ( 'NONE', #1092, #244 ) ;
#1501 = CARTESIAN_POINT ( 'NONE',  ( -0.7600000000000021200, 0.7600000000000037800, -4.064000000000010700 ) ) ;
#1502 = CARTESIAN_POINT ( 'NONE',  ( 1.157389500516405900, 10.53381887178813900, -2.829999999999999600 ) ) ;
#1503 = AXIS2_PLACEMENT_3D ( 'NONE', #2544, #1131, #1141 ) ;
#1504 = PRODUCT_CONTEXT ( 'NONE', #1282, 'mechanical' ) ;
#1505 = DIRECTION ( 'NONE',  ( 1.000000000000000000, 0.0000000000000000000, 0.0000000000000000000 ) ) ;
#1506 = CARTESIAN_POINT ( 'NONE',  ( -1.760000000000000200, 3.560000000000000500, 3.580000000000000100 ) ) ;
#1507 = AXIS2_PLACEMENT_3D ( 'NONE', #934, #1875, #8 ) ;
#1508 = ADVANCED_FACE ( 'NONE', ( #3070 ), #2181, .F. ) ;
#1509 = CYLINDRICAL_SURFACE ( 'NONE', #1833, 4.307999999999997200 ) ;
#1510 = DIRECTION ( 'NONE',  ( 1.000000000000000000, 1.312196275322849800E-016, 0.0000000000000000000 ) ) ;
#1511 = ORIENTED_EDGE ( 'NONE', *, *, #2056, .T. ) ;
#1512 = DIRECTION ( 'NONE',  ( 1.000000000000000000, 0.0000000000000000000, 0.0000000000000000000 ) ) ;
#1513 = PLANE ( 'NONE',  #828 ) ;
#1514 = DIRECTION ( 'NONE',  ( 1.000000000000000000, 2.818724311011526900E-015, 0.0000000000000000000 ) ) ;
#1515 = EDGE_CURVE ( 'NONE', #1316, #540, #3033, .T. ) ;
#1516 = EDGE_LOOP ( 'NONE', ( #2576, #1601, #2652, #3007 ) ) ;
#1517 = EDGE_CURVE ( 'NONE', #1740, #23, #184, .T. ) ;
#1518 = VECTOR ( 'NONE', #2276, 1000.000000000000000 ) ;
#1519 = EDGE_LOOP ( 'NONE', ( #1182, #2493, #2036, #74 ) ) ;
#1520 = DIRECTION ( 'NONE',  ( 0.0000000000000000000, -3.491481338843133700E-015, 1.000000000000000000 ) ) ;
#1521 = CARTESIAN_POINT ( 'NONE',  ( 3.939415450925655400, 4.555832783218492400, -3.580000000000000100 ) ) ;
#1522 = PLANE ( 'NONE',  #892 ) ;
#1523 = LINE ( 'NONE', #2334, #114 ) ;
#1524 = AXIS2_PLACEMENT_3D ( 'NONE', #2121, #3076, #2160 ) ;
#1525 = ORIENTED_EDGE ( 'NONE', *, *, #1414, .F. ) ;
#1526 = CARTESIAN_POINT ( 'NONE',  ( -2.033974805742560400, 7.440033029192317600, -2.829999999999999600 ) ) ;
#1527 = ORIENTED_EDGE ( 'NONE', *, *, #25, .T. ) ;
#1528 = DIRECTION ( 'NONE',  ( 0.0000000000000000000, -0.0000000000000000000, -1.000000000000000000 ) ) ;
#1529 = ORIENTED_EDGE ( 'NONE', *, *, #1435, .T. ) ;
#1530 = DIRECTION ( 'NONE',  ( -0.0000000000000000000, -0.0000000000000000000, -1.000000000000000000 ) ) ;
#1531 = ORIENTED_EDGE ( 'NONE', *, *, #734, .F. ) ;
#1532 = CARTESIAN_POINT ( 'NONE',  ( -1.760000000000000200, 3.560000000000000500, 3.430000000000000200 ) ) ;
#1533 = ORIENTED_EDGE ( 'NONE', *, *, #1038, .T. ) ;
#1534 = DIRECTION ( 'NONE',  ( 0.9063077870366476100, 0.4226182617407044400, -0.0000000000000000000 ) ) ;
#1535 = CYLINDRICAL_SURFACE ( 'NONE', #1281, 0.4999999999999997800 ) ;
#1536 = VERTEX_POINT ( 'NONE', #258 ) ;
#1537 = EDGE_CURVE ( 'NONE', #1710, #711, #2637, .T. ) ;
#1538 = CARTESIAN_POINT ( 'NONE',  ( -3.939415450925652700, 4.555832783218492400, 3.580000000000000100 ) ) ;
#1539 = DIRECTION ( 'NONE',  ( 0.0000000000000000000, 0.0000000000000000000, 1.000000000000000000 ) ) ;
#1540 = AXIS2_PLACEMENT_3D ( 'NONE', #2021, #1318, #2956 ) ;
#1541 = CIRCLE ( 'NONE', #2618, 4.507999999999999100 ) ;
#1542 = DIRECTION ( 'NONE',  ( 0.0000000000000000000, -9.576549157600670000E-015, 1.000000000000000000 ) ) ;
#1543 = DIRECTION ( 'NONE',  ( 0.0000000000000000000, 0.0000000000000000000, 1.000000000000000000 ) ) ;
#1544 = LINE ( 'NONE', #1707, #776 ) ;
#1545 = AXIS2_PLACEMENT_3D ( 'NONE', #1436, #1662, #489 ) ;
#1546 = CYLINDRICAL_SURFACE ( 'NONE', #601, 3.999999999999998200 ) ;
#1547 = LINE ( 'NONE', #602, #2569 ) ;
#1548 = CIRCLE ( 'NONE', #35, 1.200000000000003500 ) ;
#1549 = DIRECTION ( 'NONE',  ( 1.000000000000000000, 1.312196275322849800E-016, -0.0000000000000000000 ) ) ;
#1550 = ORIENTED_EDGE ( 'NONE', *, *, #2161, .F. ) ;
#1551 = VERTEX_POINT ( 'NONE', #3041 ) ;
#1552 = CARTESIAN_POINT ( 'NONE',  ( 1.157389500516405900, 10.53381887178813900, 3.580000000000000100 ) ) ;
#1553 = ORIENTED_EDGE ( 'NONE', *, *, #1924, .F. ) ;
#1554 = LINE ( 'NONE', #585, #1837 ) ;
#1555 = CARTESIAN_POINT ( 'NONE',  ( 2.494379161557177300, 7.654723106156595200, -2.829999999999999600 ) ) ;
#1556 = DIRECTION ( 'NONE',  ( -1.312196275322849800E-016, 1.000000000000000000, 0.0000000000000000000 ) ) ;
#1557 = VECTOR ( 'NONE', #55, 1000.000000000000000 ) ;
#1558 = EDGE_CURVE ( 'NONE', #1371, #1598, #935, .T. ) ;
#1559 = VECTOR ( 'NONE', #1382, 1000.000000000000100 ) ;
#1560 = EDGE_CURVE ( 'NONE', #2355, #1415, #2000, .T. ) ;
#1561 = CARTESIAN_POINT ( 'NONE',  ( 0.7599999999999994500, 0.7600000000000037800, 4.064000000000009800 ) ) ;
#1562 = CARTESIAN_POINT ( 'NONE',  ( -1.760000000000002000, 4.068000000000000500, 3.580000000000000100 ) ) ;
#1563 = ORIENTED_EDGE ( 'NONE', *, *, #2291, .F. ) ;
#1564 = ORIENTED_EDGE ( 'NONE', *, *, #2895, .F. ) ;
#1565 = AXIS2_PLACEMENT_3D ( 'NONE', #780, #1477, #2872 ) ;
#1566 = ORIENTED_EDGE ( 'NONE', *, *, #336, .T. ) ;
#1567 = ORIENTED_EDGE ( 'NONE', *, *, #231, .T. ) ;
#1568 = AXIS2_PLACEMENT_3D ( 'NONE', #1743, #534, #1486 ) ;
#1569 = CARTESIAN_POINT ( 'NONE',  ( 2.494379161557176400, 13.49750486473248400, -2.829999999999999600 ) ) ;
#1570 = EDGE_CURVE ( 'NONE', #142, #1021, #226, .T. ) ;
#1571 = CARTESIAN_POINT ( 'NONE',  ( -0.7600000000000003400, 3.434000000000001500, 3.430000000000000600 ) ) ;
#1572 = DIRECTION ( 'NONE',  ( -0.0000000000000000000, 3.491481338843133700E-015, 1.000000000000000000 ) ) ;
#1573 = CIRCLE ( 'NONE', #576, 1.000000000000002200 ) ;
#1574 = LINE ( 'NONE', #1811, #1765 ) ;
#1575 = EDGE_CURVE ( 'NONE', #1346, #2742, #789, .T. ) ;
#1576 = DIRECTION ( 'NONE',  ( 0.4226182617407041000, 0.9063077870366478300, 0.0000000000000000000 ) ) ;
#1577 = DIRECTION ( 'NONE',  ( -0.0000000000000000000, -0.0000000000000000000, -1.000000000000000000 ) ) ;
#1578 = ORIENTED_EDGE ( 'NONE', *, *, #1966, .F. ) ;
#1579 = VECTOR ( 'NONE', #791, 1000.000000000000000 ) ;
#1580 = DIRECTION ( 'NONE',  ( 0.0000000000000000000, -0.0000000000000000000, -1.000000000000000000 ) ) ;
#1581 = EDGE_LOOP ( 'NONE', ( #1356, #2046, #1835, #1553, #901, #1937, #456 ) ) ;
#1582 = CARTESIAN_POINT ( 'NONE',  ( -2.059984127722458400E-015, 1.734723475976805900E-015, -3.556000000000012900 ) ) ;
#1583 = AXIS2_PLACEMENT_3D ( 'NONE', #1445, #1656, #502 ) ;
#1584 = ORIENTED_EDGE ( 'NONE', *, *, #1322, .T. ) ;
#1585 = LINE ( 'NONE', #807, #1439 ) ;
#1586 = CIRCLE ( 'NONE', #1139, 4.507999999999998200 ) ;
#1587 = DIRECTION ( 'NONE',  ( 0.0000000000000000000, 0.0000000000000000000, 1.000000000000000000 ) ) ;
#1588 = FACE_OUTER_BOUND ( 'NONE', #1136, .T. ) ;
#1589 = CYLINDRICAL_SURFACE ( 'NONE', #2939, 0.1260000000000024200 ) ;
#1590 = ORIENTED_EDGE ( 'NONE', *, *, #1199, .T. ) ;
#1591 = DIRECTION ( 'NONE',  ( 0.0000000000000000000, -3.491481338843133700E-015, -1.000000000000000000 ) ) ;
#1592 = DIRECTION ( 'NONE',  ( 0.0000000000000000000, 0.0000000000000000000, 1.000000000000000000 ) ) ;
#1593 = EDGE_CURVE ( 'NONE', #881, #1336, #755, .T. ) ;
#1594 = VECTOR ( 'NONE', #1287, 1000.000000000000000 ) ;
#1595 = ORIENTED_EDGE ( 'NONE', *, *, #2540, .T. ) ;
#1596 = VECTOR ( 'NONE', #2349, 1000.000000000000000 ) ;
#1597 = VERTEX_POINT ( 'NONE', #2098 ) ;
#1598 = VERTEX_POINT ( 'NONE', #26 ) ;
#1599 = ORIENTED_EDGE ( 'NONE', *, *, #1298, .T. ) ;
#1600 = CARTESIAN_POINT ( 'NONE',  ( -2.494379161557180400, 7.654723106156596100, -2.879999999999999400 ) ) ;
#1601 = ORIENTED_EDGE ( 'NONE', *, *, #527, .T. ) ;
#1602 = CARTESIAN_POINT ( 'NONE',  ( -1.157389500516405900, 10.53381887178813900, -2.829999999999999600 ) ) ;
#1603 = PLANE ( 'NONE',  #2440 ) ;
#1604 = VECTOR ( 'NONE', #1997, 1000.000000000000100 ) ;
#1605 = ORIENTED_EDGE ( 'NONE', *, *, #2418, .T. ) ;
#1606 = EDGE_CURVE ( 'NONE', #2224, #557, #599, .T. ) ;
#1607 = DIRECTION ( 'NONE',  ( 1.000000000000000000, 0.0000000000000000000, -0.0000000000000000000 ) ) ;
#1608 = CARTESIAN_POINT ( 'NONE',  ( -3.304999999999998800, 4.259999999999999800, 3.580000000000000100 ) ) ;
#1609 = ORIENTED_EDGE ( 'NONE', *, *, #375, .T. ) ;
#1610 = EDGE_CURVE ( 'NONE', #1635, #711, #382, .T. ) ;
#1611 = VECTOR ( 'NONE', #420, 1000.000000000000100 ) ;
#1612 = LINE ( 'NONE', #1860, #171 ) ;
#1613 = CIRCLE ( 'NONE', #2240, 0.5000000000000000000 ) ;
#1614 = VERTEX_POINT ( 'NONE', #2639 ) ;
#1615 = CARTESIAN_POINT ( 'NONE',  ( -4.004999999999999000, 4.259999999999999800, 3.580000000000000100 ) ) ;
#1616 = CIRCLE ( 'NONE', #418, 0.7000000000000000700 ) ;
#1617 = EDGE_LOOP ( 'NONE', ( #2575, #1037, #2015, #1779 ) ) ;
#1618 = AXIS2_PLACEMENT_3D ( 'NONE', #811, #1528, #2447 ) ;
#1619 = EDGE_LOOP ( 'NONE', ( #2043, #1801, #1688, #1289 ) ) ;
#1620 = DIRECTION ( 'NONE',  ( 0.0000000000000000000, 0.0000000000000000000, -1.000000000000000000 ) ) ;
#1621 = CARTESIAN_POINT ( 'NONE',  ( -1.157389500516405900, 10.53381887178813900, -2.829999999999999600 ) ) ;
#1622 = DIRECTION ( 'NONE',  ( -0.0000000000000000000, -0.0000000000000000000, -1.000000000000000000 ) ) ;
#1623 = LINE ( 'NONE', #408, #1013 ) ;
#1624 = AXIS2_PLACEMENT_3D ( 'NONE', #1927, #2699, #2688 ) ;
#1625 = LINE ( 'NONE', #731, #1446 ) ;
#1626 = DIRECTION ( 'NONE',  ( 0.0000000000000000000, -3.532793595739285800E-015, 1.000000000000000000 ) ) ;
#1627 = CARTESIAN_POINT ( 'NONE',  ( 2.090471518935626000, 8.520905841005209400, -2.896836345170924700 ) ) ;
#1628 = CARTESIAN_POINT ( 'NONE',  ( -1.759999999999997100, 3.560000000000000500, 2.544261098099313300E-015 ) ) ;
#1629 = EDGE_CURVE ( 'NONE', #590, #1220, #1957, .T. ) ;
#1630 = ADVANCED_FACE ( 'NONE', ( #1698 ), #2747, .T. ) ;
#1631 = DIRECTION ( 'NONE',  ( -0.0000000000000000000, -0.0000000000000000000, -1.000000000000000000 ) ) ;
#1632 = DIRECTION ( 'NONE',  ( 1.000000000000000000, 0.0000000000000000000, 0.0000000000000000000 ) ) ;
#1633 = EDGE_CURVE ( 'NONE', #2259, #941, #2332, .T. ) ;
#1634 = VERTEX_POINT ( 'NONE', #1926 ) ;
#1635 = VERTEX_POINT ( 'NONE', #523 ) ;
#1636 = CARTESIAN_POINT ( 'NONE',  ( 2.282730839290324700, 8.919640428229929100, -2.829999999999999600 ) ) ;
#1637 = ORIENTED_EDGE ( 'NONE', *, *, #1575, .F. ) ;
#1638 = VERTEX_POINT ( 'NONE', #269 ) ;
#1639 = DIRECTION ( 'NONE',  ( -0.0000000000000000000, 3.532793595739285800E-015, 1.000000000000000000 ) ) ;
#1640 = DIRECTION ( 'NONE',  ( -0.4226182617407040500, -0.9063077870366477200, -0.0000000000000000000 ) ) ;
#1641 = DIRECTION ( 'NONE',  ( -1.000000000000000000, 0.0000000000000000000, 0.0000000000000000000 ) ) ;
#1642 = VECTOR ( 'NONE', #1999, 1000.000000000000100 ) ;
#1643 = ORIENTED_EDGE ( 'NONE', *, *, #336, .F. ) ;
#1644 = FACE_OUTER_BOUND ( 'NONE', #1447, .T. ) ;
#1645 = CARTESIAN_POINT ( 'NONE',  ( 4.980796639776084300, 2.322583616840305800, -2.879999999999999400 ) ) ;
#1646 = DIRECTION ( 'NONE',  ( 0.0000000000000000000, 0.0000000000000000000, 1.000000000000000000 ) ) ;
#1647 = LINE ( 'NONE', #579, #2360 ) ;
#1648 = EDGE_CURVE ( 'NONE', #1836, #2593, #2821, .T. ) ;
#1649 = VERTEX_POINT ( 'NONE', #1952 ) ;
#1650 = CARTESIAN_POINT ( 'NONE',  ( -3.304999999999998800, 4.259999999999999800, 3.580000000000000100 ) ) ;
#1651 = VECTOR ( 'NONE', #2225, 1000.000000000000100 ) ;
#1652 = LINE ( 'NONE', #541, #432 ) ;
#1653 = ORIENTED_EDGE ( 'NONE', *, *, #655, .F. ) ;
#1654 = DIRECTION ( 'NONE',  ( -1.000000000000000000, -1.312196275322849800E-016, 0.0000000000000000000 ) ) ;
#1655 = CARTESIAN_POINT ( 'NONE',  ( 3.479011095111038500, 4.341142706254214700, 3.580000000000000100 ) ) ;
#1656 = DIRECTION ( 'NONE',  ( 0.0000000000000000000, 0.0000000000000000000, 1.000000000000000000 ) ) ;
#1657 = CARTESIAN_POINT ( 'NONE',  ( -3.304999999999998800, 4.259999999999999800, 3.580000000000000100 ) ) ;
#1658 = AXIS2_PLACEMENT_3D ( 'NONE', #1211, #1402, #931 ) ;
#1659 = ORIENTED_EDGE ( 'NONE', *, *, #797, .F. ) ;
#1660 = VERTEX_POINT ( 'NONE', #1244 ) ;
#1661 = ADVANCED_FACE ( 'NONE', ( #2971 ), #1349, .T. ) ;
#1662 = DIRECTION ( 'NONE',  ( -1.000000000000000000, 0.0000000000000000000, 3.441911658684146500E-015 ) ) ;
#1663 = EDGE_LOOP ( 'NONE', ( #2887, #2829, #2423, #3021 ) ) ;
#1664 = CARTESIAN_POINT ( 'NONE',  ( -2.494379161557180400, 7.654723106156596100, -2.879999999999999400 ) ) ;
#1665 = CARTESIAN_POINT ( 'NONE',  ( 3.479011095111038500, 4.341142706254214700, -2.896836345170924300 ) ) ;
#1666 = CARTESIAN_POINT ( 'NONE',  ( -1.157389500516405900, 10.53381887178813900, -2.829999999999999600 ) ) ;
#1667 = EDGE_CURVE ( 'NONE', #2739, #3014, #1411, .T. ) ;
#1668 = ORIENTED_EDGE ( 'NONE', *, *, #272, .T. ) ;
#1669 = CARTESIAN_POINT ( 'NONE',  ( 3.305000000000001000, 4.068000000000001400, -3.580000000000000100 ) ) ;
#1670 = ORIENTED_EDGE ( 'NONE', *, *, #1093, .F. ) ;
#1671 = EDGE_CURVE ( 'NONE', #1404, #2303, #2597, .T. ) ;
#1672 = CARTESIAN_POINT ( 'NONE',  ( -0.7600000000000021200, 0.7600000000000037800, -4.064000000000009800 ) ) ;
#1673 = AXIS2_PLACEMENT_3D ( 'NONE', #2922, #1053, #833 ) ;
#1674 = ORIENTED_EDGE ( 'NONE', *, *, #1414, .T. ) ;
#1675 = ORIENTED_EDGE ( 'NONE', *, *, #2969, .F. ) ;
#1676 = AXIS2_PLACEMENT_3D ( 'NONE', #1205, #2087, #919 ) ;
#1677 = VERTEX_POINT ( 'NONE', #2171 ) ;
#1678 = CARTESIAN_POINT ( 'NONE',  ( 3.305000000000000600, 3.560000000000000100, 3.580000000000000100 ) ) ;
#1679 = EDGE_CURVE ( 'NONE', #2665, #1990, #149, .T. ) ;
#1680 = LINE ( 'NONE', #1665, #2700 ) ;
#1681 = COLOUR_RGB ( '',0.7921568627450980000, 0.8196078431372548800, 0.9333333333333333500 ) ;
#1682 = LINE ( 'NONE', #1700, #2251 ) ;
#1683 = ADVANCED_FACE ( 'NONE', ( #2035 ), #485, .T. ) ;
#1684 = EDGE_CURVE ( 'NONE', #416, #2282, #678, .T. ) ;
#1685 = LINE ( 'NONE', #1569, #1079 ) ;
#1686 = CARTESIAN_POINT ( 'NONE',  ( 1.759999999999999300, 3.560000000000000500, 3.580000000000000100 ) ) ;
#1687 = VECTOR ( 'NONE', #3031, 1000.000000000000000 ) ;
#1688 = ORIENTED_EDGE ( 'NONE', *, *, #2693, .T. ) ;
#1689 = DIRECTION ( 'NONE',  ( 1.000000000000000000, 1.312196275322849800E-016, -1.445602896647339700E-015 ) ) ;
#1690 = DIRECTION ( 'NONE',  ( 0.0000000000000000000, 0.0000000000000000000, 1.000000000000000000 ) ) ;
#1691 = ORIENTED_EDGE ( 'NONE', *, *, #772, .F. ) ;
#1692 = VERTEX_POINT ( 'NONE', #999 ) ;
#1693 = AXIS2_PLACEMENT_3D ( 'NONE', #2278, #1543, #2763 ) ;
#1694 = DIRECTION ( 'NONE',  ( 1.312196275322849800E-016, -1.000000000000000000, -0.0000000000000000000 ) ) ;
#1695 = LINE ( 'NONE', #1555, #830 ) ;
#1696 = ORIENTED_EDGE ( 'NONE', *, *, #1271, .F. ) ;
#1697 = DIRECTION ( 'NONE',  ( 1.000000000000000000, 0.0000000000000000000, -0.0000000000000000000 ) ) ;
#1698 = FACE_OUTER_BOUND ( 'NONE', #2499, .T. ) ;
#1699 = ORIENTED_EDGE ( 'NONE', *, *, #1149, .T. ) ;
#1700 = CARTESIAN_POINT ( 'NONE',  ( 1.630067163121008600, 8.306215764040931800, 3.580000000000000100 ) ) ;
#1701 = DIRECTION ( 'NONE',  ( -1.000000000000000000, -0.0000000000000000000, -0.0000000000000000000 ) ) ;
#1702 = PRODUCT_RELATED_PRODUCT_CATEGORY ( 'part', '', ( #2050 ) ) ;
#1703 = ORIENTED_EDGE ( 'NONE', *, *, #1058, .F. ) ;
#1704 = CARTESIAN_POINT ( 'NONE',  ( 1.157389500516405900, 10.53381887178813900, -2.829999999999999600 ) ) ;
#1705 = DIRECTION ( 'NONE',  ( -0.0000000000000000000, -0.0000000000000000000, -1.000000000000000000 ) ) ;
#1706 = ADVANCED_FACE ( 'NONE', ( #28 ), #1035, .F. ) ;
#1707 = CARTESIAN_POINT ( 'NONE',  ( -2.429544150186537400, 7.947174943281164700, -2.829999999999999600 ) ) ;
#1708 = PLANE ( 'NONE',  #262 ) ;
#1709 = EDGE_CURVE ( 'NONE', #1598, #205, #1084, .T. ) ;
#1710 = VERTEX_POINT ( 'NONE', #752 ) ;
#1711 = VERTEX_POINT ( 'NONE', #2946 ) ;
#1712 = EDGE_CURVE ( 'NONE', #3027, #1638, #2485, .T. ) ;
#1713 = DIRECTION ( 'NONE',  ( -1.000000000000000000, 0.0000000000000000000, 0.0000000000000000000 ) ) ;
#1714 = ORIENTED_EDGE ( 'NONE', *, *, #2595, .T. ) ;
#1715 = AXIS2_PLACEMENT_3D ( 'NONE', #1552, #628, #385 ) ;
#1716 = EDGE_LOOP ( 'NONE', ( #2342, #1847, #2308, #69 ) ) ;
#1717 = ADVANCED_FACE ( 'NONE', ( #2819 ), #1513, .T. ) ;
#1718 = PRODUCT_DEFINITION_FORMATION_WITH_SPECIFIED_SOURCE ( 'ANY', '', #2050, .NOT_KNOWN. ) ;
#1719 = DIRECTION ( 'NONE',  ( 0.0000000000000000000, -3.532793595739285800E-015, -1.000000000000000000 ) ) ;
#1720 = LINE ( 'NONE', #345, #1793 ) ;
#1721 = LINE ( 'NONE', #2749, #2357 ) ;
#1722 = SURFACE_SIDE_STYLE ('',( #824 ) ) ;
#1723 = DIRECTION ( 'NONE',  ( -0.0000000000000000000, -0.0000000000000000000, -1.000000000000000000 ) ) ;
#1724 = VECTOR ( 'NONE', #2045, 1000.000000000000000 ) ;
#1725 = EDGE_CURVE ( 'NONE', #203, #205, #443, .T. ) ;
#1726 = VERTEX_POINT ( 'NONE', #2247 ) ;
#1727 = EDGE_CURVE ( 'NONE', #2063, #2596, #1996, .T. ) ;
#1728 = CARTESIAN_POINT ( 'NONE',  ( 5.443488508797691400, 10.79514403426985900, 3.580000000000000100 ) ) ;
#1729 = VECTOR ( 'NONE', #653, 1000.000000000000000 ) ;
#1730 = ORIENTED_EDGE ( 'NONE', *, *, #1462, .T. ) ;
#1731 = LINE ( 'NONE', #3017, #592 ) ;
#1732 = CARTESIAN_POINT ( 'NONE',  ( 2.857119611267762100, 13.16511448258557900, 3.580000000000000100 ) ) ;
#1733 = AXIS2_PLACEMENT_3D ( 'NONE', #1476, #532, #2183 ) ;
#1734 = DIRECTION ( 'NONE',  ( 0.9063077870366476100, 0.4226182617407044400, -0.0000000000000000000 ) ) ;
#1735 = ADVANCED_FACE ( 'NONE', ( #1203 ), #1064, .T. ) ;
#1736 = VECTOR ( 'NONE', #949, 1000.000000000000000 ) ;
#1737 = EDGE_LOOP ( 'NONE', ( #1834, #2704, #554, #570 ) ) ;
#1738 = ORIENTED_EDGE ( 'NONE', *, *, #2791, .T. ) ;
#1739 = CARTESIAN_POINT ( 'NONE',  ( -3.479011095111035800, 4.341142706254214700, -3.580000000000000100 ) ) ;
#1740 = VERTEX_POINT ( 'NONE', #2463 ) ;
#1741 = CARTESIAN_POINT ( 'NONE',  ( -3.121544150186540600, 7.947174943281164700, 3.580000000000000100 ) ) ;
#1742 = VERTEX_POINT ( 'NONE', #2677 ) ;
#1743 = CARTESIAN_POINT ( 'NONE',  ( -3.304999999999998400, 3.560000000000000100, 3.580000000000000100 ) ) ;
#1744 = DIRECTION ( 'NONE',  ( 0.0000000000000000000, 0.0000000000000000000, 1.000000000000000000 ) ) ;
#1745 = DIRECTION ( 'NONE',  ( 1.000000000000000000, 1.312196275322849800E-016, 0.0000000000000000000 ) ) ;
#1746 = EDGE_CURVE ( 'NONE', #2359, #207, #1125, .T. ) ;
#1747 = DIRECTION ( 'NONE',  ( 0.0000000000000000000, 0.0000000000000000000, 1.000000000000000000 ) ) ;
#1748 = VECTOR ( 'NONE', #2483, 1000.000000000000100 ) ;
#1749 = ORIENTED_EDGE ( 'NONE', *, *, #2736, .F. ) ;
#1750 = DIRECTION ( 'NONE',  ( -1.000000000000000000, 0.0000000000000000000, 0.0000000000000000000 ) ) ;
#1751 = CIRCLE ( 'NONE', #2380, 0.5000000000000000000 ) ;
#1752 = AXIS2_PLACEMENT_3D ( 'NONE', #1571, #2741, #2978 ) ;
#1753 = ORIENTED_EDGE ( 'NONE', *, *, #1807, .F. ) ;
#1754 = CIRCLE ( 'NONE', #1108, 1.200000000000003500 ) ;
#1755 = DIRECTION ( 'NONE',  ( -0.4226182617407040500, -0.9063077870366477200, 0.0000000000000000000 ) ) ;
#1756 = FACE_OUTER_BOUND ( 'NONE', #1931, .T. ) ;
#1757 = VERTEX_POINT ( 'NONE', #2010 ) ;
#1758 = LINE ( 'NONE', #1526, #2363 ) ;
#1759 = LINE ( 'NONE', #1975, #224 ) ;
#1760 = DIRECTION ( 'NONE',  ( 1.312196275322849800E-016, -1.000000000000000000, -0.0000000000000000000 ) ) ;
#1761 = CIRCLE ( 'NONE', #2765, 0.4920000000000019900 ) ;
#1762 = CARTESIAN_POINT ( 'NONE',  ( -2.445632427309882800, 12.89540668247884100, 3.580000000000000100 ) ) ;
#1763 = ADVANCED_FACE ( 'NONE', ( #1051 ), #2330, .F. ) ;
#1764 = EDGE_CURVE ( 'NONE', #3048, #2739, #1766, .T. ) ;
#1765 = VECTOR ( 'NONE', #161, 1000.000000000000100 ) ;
#1766 = LINE ( 'NONE', #75, #2372 ) ;
#1767 = ORIENTED_EDGE ( 'NONE', *, *, #151, .T. ) ;
#1768 = CARTESIAN_POINT ( 'NONE',  ( -2.857119611267762100, 13.16511448258557900, -2.829999999999999600 ) ) ;
#1769 = EDGE_CURVE ( 'NONE', #1990, #2722, #1554, .T. ) ;
#1770 = ORIENTED_EDGE ( 'NONE', *, *, #794, .F. ) ;
#1771 = AXIS2_PLACEMENT_3D ( 'NONE', #2610, #450, #1427 ) ;
#1772 = DIRECTION ( 'NONE',  ( -0.0000000000000000000, -0.0000000000000000000, -1.000000000000000000 ) ) ;
#1773 = DIRECTION ( 'NONE',  ( 0.0000000000000000000, 0.0000000000000000000, 1.000000000000000000 ) ) ;
#1774 = VERTEX_POINT ( 'NONE', #91 ) ;
#1775 = CARTESIAN_POINT ( 'NONE',  ( -1.760000000000002000, 3.560000000000000500, -3.429999999999999300 ) ) ;
#1776 = ORIENTED_EDGE ( 'NONE', *, *, #2274, .T. ) ;
#1777 = CARTESIAN_POINT ( 'NONE',  ( -0.7600000000000021200, 1.389115455351810800E-014, -4.064000000000012500 ) ) ;
#1778 = AXIS2_PLACEMENT_3D ( 'NONE', #1768, #2950, #2495 ) ;
#1779 = ORIENTED_EDGE ( 'NONE', *, *, #2864, .T. ) ;
#1780 = DIRECTION ( 'NONE',  ( 1.000000000000000000, 0.0000000000000000000, 0.0000000000000000000 ) ) ;
#1781 = ORIENTED_EDGE ( 'NONE', *, *, #290, .F. ) ;
#1782 = EDGE_CURVE ( 'NONE', #2303, #557, #300, .T. ) ;
#1783 = DIRECTION ( 'NONE',  ( -1.000000000000000000, 0.0000000000000000000, 0.0000000000000000000 ) ) ;
#1784 = ORIENTED_EDGE ( 'NONE', *, *, #1606, .T. ) ;
#1785 = DIRECTION ( 'NONE',  ( 0.0000000000000000000, -0.0000000000000000000, 1.000000000000000000 ) ) ;
#1786 = DIRECTION ( 'NONE',  ( 0.9063077870366476100, 0.4226182617407044400, -0.0000000000000000000 ) ) ;
#1787 = ORIENTED_EDGE ( 'NONE', *, *, #310, .F. ) ;
#1788 = EDGE_CURVE ( 'NONE', #1774, #2398, #2219, .T. ) ;
#1789 = CARTESIAN_POINT ( 'NONE',  ( -2.276824562219559300E-015, 0.7600000000000035600, -4.064000000000010700 ) ) ;
#1790 = CARTESIAN_POINT ( 'NONE',  ( -1.818257360651101700, 9.104670987307045500, 3.580000000000000100 ) ) ;
#1791 = CARTESIAN_POINT ( 'NONE',  ( -3.053525324416422700, 14.00264710945188400, 8.673617379884035500E-016 ) ) ;
#1792 = PLANE ( 'NONE',  #1693 ) ;
#1793 = VECTOR ( 'NONE', #301, 1000.000000000000100 ) ;
#1794 = PRESENTATION_STYLE_ASSIGNMENT (( #2664 ) ) ;
#1795 = AXIS2_PLACEMENT_3D ( 'NONE', #360, #1979, #1780 ) ;
#1796 = DIRECTION ( 'NONE',  ( -0.4226182617407040500, -0.9063077870366477200, 0.0000000000000000000 ) ) ;
#1797 = LINE ( 'NONE', #95, #100 ) ;
#1798 = LINE ( 'NONE', #3019, #1687 ) ;
#1799 = EDGE_LOOP ( 'NONE', ( #2114, #646, #2714, #1958 ) ) ;
#1800 = DIRECTION ( 'NONE',  ( -0.0000000000000000000, -0.0000000000000000000, -1.000000000000000000 ) ) ;
#1801 = ORIENTED_EDGE ( 'NONE', *, *, #1515, .T. ) ;
#1802 = LINE ( 'NONE', #781, #2406 ) ;
#1803 = DIRECTION ( 'NONE',  ( 0.0000000000000000000, 0.0000000000000000000, 1.000000000000000000 ) ) ;
#1804 = PLANE ( 'NONE',  #1225 ) ;
#1805 = LINE ( 'NONE', #2258, #2487 ) ;
#1806 = ORIENTED_EDGE ( 'NONE', *, *, #1387, .F. ) ;
#1807 = EDGE_CURVE ( 'NONE', #966, #1638, #595, .T. ) ;
#1808 = DIRECTION ( 'NONE',  ( 0.0000000000000000000, -1.000000000000000000, -3.532793595739285800E-015 ) ) ;
#1809 = EDGE_CURVE ( 'NONE', #1711, #1887, #1239, .T. ) ;
#1810 = VECTOR ( 'NONE', #1646, 1000.000000000000000 ) ;
#1811 = CARTESIAN_POINT ( 'NONE',  ( 3.479011095111038500, 4.341142706254214700, -2.763163654829074100 ) ) ;
#1812 = AXIS2_PLACEMENT_3D ( 'NONE', #132, #2525, #3004 ) ;
#1813 = ORIENTED_EDGE ( 'NONE', *, *, #1420, .F. ) ;
#1814 = CARTESIAN_POINT ( 'NONE',  ( -2.365119611267759900, 13.16511448258557900, 3.580000000000000100 ) ) ;
#1815 = AXIS2_PLACEMENT_3D ( 'NONE', #558, #577, #2204 ) ;
#1816 = ORIENTED_EDGE ( 'NONE', *, *, #1764, .T. ) ;
#1817 = ORIENTED_EDGE ( 'NONE', *, *, #2608, .T. ) ;
#1818 = DIRECTION ( 'NONE',  ( 1.000000000000000000, 0.0000000000000000000, 0.0000000000000000000 ) ) ;
#1819 = ORIENTED_EDGE ( 'NONE', *, *, #954, .F. ) ;
#1820 = EDGE_CURVE ( 'NONE', #1774, #1551, #518, .T. ) ;
#1821 = CARTESIAN_POINT ( 'NONE',  ( 2.033974805742563100, 7.440033029192319300, 3.580000000000000100 ) ) ;
#1822 = ORIENTED_EDGE ( 'NONE', *, *, #1746, .F. ) ;
#1823 = EDGE_CURVE ( 'NONE', #711, #946, #1376, .T. ) ;
#1824 = VECTOR ( 'NONE', #2203, 1000.000000000000000 ) ;
#1825 = CARTESIAN_POINT ( 'NONE',  ( 2.094600074017832100, 8.567969486122841300, 3.580000000000000100 ) ) ;
#1826 = AXIS2_PLACEMENT_3D ( 'NONE', #2134, #2584, #459 ) ;
#1827 = CIRCLE ( 'NONE', #1524, 1.200000000000003500 ) ;
#1828 = DIRECTION ( 'NONE',  ( -0.0000000000000000000, -0.0000000000000000000, -1.000000000000000000 ) ) ;
#1829 = CARTESIAN_POINT ( 'NONE',  ( -1.760000000000000200, 4.068000000000000500, 3.580000000000000100 ) ) ;
#1830 = CIRCLE ( 'NONE', #61, 0.5000000000000000000 ) ;
#1831 = DIRECTION ( 'NONE',  ( -1.000000000000000000, 0.0000000000000000000, 0.0000000000000000000 ) ) ;
#1832 = VECTOR ( 'NONE', #264, 1000.000000000000000 ) ;
#1833 = AXIS2_PLACEMENT_3D ( 'NONE', #581, #2254, #288 ) ;
#1834 = ORIENTED_EDGE ( 'NONE', *, *, #2352, .F. ) ;
#1835 = ORIENTED_EDGE ( 'NONE', *, *, #853, .F. ) ;
#1836 = VERTEX_POINT ( 'NONE', #123 ) ;
#1837 = VECTOR ( 'NONE', #806, 1000.000000000000000 ) ;
#1838 = PLANE ( 'NONE',  #2170 ) ;
#1839 = CARTESIAN_POINT ( 'NONE',  ( 0.7599999999999994500, 3.434000000000001500, 3.430000000000000600 ) ) ;
#1840 = VECTOR ( 'NONE', #247, 1000.000000000000100 ) ;
#1841 = ORIENTED_EDGE ( 'NONE', *, *, #1, .F. ) ;
#1842 = CARTESIAN_POINT ( 'NONE',  ( 2.090471518935626000, 8.520905841005209400, 3.580000000000000100 ) ) ;
#1843 = EDGE_CURVE ( 'NONE', #1742, #1597, #1695, .T. ) ;
#1844 = AXIS2_PLACEMENT_3D ( 'NONE', #2856, #2888, #2382 ) ;
#1845 = CARTESIAN_POINT ( 'NONE',  ( -3.121544150186540600, 7.947174943281164700, -2.829999999999999600 ) ) ;
#1846 = PLANE ( 'NONE',  #1885 ) ;
#1847 = ORIENTED_EDGE ( 'NONE', *, *, #899, .F. ) ;
#1848 = ORIENTED_EDGE ( 'NONE', *, *, #2805, .T. ) ;
#1849 = AXIS2_PLACEMENT_3D ( 'NONE', #2427, #2179, #1969 ) ;
#1850 = CARTESIAN_POINT ( 'NONE',  ( 5.443488508797691400, 10.79514403426985900, -2.879999999999997700 ) ) ;
#1851 = VERTEX_POINT ( 'NONE', #1091 ) ;
#1852 = ORIENTED_EDGE ( 'NONE', *, *, #2391, .F. ) ;
#1853 = CARTESIAN_POINT ( 'NONE',  ( -3.304999999999998400, 3.560000000000000100, 3.580000000000000100 ) ) ;
#1854 = ADVANCED_FACE ( 'NONE', ( #2068 ), #3006, .F. ) ;
#1855 = ORIENTED_EDGE ( 'NONE', *, *, #1499, .T. ) ;
#1856 = VECTOR ( 'NONE', #1230, 1000.000000000000000 ) ;
#1857 = EDGE_CURVE ( 'NONE', #2282, #1634, #2968, .T. ) ;
#1858 = DIRECTION ( 'NONE',  ( 0.9063077870366478300, -0.4226182617407041000, 0.0000000000000000000 ) ) ;
#1859 = CARTESIAN_POINT ( 'NONE',  ( 1.759999999999999800, 4.068000000000001400, 3.430000000000000200 ) ) ;
#1860 = CARTESIAN_POINT ( 'NONE',  ( 3.939415450925655400, 4.555832783218492400, 3.580000000000000100 ) ) ;
#1861 = VECTOR ( 'NONE', #1510, 1000.000000000000000 ) ;
#1862 = EDGE_CURVE ( 'NONE', #645, #1223, #1623, .T. ) ;
#1863 = CARTESIAN_POINT ( 'NONE',  ( -1.760000000000002000, 3.560000000000000100, -3.580000000000000100 ) ) ;
#1864 = CIRCLE ( 'NONE', #1288, 0.5000000000000000000 ) ;
#1865 = CARTESIAN_POINT ( 'NONE',  ( 3.121544150186540600, 7.947174943281164700, 3.580000000000000100 ) ) ;
#1866 = LINE ( 'NONE', #2670, #1579 ) ;
#1867 = VECTOR ( 'NONE', #2384, 1000.000000000000000 ) ;
#1868 = ORIENTED_EDGE ( 'NONE', *, *, #1843, .F. ) ;
#1869 = ADVANCED_FACE ( 'NONE', ( #181 ), #1589, .F. ) ;
#1870 = CARTESIAN_POINT ( 'NONE',  ( -3.304999999999998400, 4.068000000000000500, 3.580000000000000100 ) ) ;
#1871 = ORIENTED_EDGE ( 'NONE', *, *, #465, .F. ) ;
#1872 = DIRECTION ( 'NONE',  ( -0.0000000000000000000, -0.0000000000000000000, -1.000000000000000000 ) ) ;
#1873 = LINE ( 'NONE', #929, #2034 ) ;
#1874 =( GEOMETRIC_REPRESENTATION_CONTEXT ( 3 ) GLOBAL_UNCERTAINTY_ASSIGNED_CONTEXT ( ( #1306 ) ) GLOBAL_UNIT_ASSIGNED_CONTEXT ( ( #319, #90, #805 ) ) REPRESENTATION_CONTEXT ( 'NONE', 'WORKASPACE' ) );
#1875 = DIRECTION ( 'NONE',  ( -0.0000000000000000000, -0.0000000000000000000, -1.000000000000000000 ) ) ;
#1876 = LINE ( 'NONE', #306, #374 ) ;
#1877 = PLANE ( 'NONE',  #473 ) ;
#1878 = VERTEX_POINT ( 'NONE', #866 ) ;
#1879 = EDGE_CURVE ( 'NONE', #2259, #1614, #753, .T. ) ;
#1880 = CIRCLE ( 'NONE', #2216, 0.7000000000000000700 ) ;
#1881 = DIRECTION ( 'NONE',  ( -0.0000000000000000000, -0.0000000000000000000, -1.000000000000000000 ) ) ;
#1882 = DIRECTION ( 'NONE',  ( -0.0000000000000000000, -0.0000000000000000000, -1.000000000000000000 ) ) ;
#1883 = EDGE_CURVE ( 'NONE', #1740, #1157, #561, .T. ) ;
#1884 = ORIENTED_EDGE ( 'NONE', *, *, #928, .F. ) ;
#1885 = AXIS2_PLACEMENT_3D ( 'NONE', #2101, #1227, #660 ) ;
#1886 = DIRECTION ( 'NONE',  ( -0.0000000000000000000, 0.0000000000000000000, -1.000000000000000000 ) ) ;
#1887 = VERTEX_POINT ( 'NONE', #2730 ) ;
#1888 = AXIS2_PLACEMENT_3D ( 'NONE', #1467, #1886, #2140 ) ;
#1889 = CARTESIAN_POINT ( 'NONE',  ( 3.305000000000000600, 3.560000000000000100, -3.580000000000000100 ) ) ;
#1890 = CARTESIAN_POINT ( 'NONE',  ( 2.094600074017832100, 8.567969486122841300, -2.829999999999999600 ) ) ;
#1891 = ORIENTED_EDGE ( 'NONE', *, *, #17, .T. ) ;
#1892 = CIRCLE ( 'NONE', #217, 4.307999999999997200 ) ;
#1893 = DIRECTION ( 'NONE',  ( -1.000000000000000000, 0.0000000000000000000, 0.0000000000000000000 ) ) ;
#1894 = DIRECTION ( 'NONE',  ( 0.0000000000000000000, 0.0000000000000000000, 1.000000000000000000 ) ) ;
#1895 = DIRECTION ( 'NONE',  ( -0.9063077870366477200, 0.4226182617407040500, -0.0000000000000000000 ) ) ;
#1896 = FACE_OUTER_BOUND ( 'NONE', #342, .T. ) ;
#1897 = ADVANCED_FACE ( 'NONE', ( #1910 ), #619, .F. ) ;
#1898 = EDGE_CURVE ( 'NONE', #1990, #2272, #409, .T. ) ;
#1899 = CARTESIAN_POINT ( 'NONE',  ( -4.004999999999999000, 4.259999999999999800, 3.580000000000000100 ) ) ;
#1900 = CYLINDRICAL_SURFACE ( 'NONE', #1127, 4.507999999999999100 ) ;
#1901 = CIRCLE ( 'NONE', #433, 3.999999999999998200 ) ;
#1902 = FACE_OUTER_BOUND ( 'NONE', #1192, .T. ) ;
#1903 = FACE_OUTER_BOUND ( 'NONE', #908, .T. ) ;
#1904 = EDGE_LOOP ( 'NONE', ( #1134, #444, #1531, #1950, #2767, #574, #355, #1158, #185, #2761, #2368, #643, #2319, #1083, #2691, #1098 ) ) ;
#1905 = CIRCLE ( 'NONE', #708, 0.4920000000000019900 ) ;
#1906 = ORIENTED_EDGE ( 'NONE', *, *, #2830, .T. ) ;
#1907 = PLANE ( 'NONE',  #786 ) ;
#1908 = AXIS2_PLACEMENT_3D ( 'NONE', #1334, #608, #1783 ) ;
#1909 = EDGE_LOOP ( 'NONE', ( #2923, #2870, #1730, #1004 ) ) ;
#1910 = FACE_OUTER_BOUND ( 'NONE', #2524, .T. ) ;
#1911 = ORIENTED_EDGE ( 'NONE', *, *, #1236, .F. ) ;
#1912 = CARTESIAN_POINT ( 'NONE',  ( 3.939415450925655400, 4.555832783218492400, 3.580000000000000100 ) ) ;
#1913 = DIRECTION ( 'NONE',  ( -0.0000000000000000000, -0.0000000000000000000, -1.000000000000000000 ) ) ;
#1914 = CIRCLE ( 'NONE', #1208, 0.1919999999999994500 ) ;
#1915 = ORIENTED_EDGE ( 'NONE', *, *, #2773, .T. ) ;
#1916 = ADVANCED_FACE ( 'NONE', ( #2851 ), #2491, .F. ) ;
#1917 = CARTESIAN_POINT ( 'NONE',  ( 3.305000000000001500, 4.259999999999999800, 3.580000000000000100 ) ) ;
#1918 = EDGE_CURVE ( 'NONE', #1404, #1346, #106, .T. ) ;
#1919 = ORIENTED_EDGE ( 'NONE', *, *, #2418, .F. ) ;
#1920 = ORIENTED_EDGE ( 'NONE', *, *, #2086, .T. ) ;
#1921 = DIRECTION ( 'NONE',  ( 1.312196275322849800E-016, -1.000000000000000000, -0.0000000000000000000 ) ) ;
#1922 =( NAMED_UNIT ( * ) PLANE_ANGLE_UNIT ( ) SI_UNIT ( $, .RADIAN. ) );
#1923 = ORIENTED_EDGE ( 'NONE', *, *, #146, .F. ) ;
#1924 = EDGE_CURVE ( 'NONE', #650, #3014, #971, .T. ) ;
#1925 = ORIENTED_EDGE ( 'NONE', *, *, #885, .T. ) ;
#1926 = CARTESIAN_POINT ( 'NONE',  ( 2.750000000000001300, 14.40999999999999700, -3.579999999999998700 ) ) ;
#1927 = CARTESIAN_POINT ( 'NONE',  ( 1.759999999999992700, 3.560000000000000500, 2.544261098099307300E-015 ) ) ;
#1928 = AXIS2_PLACEMENT_3D ( 'NONE', #1502, #1048, #2921 ) ;
#1929 = ORIENTED_EDGE ( 'NONE', *, *, #1918, .F. ) ;
#1930 = CIRCLE ( 'NONE', #1389, 0.6999999999999992900 ) ;
#1931 = EDGE_LOOP ( 'NONE', ( #2058, #2981, #989, #2445 ) ) ;
#1932 = ADVANCED_FACE ( 'NONE', ( #2558 ), #3028, .T. ) ;
#1933 = AXIS2_PLACEMENT_3D ( 'NONE', #180, #1587, #2783 ) ;
#1934 = DIRECTION ( 'NONE',  ( 0.0000000000000000000, 0.0000000000000000000, 1.000000000000000000 ) ) ;
#1935 = DIRECTION ( 'NONE',  ( 0.0000000000000000000, 0.0000000000000000000, 1.000000000000000000 ) ) ;
#1936 = VECTOR ( 'NONE', #2980, 1000.000000000000000 ) ;
#1937 = ORIENTED_EDGE ( 'NONE', *, *, #588, .T. ) ;
#1938 = DIRECTION ( 'NONE',  ( 0.0000000000000000000, 0.0000000000000000000, 1.000000000000000000 ) ) ;
#1939 = LINE ( 'NONE', #2934, #1861 ) ;
#1940 = EDGE_CURVE ( 'NONE', #1454, #3061, #1731, .T. ) ;
#1941 = DIRECTION ( 'NONE',  ( -1.000000000000000000, 0.0000000000000000000, 0.0000000000000000000 ) ) ;
#1942 = LINE ( 'NONE', #2175, #2128 ) ;
#1943 = EDGE_CURVE ( 'NONE', #1248, #1711, #1586, .T. ) ;
#1944 = VECTOR ( 'NONE', #452, 1000.000000000000000 ) ;
#1945 = DIRECTION ( 'NONE',  ( 0.0000000000000000000, 0.0000000000000000000, 1.000000000000000000 ) ) ;
#1946 = VECTOR ( 'NONE', #887, 1000.000000000000000 ) ;
#1947 = ORIENTED_EDGE ( 'NONE', *, *, #2671, .T. ) ;
#1948 = ORIENTED_EDGE ( 'NONE', *, *, #1258, .T. ) ;
#1949 = DIRECTION ( 'NONE',  ( 0.0000000000000000000, -1.000000000000000000, -3.423796334164750900E-015 ) ) ;
#1950 = ORIENTED_EDGE ( 'NONE', *, *, #2232, .F. ) ;
#1951 = AXIS2_PLACEMENT_3D ( 'NONE', #665, #2112, #2080 ) ;
#1952 = CARTESIAN_POINT ( 'NONE',  ( 1.759999999999998000, 4.068000000000001400, -3.430000000000001000 ) ) ;
#1953 = DIRECTION ( 'NONE',  ( 0.0000000000000000000, -0.0000000000000000000, 1.000000000000000000 ) ) ;
#1954 = ADVANCED_FACE ( 'NONE', ( #2669 ), #417, .F. ) ;
#1955 = LINE ( 'NONE', #388, #1347 ) ;
#1956 = ORIENTED_EDGE ( 'NONE', *, *, #2304, .T. ) ;
#1957 = LINE ( 'NONE', #544, #1557 ) ;
#1958 = ORIENTED_EDGE ( 'NONE', *, *, #1725, .T. ) ;
#1959 = AXIS2_PLACEMENT_3D ( 'NONE', #2869, #273, #746 ) ;
#1960 = ORIENTED_EDGE ( 'NONE', *, *, #1898, .T. ) ;
#1961 = CARTESIAN_POINT ( 'NONE',  ( -1.818257360651103400, 9.104670987307045500, -2.879999999999999400 ) ) ;
#1962 = DIRECTION ( 'NONE',  ( 0.0000000000000000000, 0.0000000000000000000, 1.000000000000000000 ) ) ;
#1963 = DIRECTION ( 'NONE',  ( -0.0000000000000000000, 1.000000000000000000, -0.0000000000000000000 ) ) ;
#1964 = DIRECTION ( 'NONE',  ( 1.445602896647339700E-015, 0.0000000000000000000, -1.000000000000000000 ) ) ;
#1965 = EDGE_LOOP ( 'NONE', ( #2049, #1301, #1527, #2273 ) ) ;
#1966 = EDGE_CURVE ( 'NONE', #2873, #245, #2217, .T. ) ;
#1967 = EDGE_LOOP ( 'NONE', ( #2728, #104, #2944, #793 ) ) ;
#1968 = ADVANCED_FACE ( 'NONE', ( #715 ), #2563, .T. ) ;
#1969 = DIRECTION ( 'NONE',  ( -1.000000000000000000, 0.0000000000000000000, 0.0000000000000000000 ) ) ;
#1970 = CARTESIAN_POINT ( 'NONE',  ( 0.7599999999999982300, 3.434000000000000600, -3.430000000000003300 ) ) ;
#1971 = CARTESIAN_POINT ( 'NONE',  ( -1.157389500516405900, 10.53381887178813900, -2.829999999999999600 ) ) ;
#1972 = CARTESIAN_POINT ( 'NONE',  ( -5.421010862427522200E-016, 0.7600000000000037800, 4.064000000000009800 ) ) ;
#1973 = DIRECTION ( 'NONE',  ( 0.0000000000000000000, 0.0000000000000000000, 1.000000000000000000 ) ) ;
#1974 = ORIENTED_EDGE ( 'NONE', *, *, #2773, .F. ) ;
#1975 = CARTESIAN_POINT ( 'NONE',  ( 3.939415450925655400, 4.555832783218492400, 3.580000000000000100 ) ) ;
#1976 = AXIS2_PLACEMENT_3D ( 'NONE', #1971, #593, #1315 ) ;
#1977 = VERTEX_POINT ( 'NONE', #2824 ) ;
#1978 = FACE_OUTER_BOUND ( 'NONE', #2082, .T. ) ;
#1979 = DIRECTION ( 'NONE',  ( 0.0000000000000000000, 0.0000000000000000000, 1.000000000000000000 ) ) ;
#1980 = CARTESIAN_POINT ( 'NONE',  ( 1.630067163121008600, 8.306215764040931800, -2.879999999999999400 ) ) ;
#1981 = EDGE_LOOP ( 'NONE', ( #969, #2345, #2462, #712 ) ) ;
#1982 = PLANE ( 'NONE',  #2818 ) ;
#1983 = CARTESIAN_POINT ( 'NONE',  ( -3.479011095111034900, 4.341142706254214700, 3.580000000000000100 ) ) ;
#1984 = DIRECTION ( 'NONE',  ( -0.4226182617407044900, 0.9063077870366477200, 0.0000000000000000000 ) ) ;
#1985 = PLANE ( 'NONE',  #1425 ) ;
#1986 = ADVANCED_FACE ( 'NONE', ( #2520 ), #2543, .F. ) ;
#1987 = EDGE_CURVE ( 'NONE', #1294, #2355, #2407, .T. ) ;
#1988 = LINE ( 'NONE', #2609, #1003 ) ;
#1989 = PLANE ( 'NONE',  #3012 ) ;
#1990 = VERTEX_POINT ( 'NONE', #2806 ) ;
#1991 = ORIENTED_EDGE ( 'NONE', *, *, #857, .F. ) ;
#1992 = EDGE_CURVE ( 'NONE', #2927, #897, #1873, .T. ) ;
#1993 = CARTESIAN_POINT ( 'NONE',  ( 2.090471518935625100, 8.520905841005209400, -2.879999999999999400 ) ) ;
#1994 = CARTESIAN_POINT ( 'NONE',  ( -2.494379161557176400, 13.49750486473248400, 3.580000000000000100 ) ) ;
#1995 = EDGE_LOOP ( 'NONE', ( #2930, #350, #2302, #2572 ) ) ;
#1996 = CIRCLE ( 'NONE', #2777, 0.7600000000000000100 ) ;
#1997 = DIRECTION ( 'NONE',  ( -0.7372773368101284100, -0.6755902076156553600, 4.336808689942018200E-016 ) ) ;
#1998 = CARTESIAN_POINT ( 'NONE',  ( 3.121544150186540600, 7.947174943281164700, -2.829999999999999600 ) ) ;
#1999 = DIRECTION ( 'NONE',  ( -0.4226182617407040500, -0.9063077870366477200, -0.0000000000000000000 ) ) ;
#2000 = LINE ( 'NONE', #1645, #1379 ) ;
#2001 = DIRECTION ( 'NONE',  ( -1.000000000000000000, 0.0000000000000000000, -0.0000000000000000000 ) ) ;
#2002 = CARTESIAN_POINT ( 'NONE',  ( 0.7599999999999994500, 3.560000000000002300, 4.064000000000000100 ) ) ;
#2003 = AXIS2_PLACEMENT_3D ( 'NONE', #2748, #647, #3010 ) ;
#2004 = CARTESIAN_POINT ( 'NONE',  ( -2.529339732929247700, 8.305166462986534300, -2.829999999999999600 ) ) ;
#2005 = CARTESIAN_POINT ( 'NONE',  ( -1.818257360651101700, 9.104670987307045500, -3.580000000000000100 ) ) ;
#2006 = ORIENTED_EDGE ( 'NONE', *, *, #1179, .F. ) ;
#2007 = EDGE_CURVE ( 'NONE', #2516, #2845, #750, .T. ) ;
#2008 = UNCERTAINTY_MEASURE_WITH_UNIT (LENGTH_MEASURE( 1.000000000000000100E-005 ), #2405, 'distance_accuracy_value', 'NONE');
#2009 = EDGE_LOOP ( 'NONE', ( #62, #1292, #2554, #1533 ) ) ;
#2010 = CARTESIAN_POINT ( 'NONE',  ( -0.7600000000000042300, 3.434000000000002400, -4.064000000000000900 ) ) ;
#2011 = CARTESIAN_POINT ( 'NONE',  ( -0.7600000000000003400, 3.560000000000000900, 3.430000000000000600 ) ) ;
#2012 = ORIENTED_EDGE ( 'NONE', *, *, #1099, .F. ) ;
#2013 = EDGE_CURVE ( 'NONE', #3048, #2905, #482, .T. ) ;
#2014 = CARTESIAN_POINT ( 'NONE',  ( -3.304999999999998400, 4.068000000000000500, -3.580000000000000100 ) ) ;
#2015 = ORIENTED_EDGE ( 'NONE', *, *, #756, .F. ) ;
#2016 = ORIENTED_EDGE ( 'NONE', *, *, #469, .T. ) ;
#2017 = DIRECTION ( 'NONE',  ( -1.000000000000000000, 0.0000000000000000000, 0.0000000000000000000 ) ) ;
#2018 = AXIS2_PLACEMENT_3D ( 'NONE', #1375, #122, #677 ) ;
#2019 = FACE_OUTER_BOUND ( 'NONE', #1175, .T. ) ;
#2020 = DIRECTION ( 'NONE',  ( 1.000000000000000000, 1.312196275322849800E-016, -0.0000000000000000000 ) ) ;
#2021 = CARTESIAN_POINT ( 'NONE',  ( 5.443488508797691400, 10.79514403426985900, 3.580000000000000100 ) ) ;
#2022 = VECTOR ( 'NONE', #845, 1000.000000000000000 ) ;
#2023 = AXIS2_PLACEMENT_3D ( 'NONE', #2416, #1934, #766 ) ;
#2024 = CARTESIAN_POINT ( 'NONE',  ( 1.818257360651100800, 9.104670987307045500, -2.879999999999999400 ) ) ;
#2025 = DIRECTION ( 'NONE',  ( -0.0000000000000000000, -0.0000000000000000000, -1.000000000000000000 ) ) ;
#2026 = CIRCLE ( 'NONE', #1228, 0.7600000000000000100 ) ;
#2027 = DIRECTION ( 'NONE',  ( -1.239088197126291500E-015, -1.000000000000000000, -2.478176394252582900E-015 ) ) ;
#2028 = CYLINDRICAL_SURFACE ( 'NONE', #2131, 0.1259999999999998100 ) ;
#2029 = DIRECTION ( 'NONE',  ( 1.000000000000000000, 0.0000000000000000000, 0.0000000000000000000 ) ) ;
#2030 = CIRCLE ( 'NONE', #1377, 0.7600000000000000100 ) ;
#2031 = ORIENTED_EDGE ( 'NONE', *, *, #1943, .F. ) ;
#2032 = DIRECTION ( 'NONE',  ( -0.0000000000000000000, -0.0000000000000000000, -1.000000000000000000 ) ) ;
#2033 = EDGE_CURVE ( 'NONE', #1021, #2927, #1761, .T. ) ;
#2034 = VECTOR ( 'NONE', #3049, 1000.000000000000000 ) ;
#2035 = FACE_OUTER_BOUND ( 'NONE', #1617, .T. ) ;
#2036 = ORIENTED_EDGE ( 'NONE', *, *, #1483, .T. ) ;
#2037 = DIRECTION ( 'NONE',  ( 0.4226182617407040500, 0.9063077870366477200, 0.0000000000000000000 ) ) ;
#2038 = CARTESIAN_POINT ( 'NONE',  ( -1.357853004836484700, 8.889980910342767800, -2.879999999999999400 ) ) ;
#2039 = ORIENTED_EDGE ( 'NONE', *, *, #696, .T. ) ;
#2040 = AXIS2_PLACEMENT_3D ( 'NONE', #553, #819, #799 ) ;
#2041 = DIRECTION ( 'NONE',  ( 0.0000000000000000000, -3.532793595739285800E-015, 1.000000000000000000 ) ) ;
#2042 = CARTESIAN_POINT ( 'NONE',  ( 3.305000000000000600, 3.560000000000000100, 3.580000000000000100 ) ) ;
#2043 = ORIENTED_EDGE ( 'NONE', *, *, #2653, .F. ) ;
#2044 = ORIENTED_EDGE ( 'NONE', *, *, #2232, .T. ) ;
#2045 = DIRECTION ( 'NONE',  ( 1.312196275322849800E-016, -1.000000000000000000, -0.0000000000000000000 ) ) ;
#2046 = ORIENTED_EDGE ( 'NONE', *, *, #1069, .T. ) ;
#2047 = PLANE ( 'NONE',  #1359 ) ;
#2048 = VECTOR ( 'NONE', #1152, 1000.000000000000000 ) ;
#2049 = ORIENTED_EDGE ( 'NONE', *, *, #2636, .F. ) ;
#2050 = PRODUCT ( 'BK-6003', 'BK-6003', '', ( #1504 ) ) ;
#2051 = EDGE_CURVE ( 'NONE', #1649, #1677, #1613, .T. ) ;
#2052 = DIRECTION ( 'NONE',  ( 0.0000000000000000000, 0.0000000000000000000, 1.000000000000000000 ) ) ;
#2053 = CARTESIAN_POINT ( 'NONE',  ( 0.7599999999999977900, 3.508395996109118600E-015, -4.064000000000012500 ) ) ;
#2054 = VERTEX_POINT ( 'NONE', #1151 ) ;
#2055 = VERTEX_POINT ( 'NONE', #449 ) ;
#2056 = EDGE_CURVE ( 'NONE', #2338, #1551, #2959, .T. ) ;
#2057 = VECTOR ( 'NONE', #2580, 1000.000000000000000 ) ;
#2058 = ORIENTED_EDGE ( 'NONE', *, *, #1823, .F. ) ;
#2059 = DIRECTION ( 'NONE',  ( -0.0000000000000000000, 3.532793595739285800E-015, -1.000000000000000000 ) ) ;
#2060 = AXIS2_PLACEMENT_3D ( 'NONE', #1741, #2450, #822 ) ;
#2061 = AXIS2_PLACEMENT_3D ( 'NONE', #85, #2909, #1514 ) ;
#2062 = DIRECTION ( 'NONE',  ( 1.000000000000000000, 0.0000000000000000000, 0.0000000000000000000 ) ) ;
#2063 = VERTEX_POINT ( 'NONE', #2795 ) ;
#2064 = ORIENTED_EDGE ( 'NONE', *, *, #3008, .F. ) ;
#2065 = DIRECTION ( 'NONE',  ( -0.4226182617407044400, 0.9063077870366476100, 0.0000000000000000000 ) ) ;
#2066 = CARTESIAN_POINT ( 'NONE',  ( 0.7599999999999982300, 3.434000000000000600, -3.430000000000003300 ) ) ;
#2067 = DIRECTION ( 'NONE',  ( -1.312196275322849800E-016, 1.000000000000000000, 0.0000000000000000000 ) ) ;
#2068 = FACE_OUTER_BOUND ( 'NONE', #724, .T. ) ;
#2069 = EDGE_CURVE ( 'NONE', #1415, #2694, #1901, .T. ) ;
#2070 = CYLINDRICAL_SURFACE ( 'NONE', #1410, 0.4920000000000019900 ) ;
#2071 = VECTOR ( 'NONE', #2344, 1000.000000000000100 ) ;
#2072 = AXIS2_PLACEMENT_3D ( 'NONE', #2305, #1140, #688 ) ;
#2073 = EDGE_LOOP ( 'NONE', ( #1659, #2607, #2335, #1599 ) ) ;
#2074 = CARTESIAN_POINT ( 'NONE',  ( -2.059984127722458400E-015, 3.508395996109118600E-015, -4.064000000000012500 ) ) ;
#2075 = CARTESIAN_POINT ( 'NONE',  ( 2.194992363465771300, 7.094729762331357200, -2.896836345170925100 ) ) ;
#2076 = ORIENTED_EDGE ( 'NONE', *, *, #928, .T. ) ;
#2077 = ORIENTED_EDGE ( 'NONE', *, *, #1633, .T. ) ;
#2078 = ADVANCED_FACE ( 'NONE', ( #2884 ), #1546, .F. ) ;
#2079 = DIRECTION ( 'NONE',  ( 0.0000000000000000000, 1.000000000000000000, -3.423796334164750900E-015 ) ) ;
#2080 = DIRECTION ( 'NONE',  ( 1.000000000000000000, 0.0000000000000000000, 0.0000000000000000000 ) ) ;
#2081 = DIRECTION ( 'NONE',  ( 0.0000000000000000000, 0.0000000000000000000, -1.000000000000000000 ) ) ;
#2082 = EDGE_LOOP ( 'NONE', ( #820, #182, #221, #1511, #2911 ) ) ;
#2083 = EDGE_CURVE ( 'NONE', #1878, #1404, #587, .T. ) ;
#2084 = CARTESIAN_POINT ( 'NONE',  ( -1.260000000000000500, 3.560000000000000500, 3.430000000000000200 ) ) ;
#2085 = ORIENTED_EDGE ( 'NONE', *, *, #1018, .F. ) ;
#2086 = EDGE_CURVE ( 'NONE', #2873, #2155, #3023, .T. ) ;
#2087 = DIRECTION ( 'NONE',  ( -0.0000000000000000000, -0.0000000000000000000, -1.000000000000000000 ) ) ;
#2088 = FACE_OUTER_BOUND ( 'NONE', #6, .T. ) ;
#2089 = DIRECTION ( 'NONE',  ( 1.000000000000000000, 0.0000000000000000000, -0.0000000000000000000 ) ) ;
#2090 = ORIENTED_EDGE ( 'NONE', *, *, #1199, .F. ) ;
#2091 = AXIS2_PLACEMENT_3D ( 'NONE', #1850, #4, #1641 ) ;
#2092 = LINE ( 'NONE', #2842, #136 ) ;
#2093 = VECTOR ( 'NONE', #2883, 1000.000000000000000 ) ;
#2094 = CARTESIAN_POINT ( 'NONE',  ( -2.857119611267762100, 13.16511448258557900, -2.829999999999999600 ) ) ;
#2095 = DIRECTION ( 'NONE',  ( -0.0000000000000000000, -0.0000000000000000000, -1.000000000000000000 ) ) ;
#2096 = FACE_OUTER_BOUND ( 'NONE', #1799, .T. ) ;
#2097 = ORIENTED_EDGE ( 'NONE', *, *, #885, .F. ) ;
#2098 = CARTESIAN_POINT ( 'NONE',  ( 2.494379161557177300, 7.654723106156595200, 3.580000000000000100 ) ) ;
#2099 = VERTEX_POINT ( 'NONE', #467 ) ;
#2100 = ORIENTED_EDGE ( 'NONE', *, *, #610, .F. ) ;
#2101 = CARTESIAN_POINT ( 'NONE',  ( -2.494379161557180000, 13.49750486473248200, -2.854999999999999500 ) ) ;
#2102 = VECTOR ( 'NONE', #1938, 1000.000000000000000 ) ;
#2103 = CARTESIAN_POINT ( 'NONE',  ( 5.443488508797691400, 10.79514403426985900, -2.879999999999997700 ) ) ;
#2104 = DIRECTION ( 'NONE',  ( -1.000000000000000000, 0.0000000000000000000, 0.0000000000000000000 ) ) ;
#2105 = EDGE_CURVE ( 'NONE', #2429, #321, #1988, .T. ) ;
#2106 = VECTOR ( 'NONE', #2828, 1000.000000000000000 ) ;
#2107 = CARTESIAN_POINT ( 'NONE',  ( -2.857119611267762100, 13.16511448258557900, 3.580000000000000100 ) ) ;
#2108 = ADVANCED_FACE ( 'NONE', ( #2320 ), #2116, .T. ) ;
#2109 = VERTEX_POINT ( 'NONE', #2132 ) ;
#2110 = AXIS2_PLACEMENT_3D ( 'NONE', #1972, #565, #543 ) ;
#2111 = CARTESIAN_POINT ( 'NONE',  ( 1.759999999999997600, 3.560000000000000500, -3.580000000000000100 ) ) ;
#2112 = DIRECTION ( 'NONE',  ( -0.0000000000000000000, -0.0000000000000000000, -1.000000000000000000 ) ) ;
#2113 = VERTEX_POINT ( 'NONE', #1912 ) ;
#2114 = ORIENTED_EDGE ( 'NONE', *, *, #1709, .F. ) ;
#2115 = AXIS2_PLACEMENT_3D ( 'NONE', #2482, #2926, #84 ) ;
#2116 = PLANE ( 'NONE',  #1959 ) ;
#2117 = DIRECTION ( 'NONE',  ( -0.4226182617407044900, 0.9063077870366477200, 0.0000000000000000000 ) ) ;
#2118 = VERTEX_POINT ( 'NONE', #1210 ) ;
#2119 = DIRECTION ( 'NONE',  ( 0.0000000000000000000, 0.0000000000000000000, 1.000000000000000000 ) ) ;
#2120 = ORIENTED_EDGE ( 'NONE', *, *, #1924, .T. ) ;
#2121 = CARTESIAN_POINT ( 'NONE',  ( -3.121544150186540600, 7.947174943281164700, -2.829999999999999600 ) ) ;
#2122 = LINE ( 'NONE', #1089, #2136 ) ;
#2123 = ADVANCED_FACE ( 'NONE', ( #2401 ), #2169, .F. ) ;
#2124 = EDGE_CURVE ( 'NONE', #1415, #1094, #174, .T. ) ;
#2125 = CARTESIAN_POINT ( 'NONE',  ( 3.939415450925655400, 4.555832783218492400, -3.580000000000000100 ) ) ;
#2126 = AXIS2_PLACEMENT_3D ( 'NONE', #2326, #915, #1167 ) ;
#2127 = CARTESIAN_POINT ( 'NONE',  ( 2.642610499483591700, 10.53381887178813900, -2.829999999999999600 ) ) ;
#2128 = VECTOR ( 'NONE', #2659, 1000.000000000000000 ) ;
#2129 = CIRCLE ( 'NONE', #239, 0.1259999999999998100 ) ;
#2130 = ORIENTED_EDGE ( 'NONE', *, *, #1809, .F. ) ;
#2131 = AXIS2_PLACEMENT_3D ( 'NONE', #749, #1701, #1229 ) ;
#2132 = CARTESIAN_POINT ( 'NONE',  ( 2.642610499483591700, 10.53381887178813900, 3.580000000000000100 ) ) ;
#2133 = ORIENTED_EDGE ( 'NONE', *, *, #1918, .T. ) ;
#2134 = CARTESIAN_POINT ( 'NONE',  ( -3.121544150186540600, 7.947174943281164700, 3.580000000000000100 ) ) ;
#2135 = CIRCLE ( 'NONE', #2182, 0.5000000000000000000 ) ;
#2136 = VECTOR ( 'NONE', #1323, 1000.000000000000200 ) ;
#2137 = ORIENTED_EDGE ( 'NONE', *, *, #2309, .T. ) ;
#2138 = DIRECTION ( 'NONE',  ( 0.0000000000000000000, 0.0000000000000000000, 1.000000000000000000 ) ) ;
#2139 = ORIENTED_EDGE ( 'NONE', *, *, #569, .T. ) ;
#2140 = DIRECTION ( 'NONE',  ( -1.000000000000000000, 0.0000000000000000000, 0.0000000000000000000 ) ) ;
#2141 = EDGE_CURVE ( 'NONE', #590, #1614, #99, .T. ) ;
#2142 = EDGE_CURVE ( 'NONE', #2498, #1597, #373, .T. ) ;
#2143 = FACE_OUTER_BOUND ( 'NONE', #2488, .T. ) ;
#2144 = DIRECTION ( 'NONE',  ( 0.0000000000000000000, -3.532793595739285800E-015, 1.000000000000000000 ) ) ;
#2145 = DIRECTION ( 'NONE',  ( -0.0000000000000000000, 0.0000000000000000000, -1.000000000000000000 ) ) ;
#2146 = VECTOR ( 'NONE', #211, 1000.000000000000000 ) ;
#2147 = AXIS2_PLACEMENT_3D ( 'NONE', #2658, #2624, #1487 ) ;
#2148 = ORIENTED_EDGE ( 'NONE', *, *, #2437, .T. ) ;
#2149 = DIRECTION ( 'NONE',  ( -0.0000000000000000000, -0.0000000000000000000, -1.000000000000000000 ) ) ;
#2150 = ORIENTED_EDGE ( 'NONE', *, *, #2352, .T. ) ;
#2151 = ADVANCED_FACE ( 'NONE', ( #1756 ), #3062, .F. ) ;
#2152 = AXIS2_PLACEMENT_3D ( 'NONE', #394, #2539, #183 ) ;
#2153 = PLANE ( 'NONE',  #539 ) ;
#2154 = CARTESIAN_POINT ( 'NONE',  ( -1.157389500516405900, 10.53381887178813900, -2.829999999999999600 ) ) ;
#2155 = VERTEX_POINT ( 'NONE', #2361 ) ;
#2156 = FACE_OUTER_BOUND ( 'NONE', #1663, .T. ) ;
#2157 = DIRECTION ( 'NONE',  ( -1.000000000000000000, 0.0000000000000000000, 0.0000000000000000000 ) ) ;
#2158 = ORIENTED_EDGE ( 'NONE', *, *, #43, .T. ) ;
#2159 = EDGE_CURVE ( 'NONE', #88, #2218, #2545, .T. ) ;
#2160 = DIRECTION ( 'NONE',  ( 1.000000000000000000, 0.0000000000000000000, 0.0000000000000000000 ) ) ;
#2161 = EDGE_CURVE ( 'NONE', #1851, #2627, #1153, .T. ) ;
#2162 = VECTOR ( 'NONE', #1040, 1000.000000000000000 ) ;
#2163 = CARTESIAN_POINT ( 'NONE',  ( 0.9354885087976931900, 10.79514403426985900, -3.579999999999998700 ) ) ;
#2164 = DIRECTION ( 'NONE',  ( 0.0000000000000000000, 0.0000000000000000000, 1.000000000000000000 ) ) ;
#2165 = DIRECTION ( 'NONE',  ( 1.000000000000000000, 0.0000000000000000000, 0.0000000000000000000 ) ) ;
#2166 = FACE_OUTER_BOUND ( 'NONE', #564, .T. ) ;
#2167 = CIRCLE ( 'NONE', #1826, 1.200000000000003500 ) ;
#2168 = VERTEX_POINT ( 'NONE', #1889 ) ;
#2169 = CYLINDRICAL_SURFACE ( 'NONE', #1029, 0.1919999999999998900 ) ;
#2170 = AXIS2_PLACEMENT_3D ( 'NONE', #3035, #431, #1409 ) ;
#2171 = CARTESIAN_POINT ( 'NONE',  ( 0.7599999999999982300, 4.068000000000003200, -3.430000000000003300 ) ) ;
#2172 = CARTESIAN_POINT ( 'NONE',  ( -5.421010862427522200E-016, 0.7600000000000020100, 3.556000000000010300 ) ) ;
#2173 = ADVANCED_FACE ( 'NONE', ( #2622 ), #479, .T. ) ;
#2174 = VECTOR ( 'NONE', #1397, 1000.000000000000100 ) ;
#2175 = CARTESIAN_POINT ( 'NONE',  ( -2.119842274457633700, 13.84070469020123400, 3.580000000000000100 ) ) ;
#2176 = AXIS2_PLACEMENT_3D ( 'NONE', #112, #330, #1505 ) ;
#2177 = ORIENTED_EDGE ( 'NONE', *, *, #2969, .T. ) ;
#2178 = VECTOR ( 'NONE', #825, 1000.000000000000000 ) ;
#2179 = DIRECTION ( 'NONE',  ( -0.0000000000000000000, -0.0000000000000000000, -1.000000000000000000 ) ) ;
#2180 = DIRECTION ( 'NONE',  ( 1.000000000000000000, 0.0000000000000000000, 0.0000000000000000000 ) ) ;
#2181 = CYLINDRICAL_SURFACE ( 'NONE', #515, 0.4999999999999997800 ) ;
#2182 = AXIS2_PLACEMENT_3D ( 'NONE', #2451, #1963, #1024 ) ;
#2183 = DIRECTION ( 'NONE',  ( -1.000000000000000000, 0.0000000000000000000, 0.0000000000000000000 ) ) ;
#2184 = DIRECTION ( 'NONE',  ( 0.0000000000000000000, 1.000000000000000000, -3.423796334164750900E-015 ) ) ;
#2185 = EDGE_CURVE ( 'NONE', #1536, #1742, #921, .T. ) ;
#2186 = CIRCLE ( 'NONE', #1951, 0.6920000000000033900 ) ;
#2187 = ADVANCED_FACE ( 'NONE', ( #510 ), #1039, .T. ) ;
#2188 = ORIENTED_EDGE ( 'NONE', *, *, #1058, .T. ) ;
#2189 = VERTEX_POINT ( 'NONE', #49 ) ;
#2190 = EDGE_CURVE ( 'NONE', #897, #762, #435, .T. ) ;
#2191 = CARTESIAN_POINT ( 'NONE',  ( -2.276824562219559300E-015, 0.7600000000000035600, -4.064000000000010700 ) ) ;
#2192 = FACE_OUTER_BOUND ( 'NONE', #356, .T. ) ;
#2193 = EDGE_LOOP ( 'NONE', ( #802, #1180, #844, #2839 ) ) ;
#2194 = CARTESIAN_POINT ( 'NONE',  ( 0.7599999999999982300, 3.434000000000000600, -3.430000000000003300 ) ) ;
#2195 = CARTESIAN_POINT ( 'NONE',  ( 0.0000000000000000000, 1.211748203338579800E-014, -3.556000000000012900 ) ) ;
#2196 = VERTEX_POINT ( 'NONE', #2403 ) ;
#2197 = AXIS2_PLACEMENT_3D ( 'NONE', #1608, #676, #202 ) ;
#2198 = ORIENTED_EDGE ( 'NONE', *, *, #1338, .T. ) ;
#2199 = VECTOR ( 'NONE', #1747, 1000.000000000000000 ) ;
#2200 = ORIENTED_EDGE ( 'NONE', *, *, #1712, .T. ) ;
#2201 = DIRECTION ( 'NONE',  ( -0.4226182617407040500, -0.9063077870366477200, 0.0000000000000000000 ) ) ;
#2202 = VECTOR ( 'NONE', #2753, 1000.000000000000000 ) ;
#2203 = DIRECTION ( 'NONE',  ( -0.8363560649550354500, 0.5481865855828000900, -0.0000000000000000000 ) ) ;
#2204 = DIRECTION ( 'NONE',  ( 0.4226182617407044400, -0.9063077870366476100, 0.0000000000000000000 ) ) ;
#2205 = DIRECTION ( 'NONE',  ( 0.7372773368101280800, -0.6755902076156556900, 4.336808689942014300E-016 ) ) ;
#2206 = PLANE ( 'NONE',  #1266 ) ;
#2207 = ADVANCED_FACE ( 'NONE', ( #2808 ), #327, .F. ) ;
#2208 = EDGE_CURVE ( 'NONE', #1740, #2429, #1308, .T. ) ;
#2209 = EDGE_CURVE ( 'NONE', #1294, #1660, #1682, .T. ) ;
#2210 = FACE_OUTER_BOUND ( 'NONE', #2009, .T. ) ;
#2211 = VECTOR ( 'NONE', #1872, 1000.000000000000000 ) ;
#2212 = DIRECTION ( 'NONE',  ( 1.000000000000000000, -0.0000000000000000000, -3.441911658684146100E-015 ) ) ;
#2213 = DIRECTION ( 'NONE',  ( 0.0000000000000000000, 0.0000000000000000000, 1.000000000000000000 ) ) ;
#2214 = ORIENTED_EDGE ( 'NONE', *, *, #2526, .F. ) ;
#2215 = VERTEX_POINT ( 'NONE', #995 ) ;
#2216 = AXIS2_PLACEMENT_3D ( 'NONE', #849, #1328, #2972 ) ;
#2217 = LINE ( 'NONE', #3013, #1047 ) ;
#2218 = VERTEX_POINT ( 'NONE', #1501 ) ;
#2219 = LINE ( 'NONE', #2237, #1481 ) ;
#2220 = VERTEX_POINT ( 'NONE', #294 ) ;
#2221 = AXIS2_PLACEMENT_3D ( 'NONE', #883, #870, #405 ) ;
#2222 = ORIENTED_EDGE ( 'NONE', *, *, #1457, .F. ) ;
#2223 = ADVANCED_FACE ( 'NONE', ( #265 ), #2153, .T. ) ;
#2224 = VERTEX_POINT ( 'NONE', #1458 ) ;
#2225 = DIRECTION ( 'NONE',  ( -0.9063077870366477200, 0.4226182617407040500, -0.0000000000000000000 ) ) ;
#2226 = DIRECTION ( 'NONE',  ( -1.000000000000000000, -0.0000000000000000000, -0.0000000000000000000 ) ) ;
#2227 = CARTESIAN_POINT ( 'NONE',  ( -1.857119611267759900, 13.16511448258557900, -2.829999999999999600 ) ) ;
#2228 = CARTESIAN_POINT ( 'NONE',  ( 0.0000000000000000000, 0.0000000000000000000, 0.0000000000000000000 ) ) ;
#2229 = CARTESIAN_POINT ( 'NONE',  ( 3.939415450925655400, 4.555832783218492400, 3.580000000000000100 ) ) ;
#2230 = CARTESIAN_POINT ( 'NONE',  ( -4.980796639776084300, 2.322583616840302700, -2.879999999999999400 ) ) ;
#2231 = VERTEX_POINT ( 'NONE', #36 ) ;
#2232 = EDGE_CURVE ( 'NONE', #1638, #839, #1830, .T. ) ;
#2233 = ORIENTED_EDGE ( 'NONE', *, *, #524, .F. ) ;
#2234 = CARTESIAN_POINT ( 'NONE',  ( -0.7600000000000003400, 0.7600000000000035600, 4.064000000000010700 ) ) ;
#2235 = VECTOR ( 'NONE', #2778, 999.9999999999998900 ) ;
#2236 = ORIENTED_EDGE ( 'NONE', *, *, #696, .F. ) ;
#2237 = CARTESIAN_POINT ( 'NONE',  ( 0.7599999999999996800, 3.560000000000000500, 3.430000000000000600 ) ) ;
#2238 = ORIENTED_EDGE ( 'NONE', *, *, #1570, .T. ) ;
#2239 = ADVANCED_FACE ( 'NONE', ( #1232 ), #757, .F. ) ;
#2240 = AXIS2_PLACEMENT_3D ( 'NONE', #1166, #1393, #1620 ) ;
#2241 = LINE ( 'NONE', #3046, #165 ) ;
#2242 = EDGE_LOOP ( 'NONE', ( #1256, #1416, #1643, #1388, #462, #2779 ) ) ;
#2243 = CYLINDRICAL_SURFACE ( 'NONE', #1370, 0.4920000000000019900 ) ;
#2244 = AXIS2_PLACEMENT_3D ( 'NONE', #814, #1124, #720 ) ;
#2245 = LINE ( 'NONE', #788, #2991 ) ;
#2246 = ORIENTED_EDGE ( 'NONE', *, *, #1987, .T. ) ;
#2247 = CARTESIAN_POINT ( 'NONE',  ( -2.033974805742562200, 7.440033029192318500, -2.879999999999999400 ) ) ;
#2248 = VECTOR ( 'NONE', #500, 1000.000000000000000 ) ;
#2249 = EDGE_CURVE ( 'NONE', #2927, #1443, #1905, .T. ) ;
#2250 = FACE_OUTER_BOUND ( 'NONE', #1619, .T. ) ;
#2251 = VECTOR ( 'NONE', #2882, 1000.000000000000000 ) ;
#2252 = CARTESIAN_POINT ( 'NONE',  ( -0.7600000000000003400, 3.508395996109118600E-015, 4.064000000000012500 ) ) ;
#2253 = VECTOR ( 'NONE', #119, 1000.000000000000000 ) ;
#2254 = DIRECTION ( 'NONE',  ( 0.0000000000000000000, 0.0000000000000000000, 1.000000000000000000 ) ) ;
#2255 = EDGE_LOOP ( 'NONE', ( #2756, #1525, #406, #3071 ) ) ;
#2256 = ORIENTED_EDGE ( 'NONE', *, *, #2347, .T. ) ;
#2257 = EDGE_CURVE ( 'NONE', #2557, #2054, #1876, .T. ) ;
#2258 = CARTESIAN_POINT ( 'NONE',  ( 2.494379161557166200, 13.49750486473246600, -2.879999999999999400 ) ) ;
#2259 = VERTEX_POINT ( 'NONE', #1032 ) ;
#2260 = VECTOR ( 'NONE', #1964, 1000.000000000000000 ) ;
#2261 = CARTESIAN_POINT ( 'NONE',  ( 1.443488508797693000, 10.79514403426985900, 3.580000000000000100 ) ) ;
#2262 = AXIS2_PLACEMENT_3D ( 'NONE', #2915, #1719, #97 ) ;
#2263 = CARTESIAN_POINT ( 'NONE',  ( -1.760000000000002000, 3.560000000000000500, -3.429999999999999300 ) ) ;
#2264 = FACE_OUTER_BOUND ( 'NONE', #103, .T. ) ;
#2265 = ORIENTED_EDGE ( 'NONE', *, *, #2608, .F. ) ;
#2266 = LINE ( 'NONE', #1046, #1594 ) ;
#2267 = DIRECTION ( 'NONE',  ( 1.000000000000000000, 0.0000000000000000000, 0.0000000000000000000 ) ) ;
#2268 = CARTESIAN_POINT ( 'NONE',  ( -1.157389500516405900, 10.53381887178813900, -2.829999999999999600 ) ) ;
#2269 = EDGE_LOOP ( 'NONE', ( #352, #863, #1138, #1738 ) ) ;
#2270 = ORIENTED_EDGE ( 'NONE', *, *, #1159, .T. ) ;
#2271 = EDGE_CURVE ( 'NONE', #1598, #1977, #1265, .T. ) ;
#2272 = VERTEX_POINT ( 'NONE', #1493 ) ;
#2273 = ORIENTED_EDGE ( 'NONE', *, *, #2751, .F. ) ;
#2274 = EDGE_CURVE ( 'NONE', #650, #621, #629, .T. ) ;
#2275 = DIRECTION ( 'NONE',  ( 0.0000000000000000000, 0.0000000000000000000, 1.000000000000000000 ) ) ;
#2276 = DIRECTION ( 'NONE',  ( 0.0000000000000000000, 0.0000000000000000000, 1.000000000000000000 ) ) ;
#2277 = ORIENTED_EDGE ( 'NONE', *, *, #1820, .T. ) ;
#2278 = CARTESIAN_POINT ( 'NONE',  ( 4.980796639776084300, 2.322583616840305800, -2.879999999999999400 ) ) ;
#2279 = FACE_OUTER_BOUND ( 'NONE', #499, .T. ) ;
#2280 = VECTOR ( 'NONE', #2874, 1000.000000000000000 ) ;
#2281 = CARTESIAN_POINT ( 'NONE',  ( 5.443488508797691400, 10.79514403426985900, 3.580000000000000100 ) ) ;
#2282 = VERTEX_POINT ( 'NONE', #2163 ) ;
#2283 = DIRECTION ( 'NONE',  ( -1.312196275322849800E-016, 1.000000000000000000, 0.0000000000000000000 ) ) ;
#2284 = DIRECTION ( 'NONE',  ( 0.0000000000000000000, 0.0000000000000000000, -1.000000000000000000 ) ) ;
#2285 = CIRCLE ( 'NONE', #204, 4.307999999999997200 ) ;
#2286 = LINE ( 'NONE', #2726, #623 ) ;
#2287 = ORIENTED_EDGE ( 'NONE', *, *, #231, .F. ) ;
#2288 = CARTESIAN_POINT ( 'NONE',  ( 1.157389500516405900, 10.53381887178813900, -2.829999999999999600 ) ) ;
#2289 = EDGE_LOOP ( 'NONE', ( #875, #2976, #1923, #2006, #763, #2293, #463, #1470, #2527, #1107 ) ) ;
#2290 = DIRECTION ( 'NONE',  ( -1.000000000000000000, 0.0000000000000000000, 0.0000000000000000000 ) ) ;
#2291 = EDGE_CURVE ( 'NONE', #872, #1635, #138, .T. ) ;
#2292 = ORIENTED_EDGE ( 'NONE', *, *, #2185, .F. ) ;
#2293 = ORIENTED_EDGE ( 'NONE', *, *, #933, .F. ) ;
#2294 = ORIENTED_EDGE ( 'NONE', *, *, #2209, .T. ) ;
#2295 = VECTOR ( 'NONE', #813, 1000.000000000000000 ) ;
#2296 = CARTESIAN_POINT ( 'NONE',  ( 1.259999999999997800, 3.560000000000000500, -3.430000000000001000 ) ) ;
#2297 = ORIENTED_EDGE ( 'NONE', *, *, #853, .T. ) ;
#2298 = DIRECTION ( 'NONE',  ( 0.0000000000000000000, 0.0000000000000000000, 1.000000000000000000 ) ) ;
#2299 = DIRECTION ( 'NONE',  ( -0.5974907960953178600, -0.8018757687955057100, -0.0000000000000000000 ) ) ;
#2300 = DIRECTION ( 'NONE',  ( 1.000000000000000000, 1.312196275322849800E-016, 0.0000000000000000000 ) ) ;
#2301 = ORIENTED_EDGE ( 'NONE', *, *, #1898, .F. ) ;
#2302 = ORIENTED_EDGE ( 'NONE', *, *, #3037, .F. ) ;
#2303 = VERTEX_POINT ( 'NONE', #384 ) ;
#2304 = EDGE_CURVE ( 'NONE', #1201, #436, #858, .T. ) ;
#2305 = CARTESIAN_POINT ( 'NONE',  ( -2.857119611267762100, 13.16511448258557900, -2.829999999999999600 ) ) ;
#2306 = DIRECTION ( 'NONE',  ( 0.0000000000000000000, 0.0000000000000000000, 1.000000000000000000 ) ) ;
#2307 = ORIENTED_EDGE ( 'NONE', *, *, #573, .F. ) ;
#2308 = ORIENTED_EDGE ( 'NONE', *, *, #719, .T. ) ;
#2309 = EDGE_CURVE ( 'NONE', #2383, #2231, #782, .T. ) ;
#2310 = PLANE ( 'NONE',  #266 ) ;
#2311 = CARTESIAN_POINT ( 'NONE',  ( -5.421010862427522200E-016, 0.7600000000000037800, 4.064000000000010700 ) ) ;
#2312 = AXIS2_PLACEMENT_3D ( 'NONE', #285, #2144, #1254 ) ;
#2313 = VECTOR ( 'NONE', #343, 1000.000000000000000 ) ;
#2314 = DIRECTION ( 'NONE',  ( 0.9063077870366476100, 0.4226182617407044400, -0.0000000000000000000 ) ) ;
#2315 = CARTESIAN_POINT ( 'NONE',  ( -3.121544150186540600, 7.947174943281164700, -2.829999999999999600 ) ) ;
#2316 = CARTESIAN_POINT ( 'NONE',  ( -1.818257360651101700, 9.104670987307045500, 3.580000000000000100 ) ) ;
#2317 = DIRECTION ( 'NONE',  ( -1.000000000000000000, 0.0000000000000000000, 0.0000000000000000000 ) ) ;
#2318 = LINE ( 'NONE', #1085, #2541 ) ;
#2319 = ORIENTED_EDGE ( 'NONE', *, *, #992, .F. ) ;
#2320 = FACE_OUTER_BOUND ( 'NONE', #531, .T. ) ;
#2321 = CIRCLE ( 'NONE', #1471, 0.6340000000000025600 ) ;
#2322 = EDGE_CURVE ( 'NONE', #1649, #2641, #1797, .T. ) ;
#2323 = CYLINDRICAL_SURFACE ( 'NONE', #618, 0.4999999999999997800 ) ;
#2324 = ORIENTED_EDGE ( 'NONE', *, *, #1118, .F. ) ;
#2325 = CARTESIAN_POINT ( 'NONE',  ( 2.090471518935625100, 8.520905841005209400, -2.879999999999999400 ) ) ;
#2326 = CARTESIAN_POINT ( 'NONE',  ( 3.305000000000001500, 4.259999999999999800, -3.580000000000000100 ) ) ;
#2327 = ORIENTED_EDGE ( 'NONE', *, *, #2190, .T. ) ;
#2328 = CARTESIAN_POINT ( 'NONE',  ( -1.260000000000002200, 3.560000000000000500, -3.429999999999999300 ) ) ;
#2329 = CARTESIAN_POINT ( 'NONE',  ( -1.157389500516405900, 10.53381887178813900, -2.763163654829074600 ) ) ;
#2330 = CYLINDRICAL_SURFACE ( 'NONE', #115, 0.6920000000000033900 ) ;
#2331 = EDGE_CURVE ( 'NONE', #393, #1454, #1758, .T. ) ;
#2332 = CIRCLE ( 'NONE', #2312, 0.7600000000000000100 ) ;
#2333 = ORIENTED_EDGE ( 'NONE', *, *, #2007, .F. ) ;
#2334 = CARTESIAN_POINT ( 'NONE',  ( 2.742620611032910500, 8.703850257354254400, -2.829999999999999600 ) ) ;
#2335 = ORIENTED_EDGE ( 'NONE', *, *, #2208, .T. ) ;
#2336 = DIRECTION ( 'NONE',  ( -0.0000000000000000000, -0.0000000000000000000, -1.000000000000000000 ) ) ;
#2337 = CARTESIAN_POINT ( 'NONE',  ( -1.760000000000002000, 4.068000000000000500, -3.580000000000000100 ) ) ;
#2338 = VERTEX_POINT ( 'NONE', #810 ) ;
#2339 = DIRECTION ( 'NONE',  ( 1.000000000000000000, 0.0000000000000000000, 0.0000000000000000000 ) ) ;
#2340 = AXIS2_PLACEMENT_3D ( 'NONE', #2228, #1041, #812 ) ;
#2341 = ORIENTED_EDGE ( 'NONE', *, *, #1405, .F. ) ;
#2342 = ORIENTED_EDGE ( 'NONE', *, *, #1401, .F. ) ;
#2343 = CARTESIAN_POINT ( 'NONE',  ( -3.304999999999998800, 4.259999999999999800, 3.580000000000000100 ) ) ;
#2344 = DIRECTION ( 'NONE',  ( 0.9063077870366476100, 0.4226182617407044400, -0.0000000000000000000 ) ) ;
#2345 = ORIENTED_EDGE ( 'NONE', *, *, #2141, .T. ) ;
#2346 = ADVANCED_FACE ( 'NONE', ( #2402 ), #3064, .T. ) ;
#2347 = EDGE_CURVE ( 'NONE', #1977, #2189, #1119, .T. ) ;
#2348 = DIRECTION ( 'NONE',  ( -1.000000000000000000, 0.0000000000000000000, 0.0000000000000000000 ) ) ;
#2349 = DIRECTION ( 'NONE',  ( 1.312196275322849800E-016, -1.000000000000000000, -0.0000000000000000000 ) ) ;
#2350 = DIRECTION ( 'NONE',  ( -0.0000000000000000000, -1.000000000000000000, 3.532793595739285800E-015 ) ) ;
#2351 = ORIENTED_EDGE ( 'NONE', *, *, #2689, .F. ) ;
#2352 = EDGE_CURVE ( 'NONE', #3061, #808, #1156, .T. ) ;
#2353 = LINE ( 'NONE', #2729, #2838 ) ;
#2354 = CARTESIAN_POINT ( 'NONE',  ( 1.157389500516405900, 10.53381887178813900, 3.580000000000000100 ) ) ;
#2355 = VERTEX_POINT ( 'NONE', #1993 ) ;
#2356 = CARTESIAN_POINT ( 'NONE',  ( -0.7600000000000003400, 0.7600000000000017900, 3.556000000000010300 ) ) ;
#2357 = VECTOR ( 'NONE', #2769, 1000.000000000000100 ) ;
#2358 = CARTESIAN_POINT ( 'NONE',  ( 2.742620611032910100, 8.703850257354254400, -2.763163654829074600 ) ) ;
#2359 = VERTEX_POINT ( 'NONE', #2004 ) ;
#2360 = VECTOR ( 'NONE', #1065, 1000.000000000000000 ) ;
#2361 = CARTESIAN_POINT ( 'NONE',  ( -1.760000000000000200, 4.068000000000000500, 3.580000000000000100 ) ) ;
#2362 = DIRECTION ( 'NONE',  ( -1.000000000000000000, -0.0000000000000000000, -0.0000000000000000000 ) ) ;
#2363 = VECTOR ( 'NONE', #2458, 1000.000000000000000 ) ;
#2364 = CYLINDRICAL_SURFACE ( 'NONE', #302, 0.4999999999999997800 ) ;
#2365 = EDGE_LOOP ( 'NONE', ( #1329, #1776, #2790, #2222 ) ) ;
#2366 = ORIENTED_EDGE ( 'NONE', *, *, #794, .T. ) ;
#2367 = DIRECTION ( 'NONE',  ( 1.000000000000000000, 1.445602896647335600E-015, 0.0000000000000000000 ) ) ;
#2368 = ORIENTED_EDGE ( 'NONE', *, *, #1629, .T. ) ;
#2369 = CARTESIAN_POINT ( 'NONE',  ( -0.7600000000000024500, 4.068000000000000500, -3.430000000000000200 ) ) ;
#2370 = EDGE_CURVE ( 'NONE', #1614, #1757, #1403, .T. ) ;
#2371 = ORIENTED_EDGE ( 'NONE', *, *, #504, .F. ) ;
#2372 = VECTOR ( 'NONE', #2937, 1000.000000000000000 ) ;
#2373 = ORIENTED_EDGE ( 'NONE', *, *, #2705, .T. ) ;
#2374 = DIRECTION ( 'NONE',  ( 1.000000000000000000, 1.312196275322849800E-016, -0.0000000000000000000 ) ) ;
#2375 = CARTESIAN_POINT ( 'NONE',  ( -5.443488508797694100, 10.79514403426986000, 3.580000000000000100 ) ) ;
#2376 = EDGE_CURVE ( 'NONE', #2272, #839, #2662, .T. ) ;
#2377 = CARTESIAN_POINT ( 'NONE',  ( -1.157389500516405900, 10.53381887178813900, 3.580000000000000100 ) ) ;
#2378 = DIRECTION ( 'NONE',  ( -0.0000000000000000000, 3.491481338843133700E-015, 1.000000000000000000 ) ) ;
#2379 = LINE ( 'NONE', #2567, #111 ) ;
#2380 = AXIS2_PLACEMENT_3D ( 'NONE', #2439, #2697, #584 ) ;
#2381 = DIRECTION ( 'NONE',  ( -0.0000000000000000000, 0.0000000000000000000, -1.000000000000000000 ) ) ;
#2382 = DIRECTION ( 'NONE',  ( 1.000000000000000000, 0.0000000000000000000, 0.0000000000000000000 ) ) ;
#2383 = VERTEX_POINT ( 'NONE', #1300 ) ;
#2384 = DIRECTION ( 'NONE',  ( 0.0000000000000000000, 0.0000000000000000000, 1.000000000000000000 ) ) ;
#2385 = ORIENTED_EDGE ( 'NONE', *, *, #2973, .F. ) ;
#2386 = ORIENTED_EDGE ( 'NONE', *, *, #3037, .T. ) ;
#2387 = DIRECTION ( 'NONE',  ( -0.0000000000000000000, 0.0000000000000000000, -1.000000000000000000 ) ) ;
#2388 = EDGE_CURVE ( 'NONE', #631, #88, #2030, .T. ) ;
#2389 = ORIENTED_EDGE ( 'NONE', *, *, #126, .F. ) ;
#2390 = FACE_OUTER_BOUND ( 'NONE', #850, .T. ) ;
#2391 = EDGE_CURVE ( 'NONE', #2189, #1742, #513, .T. ) ;
#2392 = DIRECTION ( 'NONE',  ( -1.000000000000000000, 0.0000000000000000000, 0.0000000000000000000 ) ) ;
#2393 = CARTESIAN_POINT ( 'NONE',  ( 3.305000000000001000, 4.068000000000001400, 3.580000000000000100 ) ) ;
#2394 = CIRCLE ( 'NONE', #1733, 4.000000000000000900 ) ;
#2395 = CARTESIAN_POINT ( 'NONE',  ( 3.305000000000001500, 4.259999999999999800, 3.580000000000000100 ) ) ;
#2396 = DIRECTION ( 'NONE',  ( 0.0000000000000000000, -3.532793595739285800E-015, -1.000000000000000000 ) ) ;
#2397 = ADVANCED_FACE ( 'NONE', ( #476 ), #403, .T. ) ;
#2398 = VERTEX_POINT ( 'NONE', #3003 ) ;
#2399 = LINE ( 'NONE', #42, #741 ) ;
#2400 = LINE ( 'NONE', #297, #1150 ) ;
#2401 = FACE_OUTER_BOUND ( 'NONE', #2480, .T. ) ;
#2402 = FACE_OUTER_BOUND ( 'NONE', #1995, .T. ) ;
#2403 = CARTESIAN_POINT ( 'NONE',  ( -2.494379161557178600, 7.654723106156596100, 3.580000000000000100 ) ) ;
#2404 = ORIENTED_EDGE ( 'NONE', *, *, #381, .F. ) ;
#2405 =( LENGTH_UNIT ( ) NAMED_UNIT ( * ) SI_UNIT ( .MILLI., .METRE. ) );
#2406 = VECTOR ( 'NONE', #1723, 1000.000000000000000 ) ;
#2407 = LINE ( 'NONE', #2325, #1440 ) ;
#2408 = MECHANICAL_DESIGN_GEOMETRIC_PRESENTATION_REPRESENTATION (  '', ( #2724 ), #1874 ) ;
#2409 = VECTOR ( 'NONE', #2205, 1000.000000000000100 ) ;
#2410 = EDGE_LOOP ( 'NONE', ( #3009, #2301, #144, #477 ) ) ;
#2411 = DIRECTION ( 'NONE',  ( 0.8557867301405880400, -0.5173287857013955100, -0.0000000000000000000 ) ) ;
#2412 = VECTOR ( 'NONE', #2834, 1000.000000000000000 ) ;
#2413 = EDGE_CURVE ( 'NONE', #1677, #1220, #549, .T. ) ;
#2414 = ADVANCED_FACE ( 'NONE', ( #1902 ), #2590, .F. ) ;
#2415 = LINE ( 'NONE', #937, #1736 ) ;
#2416 = CARTESIAN_POINT ( 'NONE',  ( -5.443488508797694100, 10.79514403426986000, 3.580000000000000100 ) ) ;
#2417 = DIRECTION ( 'NONE',  ( 1.000000000000000000, 0.0000000000000000000, 0.0000000000000000000 ) ) ;
#2418 = EDGE_CURVE ( 'NONE', #2338, #1186, #2443, .T. ) ;
#2419 = ORIENTED_EDGE ( 'NONE', *, *, #48, .T. ) ;
#2420 = FILL_AREA_STYLE_COLOUR ( '', #2924 ) ;
#2421 = DIRECTION ( 'NONE',  ( 0.8363560649550352300, 0.5481865855828004200, 0.0000000000000000000 ) ) ;
#2422 = CARTESIAN_POINT ( 'NONE',  ( -3.304999999999998800, 4.259999999999999800, -3.580000000000000100 ) ) ;
#2423 = ORIENTED_EDGE ( 'NONE', *, *, #2322, .T. ) ;
#2424 = ORIENTED_EDGE ( 'NONE', *, *, #899, .T. ) ;
#2425 = ORIENTED_EDGE ( 'NONE', *, *, #1499, .F. ) ;
#2426 = AXIS2_PLACEMENT_3D ( 'NONE', #331, #1953, #1745 ) ;
#2427 = CARTESIAN_POINT ( 'NONE',  ( -2.857119611267762100, 13.16511448258557900, 3.580000000000000100 ) ) ;
#2428 = CARTESIAN_POINT ( 'NONE',  ( 0.7599999999999994500, 0.7600000000000020100, 3.556000000000010300 ) ) ;
#2429 = VERTEX_POINT ( 'NONE', #1355 ) ;
#2430 = PLANE ( 'NONE',  #1815 ) ;
#2431 = CARTESIAN_POINT ( 'NONE',  ( -9.786351188487578500E-016, 3.560000000000000500, 3.430000000000000600 ) ) ;
#2432 = PLANE ( 'NONE',  #2426 ) ;
#2433 = ADVANCED_FACE ( 'NONE', ( #1310 ), #2961, .T. ) ;
#2434 = EDGE_CURVE ( 'NONE', #557, #1177, #1685, .T. ) ;
#2435 = LINE ( 'NONE', #1117, #1109 ) ;
#2436 = FACE_OUTER_BOUND ( 'NONE', #2508, .T. ) ;
#2437 = EDGE_CURVE ( 'NONE', #1201, #2168, #1044, .T. ) ;
#2438 = DIRECTION ( 'NONE',  ( 0.0000000000000000000, -1.000000000000000000, 0.0000000000000000000 ) ) ;
#2439 = CARTESIAN_POINT ( 'NONE',  ( -1.260000000000002200, 4.068000000000000500, -3.429999999999999300 ) ) ;
#2440 = AXIS2_PLACEMENT_3D ( 'NONE', #1865, #1174, #2089 ) ;
#2441 = CARTESIAN_POINT ( 'NONE',  ( 2.742620611032910100, 8.703850257354254400, -2.763163654829074600 ) ) ;
#2442 = DIRECTION ( 'NONE',  ( 1.000000000000000000, 0.0000000000000000000, 0.0000000000000000000 ) ) ;
#2443 = LINE ( 'NONE', #1561, #2920 ) ;
#2444 = EDGE_LOOP ( 'NONE', ( #823, #1233, #2890, #980 ) ) ;
#2445 = ORIENTED_EDGE ( 'NONE', *, *, #1401, .T. ) ;
#2446 = DIRECTION ( 'NONE',  ( 1.000000000000000000, 1.826024711554534800E-015, 0.0000000000000000000 ) ) ;
#2447 = DIRECTION ( 'NONE',  ( 1.000000000000000000, 0.0000000000000000000, 0.0000000000000000000 ) ) ;
#2448 = VERTEX_POINT ( 'NONE', #640 ) ;
#2449 = ORIENTED_EDGE ( 'NONE', *, *, #2711, .T. ) ;
#2450 = DIRECTION ( 'NONE',  ( -0.0000000000000000000, -0.0000000000000000000, -1.000000000000000000 ) ) ;
#2451 = CARTESIAN_POINT ( 'NONE',  ( 1.259999999999999600, 3.560000000000000500, 3.430000000000000200 ) ) ;
#2452 = DIRECTION ( 'NONE',  ( -0.0000000000000000000, -0.0000000000000000000, -1.000000000000000000 ) ) ;
#2453 = DIRECTION ( 'NONE',  ( 0.0000000000000000000, 0.0000000000000000000, 1.000000000000000000 ) ) ;
#2454 = VERTEX_POINT ( 'NONE', #1825 ) ;
#2455 = EDGE_CURVE ( 'NONE', #380, #2224, #2285, .T. ) ;
#2456 = LINE ( 'NONE', #1196, #1810 ) ;
#2457 = ORIENTED_EDGE ( 'NONE', *, *, #2577, .T. ) ;
#2458 = DIRECTION ( 'NONE',  ( 0.0000000000000000000, 0.0000000000000000000, 1.000000000000000000 ) ) ;
#2459 = CARTESIAN_POINT ( 'NONE',  ( -0.7600000000000021200, 3.434000000000004600, -4.064000000000000900 ) ) ;
#2460 = ORIENTED_EDGE ( 'NONE', *, *, #2033, .T. ) ;
#2461 = AXIS2_PLACEMENT_3D ( 'NONE', #1970, #2212, #37 ) ;
#2462 = ORIENTED_EDGE ( 'NONE', *, *, #73, .T. ) ;
#2463 = CARTESIAN_POINT ( 'NONE',  ( 1.759999999999999800, 4.068000000000001400, 3.580000000000000100 ) ) ;
#2464 = ADVANCED_FACE ( 'NONE', ( #2886 ), #862, .T. ) ;
#2465 = ORIENTED_EDGE ( 'NONE', *, *, #1966, .T. ) ;
#2466 = ORIENTED_EDGE ( 'NONE', *, *, #1132, .F. ) ;
#2467 = CARTESIAN_POINT ( 'NONE',  ( 2.529339732929247700, 8.305166462986534300, -2.829999999999999600 ) ) ;
#2468 = ORIENTED_EDGE ( 'NONE', *, *, #354, .F. ) ;
#2469 = VECTOR ( 'NONE', #50, 1000.000000000000000 ) ;
#2470 = EDGE_CURVE ( 'NONE', #2642, #1757, #2321, .T. ) ;
#2471 = ORIENTED_EDGE ( 'NONE', *, *, #2159, .T. ) ;
#2472 = CARTESIAN_POINT ( 'NONE',  ( -3.121544150186540600, 7.947174943281164700, 3.580000000000000100 ) ) ;
#2473 = EDGE_CURVE ( 'NONE', #2722, #2681, #1005, .T. ) ;
#2474 = FACE_OUTER_BOUND ( 'NONE', #2255, .T. ) ;
#2475 = FACE_OUTER_BOUND ( 'NONE', #2592, .T. ) ;
#2476 = VECTOR ( 'NONE', #1921, 1000.000000000000000 ) ;
#2477 = EDGE_LOOP ( 'NONE', ( #1392, #424, #1050, #1703 ) ) ;
#2478 = CIRCLE ( 'NONE', #93, 0.7600000000000000100 ) ;
#2479 = FACE_OUTER_BOUND ( 'NONE', #552, .T. ) ;
#2480 = EDGE_LOOP ( 'NONE', ( #108, #3065, #1749, #466 ) ) ;
#2481 = AXIS2_PLACEMENT_3D ( 'NONE', #1386, #437, #1632 ) ;
#2482 = CARTESIAN_POINT ( 'NONE',  ( -1.759999999999997100, 3.560000000000000500, 2.544261098099313300E-015 ) ) ;
#2483 = DIRECTION ( 'NONE',  ( 0.9063077870366480500, 0.4226182617407036000, 4.336808689942020200E-016 ) ) ;
#2484 = CARTESIAN_POINT ( 'NONE',  ( 1.259999999999997800, 3.560000000000000500, -3.430000000000001000 ) ) ;
#2485 = LINE ( 'NONE', #1283, #2260 ) ;
#2486 = AXIS2_PLACEMENT_3D ( 'NONE', #2497, #2966, #818 ) ;
#2487 = VECTOR ( 'NONE', #401, 1000.000000000000000 ) ;
#2488 = EDGE_LOOP ( 'NONE', ( #1143, #1126, #2600, #268 ) ) ;
#2489 = CARTESIAN_POINT ( 'NONE',  ( 0.9354885087976931900, 10.79514403426985900, -2.879999999999997700 ) ) ;
#2490 = EDGE_CURVE ( 'NONE', #808, #2529, #1616, .T. ) ;
#2491 = PLANE ( 'NONE',  #9 ) ;
#2492 = PLANE ( 'NONE',  #740 ) ;
#2493 = ORIENTED_EDGE ( 'NONE', *, *, #2812, .T. ) ;
#2494 = EDGE_CURVE ( 'NONE', #2739, #2758, #2813, .T. ) ;
#2495 = DIRECTION ( 'NONE',  ( 1.000000000000000000, 0.0000000000000000000, 0.0000000000000000000 ) ) ;
#2496 = ORIENTED_EDGE ( 'NONE', *, *, #1857, .T. ) ;
#2497 = CARTESIAN_POINT ( 'NONE',  ( 3.305000000000001500, 4.259999999999999800, -3.579999999999998700 ) ) ;
#2498 = VERTEX_POINT ( 'NONE', #922 ) ;
#2499 = EDGE_LOOP ( 'NONE', ( #2371, #2333, #2373, #2611 ) ) ;
#2500 = CARTESIAN_POINT ( 'NONE',  ( 5.443488508797691400, 10.79514403426985900, -3.579999999999998700 ) ) ;
#2501 = EDGE_LOOP ( 'NONE', ( #2822, #491, #193, #1492, #2016, #2177 ) ) ;
#2502 = DIRECTION ( 'NONE',  ( 0.0000000000000000000, -0.0000000000000000000, 1.000000000000000000 ) ) ;
#2503 = AXIS2_PLACEMENT_3D ( 'NONE', #2619, #2603, #981 ) ;
#2504 = LINE ( 'NONE', #2431, #324 ) ;
#2505 = ORIENTED_EDGE ( 'NONE', *, *, #2105, .F. ) ;
#2506 = DIRECTION ( 'NONE',  ( 0.0000000000000000000, 0.0000000000000000000, 1.000000000000000000 ) ) ;
#2507 = VECTOR ( 'NONE', #1962, 1000.000000000000000 ) ;
#2508 = EDGE_LOOP ( 'NONE', ( #2996, #938, #2732, #396, #682, #2775, #2701, #3001, #2188, #714 ) ) ;
#2509 = DIRECTION ( 'NONE',  ( 0.0000000000000000000, -1.000000000000000000, 0.0000000000000000000 ) ) ;
#2510 = CARTESIAN_POINT ( 'NONE',  ( 0.0000000000000000000, 1.389115455351810800E-014, -4.064000000000012500 ) ) ;
#2511 = CARTESIAN_POINT ( 'NONE',  ( -3.939415450925652700, 4.555832783218492400, 3.580000000000000100 ) ) ;
#2512 = FACE_OUTER_BOUND ( 'NONE', #2269, .T. ) ;
#2513 = EDGE_CURVE ( 'NONE', #1635, #1316, #1548, .T. ) ;
#2514 = LINE ( 'NONE', #948, #710 ) ;
#2515 = ORIENTED_EDGE ( 'NONE', *, *, #2185, .T. ) ;
#2516 = VERTEX_POINT ( 'NONE', #430 ) ;
#2517 = EDGE_CURVE ( 'NONE', #2681, #2338, #2478, .T. ) ;
#2518 = CARTESIAN_POINT ( 'NONE',  ( 2.020763546312726300, 12.61692789700277800, -2.829999999999999600 ) ) ;
#2519 = ORIENTED_EDGE ( 'NONE', *, *, #428, .T. ) ;
#2520 = FACE_OUTER_BOUND ( 'NONE', #1161, .T. ) ;
#2521 = AXIS2_PLACEMENT_3D ( 'NONE', #120, #2994, #2029 ) ;
#2522 = ORIENTED_EDGE ( 'NONE', *, *, #954, .T. ) ;
#2523 = CARTESIAN_POINT ( 'NONE',  ( -1.357853004836484500, 8.889980910342767800, -3.580000000000000100 ) ) ;
#2524 = EDGE_LOOP ( 'NONE', ( #1637, #1237, #150, #1714, #1566, #2598 ) ) ;
#2525 = DIRECTION ( 'NONE',  ( 0.0000000000000000000, 0.0000000000000000000, 1.000000000000000000 ) ) ;
#2526 = EDGE_CURVE ( 'NONE', #203, #380, #923, .T. ) ;
#2527 = ORIENTED_EDGE ( 'NONE', *, *, #2812, .F. ) ;
#2528 = CARTESIAN_POINT ( 'NONE',  ( 2.857119611267762100, 13.16511448258557900, -2.829999999999999600 ) ) ;
#2529 = VERTEX_POINT ( 'NONE', #1615 ) ;
#2530 = EDGE_CURVE ( 'NONE', #3061, #645, #589, .T. ) ;
#2531 = ORIENTED_EDGE ( 'NONE', *, *, #423, .T. ) ;
#2532 = AXIS2_PLACEMENT_3D ( 'NONE', #1839, #1818, #2081 ) ;
#2533 = DIRECTION ( 'NONE',  ( -0.4226182617407040500, -0.9063077870366477200, -0.0000000000000000000 ) ) ;
#2534 = DIRECTION ( 'NONE',  ( 1.000000000000000000, -0.0000000000000000000, -3.441911658684146100E-015 ) ) ;
#2535 = CARTESIAN_POINT ( 'NONE',  ( -2.857119611267762100, 13.16511448258557900, -2.829999999999999600 ) ) ;
#2536 = LINE ( 'NONE', #800, #907 ) ;
#2537 = ORIENTED_EDGE ( 'NONE', *, *, #2849, .F. ) ;
#2538 = CYLINDRICAL_SURFACE ( 'NONE', #89, 4.307999999999997200 ) ;
#2539 = DIRECTION ( 'NONE',  ( -0.0000000000000000000, -0.0000000000000000000, -1.000000000000000000 ) ) ;
#2540 = EDGE_CURVE ( 'NONE', #1094, #562, #21, .T. ) ;
#2541 = VECTOR ( 'NONE', #1016, 1000.000000000000100 ) ;
#2542 = CYLINDRICAL_SURFACE ( 'NONE', #1001, 0.7000000000000000700 ) ;
#2543 = PLANE ( 'NONE',  #1307 ) ;
#2544 = CARTESIAN_POINT ( 'NONE',  ( 0.7599999999999982300, 3.434000000000000600, -3.430000000000003300 ) ) ;
#2545 = CIRCLE ( 'NONE', #2879, 0.7600000000000000100 ) ;
#2546 = ORIENTED_EDGE ( 'NONE', *, *, #874, .F. ) ;
#2547 = CARTESIAN_POINT ( 'NONE',  ( -2.529339732929247700, 8.305166462986534300, 3.580000000000000100 ) ) ;
#2548 = CARTESIAN_POINT ( 'NONE',  ( 2.494379161557176400, 13.49750486473248400, -2.829999999999999600 ) ) ;
#2549 = EDGE_CURVE ( 'NONE', #2272, #1774, #1197, .T. ) ;
#2550 = VECTOR ( 'NONE', #1290, 1000.000000000000000 ) ;
#2551 = CYLINDRICAL_SURFACE ( 'NONE', #2197, 0.7000000000000000700 ) ;
#2552 = EDGE_LOOP ( 'NONE', ( #2651, #2859, #2515, #2 ) ) ;
#2553 = VECTOR ( 'NONE', #1734, 1000.000000000000100 ) ;
#2554 = ORIENTED_EDGE ( 'NONE', *, *, #1610, .T. ) ;
#2555 = CARTESIAN_POINT ( 'NONE',  ( -3.053525324416422700, 14.00264710945188400, -3.580000000000000100 ) ) ;
#2556 = VECTOR ( 'NONE', #2299, 1000.000000000000100 ) ;
#2557 = VERTEX_POINT ( 'NONE', #1627 ) ;
#2558 = FACE_OUTER_BOUND ( 'NONE', #1716, .T. ) ;
#2559 = CARTESIAN_POINT ( 'NONE',  ( 5.443488508797691400, 10.79514403426985900, -3.580000000000000100 ) ) ;
#2560 = CARTESIAN_POINT ( 'NONE',  ( -1.357853004836484500, 8.889980910342767800, -2.879999999999999400 ) ) ;
#2561 = DIRECTION ( 'NONE',  ( 1.000000000000000000, 1.734723475976803200E-015, 0.0000000000000000000 ) ) ;
#2562 = CIRCLE ( 'NONE', #455, 1.200000000000003100 ) ;
#2563 = PLANE ( 'NONE',  #172 ) ;
#2564 = CARTESIAN_POINT ( 'NONE',  ( -2.494379161557178600, 7.654723106156596100, 3.580000000000000100 ) ) ;
#2565 = EDGE_LOOP ( 'NONE', ( #1055, #1204, #296, #2789 ) ) ;
#2566 = DIRECTION ( 'NONE',  ( 1.000000000000000000, 0.0000000000000000000, 0.0000000000000000000 ) ) ;
#2567 = CARTESIAN_POINT ( 'NONE',  ( -2.494379161557178600, 7.654723106156596100, -2.829999999999999600 ) ) ;
#2568 = ORIENTED_EDGE ( 'NONE', *, *, #73, .F. ) ;
#2569 = VECTOR ( 'NONE', #1796, 1000.000000000000100 ) ;
#2570 = ORIENTED_EDGE ( 'NONE', *, *, #3063, .F. ) ;
#2571 = EDGE_CURVE ( 'NONE', #3014, #2602, #2738, .T. ) ;
#2572 = ORIENTED_EDGE ( 'NONE', *, *, #1633, .F. ) ;
#2573 = DIRECTION ( 'NONE',  ( -1.000000000000000000, 0.0000000000000000000, 0.0000000000000000000 ) ) ;
#2574 = PLANE ( 'NONE',  #2018 ) ;
#2575 = ORIENTED_EDGE ( 'NONE', *, *, #70, .T. ) ;
#2576 = ORIENTED_EDGE ( 'NONE', *, *, #1338, .F. ) ;
#2577 = EDGE_CURVE ( 'NONE', #2642, #1677, #1478, .T. ) ;
#2578 = CARTESIAN_POINT ( 'NONE',  ( -3.304999999999998400, 4.068000000000000500, 3.430000000000000600 ) ) ;
#2579 = DIRECTION ( 'NONE',  ( 0.0000000000000000000, 0.0000000000000000000, 1.000000000000000000 ) ) ;
#2580 = DIRECTION ( 'NONE',  ( 0.0000000000000000000, 0.0000000000000000000, 1.000000000000000000 ) ) ;
#2581 = AXIS2_PLACEMENT_3D ( 'NONE', #2967, #1121, #615 ) ;
#2582 = ORIENTED_EDGE ( 'NONE', *, *, #1517, .T. ) ;
#2583 = CARTESIAN_POINT ( 'NONE',  ( 0.7599999999999994500, 1.389115455351810800E-014, 4.064000000000012500 ) ) ;
#2584 = DIRECTION ( 'NONE',  ( -0.0000000000000000000, -0.0000000000000000000, -1.000000000000000000 ) ) ;
#2585 = CYLINDRICAL_SURFACE ( 'NONE', #1976, 3.799999999999998000 ) ;
#2586 = AXIS2_PLACEMENT_3D ( 'NONE', #827, #1705, #2442 ) ;
#2587 = DIRECTION ( 'NONE',  ( -1.000000000000000000, 0.0000000000000000000, 0.0000000000000000000 ) ) ;
#2588 = CIRCLE ( 'NONE', #1583, 3.799999999999998000 ) ;
#2589 = DIRECTION ( 'NONE',  ( -1.000000000000000000, 9.035018104045876100E-015, 0.0000000000000000000 ) ) ;
#2590 = CYLINDRICAL_SURFACE ( 'NONE', #2152, 3.999999999999998200 ) ;
#2591 = EDGE_CURVE ( 'NONE', #1336, #897, #1342, .T. ) ;
#2592 = EDGE_LOOP ( 'NONE', ( #2815, #451, #1312, #998 ) ) ;
#2593 = VERTEX_POINT ( 'NONE', #2111 ) ;
#2594 = DIRECTION ( 'NONE',  ( -0.0000000000000000000, 3.491481338843133700E-015, -1.000000000000000000 ) ) ;
#2595 = EDGE_CURVE ( 'NONE', #2454, #2220, #2514, .T. ) ;
#2596 = VERTEX_POINT ( 'NONE', #2356 ) ;
#2597 = CIRCLE ( 'NONE', #2823, 1.000000000000002200 ) ;
#2598 = ORIENTED_EDGE ( 'NONE', *, *, #1366, .T. ) ;
#2599 = DIRECTION ( 'NONE',  ( 1.000000000000000000, 1.445602896647335000E-015, 0.0000000000000000000 ) ) ;
#2600 = ORIENTED_EDGE ( 'NONE', *, *, #1769, .F. ) ;
#2601 = ADVANCED_FACE ( 'NONE', ( #2096 ), #1907, .F. ) ;
#2602 = VERTEX_POINT ( 'NONE', #2866 ) ;
#2603 = DIRECTION ( 'NONE',  ( -1.000000000000000000, 0.0000000000000000000, 3.441911658684146100E-015 ) ) ;
#2604 = CIRCLE ( 'NONE', #2461, 0.1260000000000024200 ) ;
#2605 = ORIENTED_EDGE ( 'NONE', *, *, #1236, .T. ) ;
#2606 = PLANE ( 'NONE',  #77 ) ;
#2607 = ORIENTED_EDGE ( 'NONE', *, *, #1883, .F. ) ;
#2608 = EDGE_CURVE ( 'NONE', #236, #2448, #2995, .T. ) ;
#2609 = CARTESIAN_POINT ( 'NONE',  ( 1.759999999999994500, 3.560000000000000500, -2.544261098099310100E-015 ) ) ;
#2610 = CARTESIAN_POINT ( 'NONE',  ( 2.494379161557166200, 13.49750486473246600, -2.854999999999999500 ) ) ;
#2611 = ORIENTED_EDGE ( 'NONE', *, *, #655, .T. ) ;
#2612 = ORIENTED_EDGE ( 'NONE', *, *, #2549, .T. ) ;
#2613 = AXIS2_PLACEMENT_3D ( 'NONE', #2066, #2534, #930 ) ;
#2614 = ORIENTED_EDGE ( 'NONE', *, *, #816, .T. ) ;
#2615 = DIRECTION ( 'NONE',  ( 0.4226182617407044400, -0.9063077870366476100, 0.0000000000000000000 ) ) ;
#2616 = ADVANCED_FACE ( 'NONE', ( #2474 ), #474, .F. ) ;
#2617 = CARTESIAN_POINT ( 'NONE',  ( -2.857119611267762100, 13.16511448258557900, 3.580000000000000100 ) ) ;
#2618 = AXIS2_PLACEMENT_3D ( 'NONE', #1278, #81, #109 ) ;
#2619 = CARTESIAN_POINT ( 'NONE',  ( -0.7600000000000021200, 3.434000000000000600, -3.429999999999997900 ) ) ;
#2620 = PLANE ( 'NONE',  #1658 ) ;
#2621 = CIRCLE ( 'NONE', #2091, 4.507999999999998200 ) ;
#2622 = FACE_OUTER_BOUND ( 'NONE', #2193, .T. ) ;
#2623 = ORIENTED_EDGE ( 'NONE', *, *, #2754, .F. ) ;
#2624 = DIRECTION ( 'NONE',  ( -0.0000000000000000000, -0.0000000000000000000, -1.000000000000000000 ) ) ;
#2625 = PLANE ( 'NONE',  #520 ) ;
#2626 = ORIENTED_EDGE ( 'NONE', *, *, #504, .T. ) ;
#2627 = VERTEX_POINT ( 'NONE', #733 ) ;
#2628 = CARTESIAN_POINT ( 'NONE',  ( 2.655396719280388700, 7.309419839295634000, 3.580000000000000100 ) ) ;
#2629 = CARTESIAN_POINT ( 'NONE',  ( 3.305000000000001500, 4.259999999999999800, 3.580000000000000100 ) ) ;
#2630 = EDGE_CURVE ( 'NONE', #2454, #2109, #2588, .T. ) ;
#2631 = VECTOR ( 'NONE', #164, 1000.000000000000000 ) ;
#2632 = ORIENTED_EDGE ( 'NONE', *, *, #17, .F. ) ;
#2633 = ORIENTED_EDGE ( 'NONE', *, *, #700, .T. ) ;
#2634 = ADVANCED_FACE ( 'NONE', ( #2166 ), #978, .T. ) ;
#2635 = DIRECTION ( 'NONE',  ( -1.445602896647339700E-015, 0.0000000000000000000, -1.000000000000000000 ) ) ;
#2636 = EDGE_CURVE ( 'NONE', #245, #1692, #2092, .T. ) ;
#2637 = CIRCLE ( 'NONE', #2837, 3.799999999999998000 ) ;
#2638 = ORIENTED_EDGE ( 'NONE', *, *, #2805, .F. ) ;
#2639 = CARTESIAN_POINT ( 'NONE',  ( -0.7600000000000025600, 3.434000000000001100, -3.556000000000000500 ) ) ;
#2640 = AXIS2_PLACEMENT_3D ( 'NONE', #2375, #1882, #940 ) ;
#2641 = VERTEX_POINT ( 'NONE', #45 ) ;
#2642 = VERTEX_POINT ( 'NONE', #2369 ) ;
#2643 = AXIS2_PLACEMENT_3D ( 'NONE', #1444, #259, #968 ) ;
#2644 = DIRECTION ( 'NONE',  ( -1.000000000000000000, 0.0000000000000000000, -0.0000000000000000000 ) ) ;
#2645 = DIRECTION ( 'NONE',  ( 0.0000000000000000000, 0.0000000000000000000, 1.000000000000000000 ) ) ;
#2646 = CARTESIAN_POINT ( 'NONE',  ( -0.7600000000000023400, 3.560000000000000500, -3.430000000000000600 ) ) ;
#2647 = EDGE_LOOP ( 'NONE', ( #748, #612, #118, #1529 ) ) ;
#2648 = EDGE_LOOP ( 'NONE', ( #2623, #1373, #2522, #399, #516, #1129 ) ) ;
#2649 = ADVANCED_FACE ( 'NONE', ( #1474 ), #1431, .T. ) ;
#2650 = EDGE_CURVE ( 'NONE', #393, #2448, #918, .T. ) ;
#2651 = ORIENTED_EDGE ( 'NONE', *, *, #841, .F. ) ;
#2652 = ORIENTED_EDGE ( 'NONE', *, *, #2161, .T. ) ;
#2653 = EDGE_CURVE ( 'NONE', #1316, #393, #1827, .T. ) ;
#2654 = CARTESIAN_POINT ( 'NONE',  ( -1.260000000000000500, 3.560000000000000500, 3.430000000000000200 ) ) ;
#2655 = CARTESIAN_POINT ( 'NONE',  ( 1.759999999999994500, 3.560000000000000500, -2.544261098099310100E-015 ) ) ;
#2656 = CARTESIAN_POINT ( 'NONE',  ( -2.529339732929247700, 8.305166462986534300, -2.829999999999999600 ) ) ;
#2657 = LINE ( 'NONE', #2261, #2022 ) ;
#2658 = CARTESIAN_POINT ( 'NONE',  ( -5.443488508797694100, 10.79514403426986000, 3.580000000000000100 ) ) ;
#2659 = DIRECTION ( 'NONE',  ( 0.0000000000000000000, 0.0000000000000000000, 1.000000000000000000 ) ) ;
#2660 = FACE_OUTER_BOUND ( 'NONE', #2242, .T. ) ;
#2661 = ADVANCED_FACE ( 'NONE', ( #64 ), #2855, .F. ) ;
#2662 = LINE ( 'NONE', #1059, #2253 ) ;
#2663 = ORIENTED_EDGE ( 'NONE', *, *, #2473, .F. ) ;
#2664 = SURFACE_STYLE_USAGE ( .BOTH. , #2894 ) ;
#2665 = VERTEX_POINT ( 'NONE', #494 ) ;
#2666 = APPLICATION_CONTEXT ( 'automotive_design' ) ;
#2667 = CARTESIAN_POINT ( 'NONE',  ( 2.445632427309882800, 12.89540668247884100, 3.580000000000000100 ) ) ;
#2668 = DIRECTION ( 'NONE',  ( 0.0000000000000000000, 0.0000000000000000000, 1.000000000000000000 ) ) ;
#2669 = FACE_OUTER_BOUND ( 'NONE', #2648, .T. ) ;
#2670 = CARTESIAN_POINT ( 'NONE',  ( 2.194992363465771300, 7.094729762331357200, 3.580000000000000100 ) ) ;
#2671 = EDGE_CURVE ( 'NONE', #2218, #1757, #370, .T. ) ;
#2672 = VERTEX_POINT ( 'NONE', #2962 ) ;
#2673 = CARTESIAN_POINT ( 'NONE',  ( -2.857119611267762100, 13.16511448258557900, -2.829999999999999600 ) ) ;
#2674 = DIRECTION ( 'NONE',  ( -0.8363560649550352300, 0.5481865855828004200, 0.0000000000000000000 ) ) ;
#2675 = LINE ( 'NONE', #694, #795 ) ;
#2676 = FILL_AREA_STYLE ('',( #2420 ) ) ;
#2677 = CARTESIAN_POINT ( 'NONE',  ( 2.494379161557177300, 7.654723106156595200, -2.763163654829075000 ) ) ;
#2678 = DIRECTION ( 'NONE',  ( 0.0000000000000000000, 0.0000000000000000000, 1.000000000000000000 ) ) ;
#2679 = ADVANCED_FACE ( 'NONE', ( #1432 ), #357, .F. ) ;
#2680 = ORIENTED_EDGE ( 'NONE', *, *, #2083, .F. ) ;
#2681 = VERTEX_POINT ( 'NONE', #139 ) ;
#2682 = ORIENTED_EDGE ( 'NONE', *, *, #1479, .T. ) ;
#2683 = EDGE_LOOP ( 'NONE', ( #281, #2892, #1320, #2965 ) ) ;
#2684 = CARTESIAN_POINT ( 'NONE',  ( 3.939415450925655400, 4.555832783218492400, -3.580000000000000100 ) ) ;
#2685 = DIRECTION ( 'NONE',  ( 0.0000000000000000000, -3.491481338843133700E-015, 1.000000000000000000 ) ) ;
#2686 =( NAMED_UNIT ( * ) PLANE_ANGLE_UNIT ( ) SI_UNIT ( $, .RADIAN. ) );
#2687 = ORIENTED_EDGE ( 'NONE', *, *, #1258, .F. ) ;
#2688 = DIRECTION ( 'NONE',  ( -1.445602896647339700E-015, 0.0000000000000000000, 1.000000000000000000 ) ) ;
#2689 = EDGE_CURVE ( 'NONE', #207, #538, #1544, .T. ) ;
#2690 = CIRCLE ( 'NONE', #2521, 0.4920000000000019900 ) ;
#2691 = ORIENTED_EDGE ( 'NONE', *, *, #2864, .F. ) ;
#2692 = ADVANCED_FACE ( 'NONE', ( #170 ), #855, .T. ) ;
#2693 = EDGE_CURVE ( 'NONE', #540, #1454, #1754, .T. ) ;
#2694 = VERTEX_POINT ( 'NONE', #604 ) ;
#2695 = DIRECTION ( 'NONE',  ( 0.0000000000000000000, -1.000000000000000000, -3.423796334164750900E-015 ) ) ;
#2696 = CARTESIAN_POINT ( 'NONE',  ( -1.921544150186537100, 7.947174943281164700, -2.829999999999999600 ) ) ;
#2697 = DIRECTION ( 'NONE',  ( -0.0000000000000000000, 1.000000000000000000, -0.0000000000000000000 ) ) ;
#2698 = DIRECTION ( 'NONE',  ( 0.7372773368101315200, -0.6755902076156521400, 4.336808689942019200E-016 ) ) ;
#2699 = DIRECTION ( 'NONE',  ( -1.000000000000000000, -1.312196275322849800E-016, -1.445602896647339700E-015 ) ) ;
#2700 = VECTOR ( 'NONE', #760, 1000.000000000000100 ) ;
#2701 = ORIENTED_EDGE ( 'NONE', *, *, #43, .F. ) ;
#2702 = VECTOR ( 'NONE', #2594, 1000.000000000000000 ) ;
#2703 = ORIENTED_EDGE ( 'NONE', *, *, #1992, .T. ) ;
#2704 = ORIENTED_EDGE ( 'NONE', *, *, #1940, .F. ) ;
#2705 = EDGE_CURVE ( 'NONE', #2516, #2905, #1942, .T. ) ;
#2706 = DIRECTION ( 'NONE',  ( 0.0000000000000000000, 0.0000000000000000000, 1.000000000000000000 ) ) ;
#2707 = DIRECTION ( 'NONE',  ( 1.000000000000000000, 0.0000000000000000000, -0.0000000000000000000 ) ) ;
#2708 = DIRECTION ( 'NONE',  ( 0.0000000000000000000, -3.532793595739285800E-015, 1.000000000000000000 ) ) ;
#2709 = FACE_OUTER_BOUND ( 'NONE', #664, .T. ) ;
#2710 = ORIENTED_EDGE ( 'NONE', *, *, #2889, .T. ) ;
#2711 = EDGE_CURVE ( 'NONE', #1836, #1201, #215, .T. ) ;
#2712 = CARTESIAN_POINT ( 'NONE',  ( -0.7600000000000021200, 3.434000000000004600, -4.064000000000000900 ) ) ;
#2713 = PLANE ( 'NONE',  #3047 ) ;
#2714 = ORIENTED_EDGE ( 'NONE', *, *, #191, .T. ) ;
#2715 = EDGE_LOOP ( 'NONE', ( #947, #46, #987, #3052 ) ) ;
#2716 = CARTESIAN_POINT ( 'NONE',  ( -2.445632427309882800, 12.89540668247884100, 3.580000000000000100 ) ) ;
#2717 = CYLINDRICAL_SURFACE ( 'NONE', #555, 0.6920000000000033900 ) ;
#2718 = ORIENTED_EDGE ( 'NONE', *, *, #1276, .F. ) ;
#2719 = DIRECTION ( 'NONE',  ( 1.000000000000000000, 0.0000000000000000000, 0.0000000000000000000 ) ) ;
#2720 = CARTESIAN_POINT ( 'NONE',  ( 2.655396719280388700, 7.309419839295634000, -2.763163654829074100 ) ) ;
#2721 = CARTESIAN_POINT ( 'NONE',  ( 1.759999999999999300, 3.560000000000000500, 3.430000000000000200 ) ) ;
#2722 = VERTEX_POINT ( 'NONE', #2234 ) ;
#2723 = ADVANCED_FACE ( 'NONE', ( #2660 ), #1509, .T. ) ;
#2724 = STYLED_ITEM ( 'NONE', ( #179 ), #87 ) ;
#2725 = CARTESIAN_POINT ( 'NONE',  ( 0.7599999999999977900, 3.434000000000001500, -3.556000000000000500 ) ) ;
#2726 = CARTESIAN_POINT ( 'NONE',  ( 0.7599999999999994500, 3.434000000000001500, 4.064000000000000100 ) ) ;
#2727 = FACE_OUTER_BOUND ( 'NONE', #3077, .T. ) ;
#2728 = ORIENTED_EDGE ( 'NONE', *, *, #1746, .T. ) ;
#2729 = CARTESIAN_POINT ( 'NONE',  ( -3.304999999999998400, 3.560000000000000100, 3.580000000000000100 ) ) ;
#2730 = CARTESIAN_POINT ( 'NONE',  ( 2.494379161557166200, 13.49750486473246600, -2.879999999999999400 ) ) ;
#2731 = DIRECTION ( 'NONE',  ( 0.0000000000000000000, 0.0000000000000000000, -1.000000000000000000 ) ) ;
#2732 = ORIENTED_EDGE ( 'NONE', *, *, #2257, .T. ) ;
#2733 = EDGE_CURVE ( 'NONE', #1634, #2627, #2318, .T. ) ;
#2734 = FACE_OUTER_BOUND ( 'NONE', #298, .T. ) ;
#2735 = ORIENTED_EDGE ( 'NONE', *, *, #996, .T. ) ;
#2736 = EDGE_CURVE ( 'NONE', #1261, #1223, #965, .T. ) ;
#2737 = CARTESIAN_POINT ( 'NONE',  ( 2.020763546312724900, 12.61692789700277800, 3.580000000000000100 ) ) ;
#2738 = LINE ( 'NONE', #218, #666 ) ;
#2739 = VERTEX_POINT ( 'NONE', #1257 ) ;
#2740 = PRESENTATION_LAYER_ASSIGNMENT (  '', '', ( #32 ) ) ;
#2741 = DIRECTION ( 'NONE',  ( -1.000000000000000000, -0.0000000000000000000, -0.0000000000000000000 ) ) ;
#2742 = VERTEX_POINT ( 'NONE', #2975 ) ;
#2743 = DIRECTION ( 'NONE',  ( 1.000000000000000000, 0.0000000000000000000, 0.0000000000000000000 ) ) ;
#2744 = ORIENTED_EDGE ( 'NONE', *, *, #2932, .F. ) ;
#2745 = DIRECTION ( 'NONE',  ( 1.000000000000000000, -0.0000000000000000000, 0.0000000000000000000 ) ) ;
#2746 = VECTOR ( 'NONE', #402, 1000.000000000000000 ) ;
#2747 = CYLINDRICAL_SURFACE ( 'NONE', #159, 1.000000000000002200 ) ;
#2748 = CARTESIAN_POINT ( 'NONE',  ( -0.7600000000000003400, 3.434000000000001500, 3.430000000000000600 ) ) ;
#2749 = CARTESIAN_POINT ( 'NONE',  ( 3.939415450925655400, 4.555832783218492400, -2.763163654829075000 ) ) ;
#2750 = CARTESIAN_POINT ( 'NONE',  ( 3.305000000000001500, 4.259999999999999800, 3.580000000000000100 ) ) ;
#2751 = EDGE_CURVE ( 'NONE', #1692, #1491, #707, .T. ) ;
#2752 = DIRECTION ( 'NONE',  ( -0.0000000000000000000, -0.0000000000000000000, -1.000000000000000000 ) ) ;
#2753 = DIRECTION ( 'NONE',  ( 1.312196275322849800E-016, -1.000000000000000000, -0.0000000000000000000 ) ) ;
#2754 = EDGE_CURVE ( 'NONE', #2516, #1021, #1147, .T. ) ;
#2755 = ORIENTED_EDGE ( 'NONE', *, *, #254, .T. ) ;
#2756 = ORIENTED_EDGE ( 'NONE', *, *, #3020, .F. ) ;
#2757 = CARTESIAN_POINT ( 'NONE',  ( 3.121544150186540600, 7.947174943281164700, -2.763163654829074600 ) ) ;
#2758 = VERTEX_POINT ( 'NONE', #2555 ) ;
#2759 = CARTESIAN_POINT ( 'NONE',  ( -2.033974805742562200, 7.440033029192319300, 3.580000000000000100 ) ) ;
#2760 = AXIS2_PLACEMENT_3D ( 'NONE', #295, #464, #237 ) ;
#2761 = ORIENTED_EDGE ( 'NONE', *, *, #2868, .T. ) ;
#2762 = CARTESIAN_POINT ( 'NONE',  ( -1.357853004836484700, 8.889980910342767800, 3.580000000000000100 ) ) ;
#2763 = DIRECTION ( 'NONE',  ( -0.4226182617407044900, 0.9063077870366477200, 0.0000000000000000000 ) ) ;
#2764 = ORIENTED_EDGE ( 'NONE', *, *, #2913, .T. ) ;
#2765 = AXIS2_PLACEMENT_3D ( 'NONE', #2094, #187, #425 ) ;
#2766 = DIRECTION ( 'NONE',  ( 0.0000000000000000000, 0.0000000000000000000, 1.000000000000000000 ) ) ;
#2767 = ORIENTED_EDGE ( 'NONE', *, *, #1712, .F. ) ;
#2768 = CIRCLE ( 'NONE', #154, 3.999999999999998200 ) ;
#2769 = DIRECTION ( 'NONE',  ( -0.4226182617407044400, 0.9063077870366476100, 0.0000000000000000000 ) ) ;
#2770 = DIRECTION ( 'NONE',  ( 0.0000000000000000000, 0.0000000000000000000, 1.000000000000000000 ) ) ;
#2771 = DIRECTION ( 'NONE',  ( 1.000000000000000000, 0.0000000000000000000, 0.0000000000000000000 ) ) ;
#2772 = ADVANCED_FACE ( 'NONE', ( #508 ), #2310, .T. ) ;
#2773 = EDGE_CURVE ( 'NONE', #941, #2055, #2026, .T. ) ;
#2774 = VECTOR ( 'NONE', #2802, 1000.000000000000000 ) ;
#2775 = ORIENTED_EDGE ( 'NONE', *, *, #1843, .T. ) ;
#2776 = LINE ( 'NONE', #1497, #2702 ) ;
#2777 = AXIS2_PLACEMENT_3D ( 'NONE', #597, #365, #344 ) ;
#2778 = DIRECTION ( 'NONE',  ( -0.4226182617407044900, 0.9063077870366477200, 0.0000000000000000000 ) ) ;
#2779 = ORIENTED_EDGE ( 'NONE', *, *, #1725, .F. ) ;
#2780 = CARTESIAN_POINT ( 'NONE',  ( -2.445632427309882800, 12.89540668247884100, -2.829999999999999600 ) ) ;
#2781 = EDGE_LOOP ( 'NONE', ( #2097, #1390, #2755, #2039, #1061, #2198, #20 ) ) ;
#2782 = CARTESIAN_POINT ( 'NONE',  ( -2.119842274457635100, 13.84070469020123500, 3.580000000000000100 ) ) ;
#2783 = DIRECTION ( 'NONE',  ( -1.000000000000000000, -1.807003620809175200E-014, 0.0000000000000000000 ) ) ;
#2784 = CIRCLE ( 'NONE', #865, 4.307999999999997200 ) ;
#2785 = CARTESIAN_POINT ( 'NONE',  ( 3.121544150186540600, 7.947174943281164700, -2.763163654829074600 ) ) ;
#2786 = EDGE_CURVE ( 'NONE', #1597, #2220, #255, .T. ) ;
#2787 = CARTESIAN_POINT ( 'NONE',  ( -3.304999999999998800, 4.259999999999999800, -3.579999999999998700 ) ) ;
#2788 = CARTESIAN_POINT ( 'NONE',  ( -2.033974805742562200, 7.440033029192318500, 3.580000000000000100 ) ) ;
#2789 = ORIENTED_EDGE ( 'NONE', *, *, #2951, .T. ) ;
#2790 = ORIENTED_EDGE ( 'NONE', *, *, #1352, .T. ) ;
#2791 = EDGE_CURVE ( 'NONE', #634, #3027, #332, .T. ) ;
#2792 = CARTESIAN_POINT ( 'NONE',  ( -3.304999999999998400, 3.560000000000000100, -3.580000000000000100 ) ) ;
#2793 = ORIENTED_EDGE ( 'NONE', *, *, #2051, .T. ) ;
#2794 = AXIS2_PLACEMENT_3D ( 'NONE', #775, #1935, #758 ) ;
#2795 = CARTESIAN_POINT ( 'NONE',  ( -5.421010862427522200E-016, 1.734723475976805900E-015, 3.556000000000012900 ) ) ;
#2796 = DIRECTION ( 'NONE',  ( -1.312196275322849800E-016, 1.000000000000000000, 0.0000000000000000000 ) ) ;
#2797 = PLANE ( 'NONE',  #2917 ) ;
#2798 = LINE ( 'NONE', #1025, #1748 ) ;
#2799 = ORIENTED_EDGE ( 'NONE', *, *, #167, .F. ) ;
#2800 = AXIS2_PLACEMENT_3D ( 'NONE', #14, #2861, #1429 ) ;
#2801 = LINE ( 'NONE', #2945, #400 ) ;
#2802 = DIRECTION ( 'NONE',  ( 1.000000000000000000, 1.312196275322849800E-016, 0.0000000000000000000 ) ) ;
#2803 = DIRECTION ( 'NONE',  ( 0.0000000000000000000, 0.0000000000000000000, 1.000000000000000000 ) ) ;
#2804 = CARTESIAN_POINT ( 'NONE',  ( -3.304999999999998400, 4.068000000000000500, -3.580000000000000100 ) ) ;
#2805 = EDGE_CURVE ( 'NONE', #670, #1060, #1400, .T. ) ;
#2806 = CARTESIAN_POINT ( 'NONE',  ( -0.7600000000000003400, 3.434000000000001500, 4.064000000000000900 ) ) ;
#2807 = PLANE ( 'NONE',  #1354 ) ;
#2808 = FACE_OUTER_BOUND ( 'NONE', #1251, .T. ) ;
#2809 = ORIENTED_EDGE ( 'NONE', *, *, #2494, .T. ) ;
#2810 = CARTESIAN_POINT ( 'NONE',  ( -2.020763546312725400, 12.61692789700277800, -2.829999999999999600 ) ) ;
#2811 = DIRECTION ( 'NONE',  ( -1.000000000000000000, 0.0000000000000000000, 0.0000000000000000000 ) ) ;
#2812 = EDGE_CURVE ( 'NONE', #1660, #986, #1680, .T. ) ;
#2813 = LINE ( 'NONE', #3056, #2174 ) ;
#2814 = CYLINDRICAL_SURFACE ( 'NONE', #2481, 1.000000000000002200 ) ;
#2815 = ORIENTED_EDGE ( 'NONE', *, *, #1149, .F. ) ;
#2816 = CARTESIAN_POINT ( 'NONE',  ( -0.7600000000000021200, 3.560000000000002300, -4.064000000000000100 ) ) ;
#2817 = EDGE_LOOP ( 'NONE', ( #1369, #1324, #2906, #926 ) ) ;
#2818 = AXIS2_PLACEMENT_3D ( 'NONE', #1062, #2706, #1302 ) ;
#2819 = FACE_OUTER_BOUND ( 'NONE', #2878, .T. ) ;
#2820 = DIRECTION ( 'NONE',  ( -0.9063077870366477200, 0.4226182617407040500, -0.0000000000000000000 ) ) ;
#2821 = LINE ( 'NONE', #759, #303 ) ;
#2822 = ORIENTED_EDGE ( 'NONE', *, *, #547, .F. ) ;
#2823 = AXIS2_PLACEMENT_3D ( 'NONE', #1262, #13, #498 ) ;
#2824 = CARTESIAN_POINT ( 'NONE',  ( 2.094600074017832100, 8.567969486122841300, -2.763163654829074600 ) ) ;
#2825 = CARTESIAN_POINT ( 'NONE',  ( -0.7600000000000021200, 3.434000000000001500, -3.556000000000000500 ) ) ;
#2826 = CARTESIAN_POINT ( 'NONE',  ( -4.004999999999999000, 4.259999999999999800, -3.580000000000000100 ) ) ;
#2827 = CARTESIAN_POINT ( 'NONE',  ( 2.655396719280388700, 7.309419839295634000, -2.896836345170925100 ) ) ;
#2828 = DIRECTION ( 'NONE',  ( 1.445602896647339700E-015, 0.0000000000000000000, 1.000000000000000000 ) ) ;
#2829 = ORIENTED_EDGE ( 'NONE', *, *, #2051, .F. ) ;
#2830 = EDGE_CURVE ( 'NONE', #1878, #2109, #1339, .T. ) ;
#2831 = DIRECTION ( 'NONE',  ( 0.0000000000000000000, 0.0000000000000000000, 1.000000000000000000 ) ) ;
#2832 = CARTESIAN_POINT ( 'NONE',  ( -1.818257360651101700, 9.104670987307045500, 3.580000000000000100 ) ) ;
#2833 = ORIENTED_EDGE ( 'NONE', *, *, #1271, .T. ) ;
#2834 = DIRECTION ( 'NONE',  ( -0.0000000000000000000, -0.0000000000000000000, 1.000000000000000000 ) ) ;
#2835 = ADVANCED_FACE ( 'NONE', ( #661 ), #2625, .T. ) ;
#2836 = ORIENTED_EDGE ( 'NONE', *, *, #2650, .T. ) ;
#2837 = AXIS2_PLACEMENT_3D ( 'NONE', #2354, #2119, #2339 ) ;
#2838 = VECTOR ( 'NONE', #1168, 1000.000000000000000 ) ;
#2839 = ORIENTED_EDGE ( 'NONE', *, *, #2470, .T. ) ;
#2840 = DIRECTION ( 'NONE',  ( -0.0000000000000000000, -0.0000000000000000000, -1.000000000000000000 ) ) ;
#2841 = DIRECTION ( 'NONE',  ( 1.000000000000000000, 0.0000000000000000000, 0.0000000000000000000 ) ) ;
#2842 = CARTESIAN_POINT ( 'NONE',  ( -3.304999999999998400, 3.560000000000000100, -3.580000000000000100 ) ) ;
#2843 = VECTOR ( 'NONE', #1894, 1000.000000000000000 ) ;
#2844 = CYLINDRICAL_SURFACE ( 'NONE', #2955, 1.200000000000003500 ) ;
#2845 = VERTEX_POINT ( 'NONE', #1224 ) ;
#2846 = ADVANCED_FACE ( 'NONE', ( #817 ), #1900, .T. ) ;
#2847 = DIRECTION ( 'NONE',  ( -0.0000000000000000000, 3.532793595739285800E-015, -1.000000000000000000 ) ) ;
#2848 = ORIENTED_EDGE ( 'NONE', *, *, #1807, .T. ) ;
#2849 = EDGE_CURVE ( 'NONE', #2063, #2681, #2399, .T. ) ;
#2850 = ORIENTED_EDGE ( 'NONE', *, *, #212, .T. ) ;
#2851 = FACE_OUTER_BOUND ( 'NONE', #1154, .T. ) ;
#2852 = ORIENTED_EDGE ( 'NONE', *, *, #2208, .F. ) ;
#2853 = DIRECTION ( 'NONE',  ( 0.0000000000000000000, 0.0000000000000000000, 1.000000000000000000 ) ) ;
#2854 = AXIS2_PLACEMENT_3D ( 'NONE', #2629, #33, #2877 ) ;
#2855 = PLANE ( 'NONE',  #2963 ) ;
#2856 = CARTESIAN_POINT ( 'NONE',  ( 5.443488508797691400, 10.79514403426985900, -3.580000000000000100 ) ) ;
#2857 = ORIENTED_EDGE ( 'NONE', *, *, #588, .F. ) ;
#2858 = CARTESIAN_POINT ( 'NONE',  ( 0.7599999999999994500, 3.434000000000001500, 3.430000000000000600 ) ) ;
#2859 = ORIENTED_EDGE ( 'NONE', *, *, #1333, .T. ) ;
#2860 = DIRECTION ( 'NONE',  ( -0.0000000000000000000, -0.0000000000000000000, 1.000000000000000000 ) ) ;
#2861 = DIRECTION ( 'NONE',  ( -0.0000000000000000000, 1.000000000000000000, -0.0000000000000000000 ) ) ;
#2862 = ADVANCED_FACE ( 'NONE', ( #2210 ), #1231, .T. ) ;
#2863 = ORIENTED_EDGE ( 'NONE', *, *, #1593, .F. ) ;
#2864 = EDGE_CURVE ( 'NONE', #1202, #2168, #1304, .T. ) ;
#2865 = EDGE_LOOP ( 'NONE', ( #29, #2270, #1855, #349 ) ) ;
#2866 = CARTESIAN_POINT ( 'NONE',  ( -1.818257360651101700, 9.104670987307045500, -3.580000000000000100 ) ) ;
#2867 = ORIENTED_EDGE ( 'NONE', *, *, #1570, .F. ) ;
#2868 = EDGE_CURVE ( 'NONE', #826, #590, #626, .T. ) ;
#2869 = CARTESIAN_POINT ( 'NONE',  ( 5.443488508797691400, 10.79514403426985900, 3.580000000000000100 ) ) ;
#2870 = ORIENTED_EDGE ( 'NONE', *, *, #933, .T. ) ;
#2871 = EDGE_CURVE ( 'NONE', #23, #1774, #1864, .T. ) ;
#2872 = DIRECTION ( 'NONE',  ( 1.000000000000000000, 0.0000000000000000000, 0.0000000000000000000 ) ) ;
#2873 = VERTEX_POINT ( 'NONE', #512 ) ;
#2874 = DIRECTION ( 'NONE',  ( 0.0000000000000000000, -3.491481338843133700E-015, 1.000000000000000000 ) ) ;
#2875 = CARTESIAN_POINT ( 'NONE',  ( 2.742620611032910100, 8.703850257354254400, -2.796581827414537100 ) ) ;
#2876 = CIRCLE ( 'NONE', #1023, 0.5000000000000000000 ) ;
#2877 = DIRECTION ( 'NONE',  ( -1.000000000000000000, 0.0000000000000000000, 0.0000000000000000000 ) ) ;
#2878 = EDGE_LOOP ( 'NONE', ( #346, #2744, #1030, #2158 ) ) ;
#2879 = AXIS2_PLACEMENT_3D ( 'NONE', #725, #2847, #1426 ) ;
#2880 = ADVANCED_FACE ( 'NONE', ( #1116 ), #2899, .T. ) ;
#2881 = VECTOR ( 'NONE', #2201, 1000.000000000000100 ) ;
#2882 = DIRECTION ( 'NONE',  ( -0.0000000000000000000, -0.0000000000000000000, -1.000000000000000000 ) ) ;
#2883 = DIRECTION ( 'NONE',  ( -0.0000000000000000000, -0.0000000000000000000, -1.000000000000000000 ) ) ;
#2884 = FACE_OUTER_BOUND ( 'NONE', #697, .T. ) ;
#2885 = DIRECTION ( 'NONE',  ( -0.0000000000000000000, 1.000000000000000000, -0.0000000000000000000 ) ) ;
#2886 = FACE_OUTER_BOUND ( 'NONE', #1274, .T. ) ;
#2887 = ORIENTED_EDGE ( 'NONE', *, *, #2413, .F. ) ;
#2888 = DIRECTION ( 'NONE',  ( -0.0000000000000000000, -0.0000000000000000000, -1.000000000000000000 ) ) ;
#2889 = EDGE_CURVE ( 'NONE', #2218, #2259, #1194, .T. ) ;
#2890 = ORIENTED_EDGE ( 'NONE', *, *, #359, .T. ) ;
#2891 = VECTOR ( 'NONE', #1803, 1000.000000000000000 ) ;
#2892 = ORIENTED_EDGE ( 'NONE', *, *, #1667, .T. ) ;
#2893 = DIRECTION ( 'NONE',  ( 0.9063077870366473800, 0.4226182617407049400, -0.0000000000000000000 ) ) ;
#2894 = SURFACE_SIDE_STYLE ('',( #137 ) ) ;
#2895 = EDGE_CURVE ( 'NONE', #1186, #2063, #3059, .T. ) ;
#2896 = CYLINDRICAL_SURFACE ( 'NONE', #1507, 0.1919999999999998900 ) ;
#2897 = EDGE_LOOP ( 'NONE', ( #1297, #657, #654, #861, #1286, #2793, #447, #1350, #1813, #1841, #1578, #1920, #2419, #888, #2612, #1413 ) ) ;
#2898 = DIRECTION ( 'NONE',  ( 0.0000000000000000000, -3.491481338843133700E-015, -1.000000000000000000 ) ) ;
#2899 = PLANE ( 'NONE',  #691 ) ;
#2900 = VECTOR ( 'NONE', #1640, 1000.000000000000100 ) ;
#2901 = ORIENTED_EDGE ( 'NONE', *, *, #1159, .F. ) ;
#2902 = AXIS2_PLACEMENT_3D ( 'NONE', #2107, #1253, #1512 ) ;
#2903 = DIRECTION ( 'NONE',  ( 0.0000000000000000000, 0.0000000000000000000, -1.000000000000000000 ) ) ;
#2904 = CARTESIAN_POINT ( 'NONE',  ( 3.305000000000001500, 4.068000000000000500, 3.580000000000000100 ) ) ;
#2905 = VERTEX_POINT ( 'NONE', #30 ) ;
#2906 = ORIENTED_EDGE ( 'NONE', *, *, #841, .T. ) ;
#2907 = CARTESIAN_POINT ( 'NONE',  ( -2.857119611267762100, 13.16511448258557900, -2.829999999999999600 ) ) ;
#2908 = DIRECTION ( 'NONE',  ( 1.000000000000000000, 0.0000000000000000000, 2.853163611803958300E-016 ) ) ;
#2909 = DIRECTION ( 'NONE',  ( -0.0000000000000000000, -0.0000000000000000000, -1.000000000000000000 ) ) ;
#2910 = EDGE_CURVE ( 'NONE', #2529, #634, #546, .T. ) ;
#2911 = ORIENTED_EDGE ( 'NONE', *, *, #488, .F. ) ;
#2912 = ADVANCED_FACE ( 'NONE', ( #2993 ), #754, .T. ) ;
#2913 = EDGE_CURVE ( 'NONE', #2642, #590, #1647, .T. ) ;
#2914 = DIRECTION ( 'NONE',  ( -1.000000000000000000, 0.0000000000000000000, 0.0000000000000000000 ) ) ;
#2915 = CARTESIAN_POINT ( 'NONE',  ( 0.0000000000000000000, 1.389115455351810800E-014, 4.064000000000012500 ) ) ;
#2916 = LINE ( 'NONE', #2935, #1335 ) ;
#2917 = AXIS2_PLACEMENT_3D ( 'NONE', #2329, #438, #2811 ) ;
#2918 = CARTESIAN_POINT ( 'NONE',  ( -1.357853004836484500, 8.889980910342767800, -3.580000000000000100 ) ) ;
#2919 = AXIS2_PLACEMENT_3D ( 'NONE', #1130, #2298, #1607 ) ;
#2920 = VECTOR ( 'NONE', #1591, 1000.000000000000000 ) ;
#2921 = DIRECTION ( 'NONE',  ( 1.000000000000000000, 0.0000000000000000000, 0.0000000000000000000 ) ) ;
#2922 = CARTESIAN_POINT ( 'NONE',  ( 3.053525324416421300, 14.00264710945188400, 8.673617379884035500E-016 ) ) ;
#2923 = ORIENTED_EDGE ( 'NONE', *, *, #671, .T. ) ;
#2924 = COLOUR_RGB ( '',0.7921568627450980000, 0.8196078431372548800, 0.9333333333333333500 ) ;
#2925 = APPLICATION_PROTOCOL_DEFINITION ( 'draft international standard', 'automotive_design', 1998, #1282 ) ;
#2926 = DIRECTION ( 'NONE',  ( -1.000000000000000000, -1.312196275322849800E-016, 1.445602896647339700E-015 ) ) ;
#2927 = VERTEX_POINT ( 'NONE', #58 ) ;
#2928 = DIRECTION ( 'NONE',  ( 0.9063077870366478300, 0.4226182617407039400, 0.0000000000000000000 ) ) ;
#2929 = ADVANCED_FACE ( 'NONE', ( #2512 ), #2432, .T. ) ;
#2930 = ORIENTED_EDGE ( 'NONE', *, *, #2889, .F. ) ;
#2931 = ORIENTED_EDGE ( 'NONE', *, *, #2434, .F. ) ;
#2932 = EDGE_CURVE ( 'NONE', #195, #2498, #1720, .T. ) ;
#2933 = ORIENTED_EDGE ( 'NONE', *, *, #354, .T. ) ;
#2934 = CARTESIAN_POINT ( 'NONE',  ( -3.304999999999998400, 3.560000000000000100, 3.580000000000000100 ) ) ;
#2935 = CARTESIAN_POINT ( 'NONE',  ( -3.939415450925652700, 4.555832783218492400, 3.580000000000000100 ) ) ;
#2936 = SURFACE_STYLE_USAGE ( .BOTH. , #1722 ) ;
#2937 = DIRECTION ( 'NONE',  ( -0.0000000000000000000, -0.0000000000000000000, -1.000000000000000000 ) ) ;
#2938 = DIRECTION ( 'NONE',  ( -0.4226182617407039900, -0.9063077870366477200, 0.0000000000000000000 ) ) ;
#2939 = AXIS2_PLACEMENT_3D ( 'NONE', #2987, #1115, #387 ) ;
#2940 = VECTOR ( 'NONE', #3018, 1000.000000000000000 ) ;
#2941 = ORIENTED_EDGE ( 'NONE', *, *, #2490, .F. ) ;
#2942 = ADVANCED_FACE ( 'NONE', ( #1264 ), #1985, .T. ) ;
#2943 = DIRECTION ( 'NONE',  ( 0.8557867301405888100, -0.5173287857013941800, 0.0000000000000000000 ) ) ;
#2944 = ORIENTED_EDGE ( 'NONE', *, *, #469, .F. ) ;
#2945 = CARTESIAN_POINT ( 'NONE',  ( 3.053525324416421300, 14.00264710945188400, 3.580000000000000100 ) ) ;
#2946 = CARTESIAN_POINT ( 'NONE',  ( 2.119842274457619500, 13.84070469020121600, -2.879999999999997700 ) ) ;
#2947 = CARTESIAN_POINT ( 'NONE',  ( -3.304999999999998800, 4.259999999999999800, 3.580000000000000100 ) ) ;
#2948 = EDGE_CURVE ( 'NONE', #986, #974, #1866, .T. ) ;
#2949 = ORIENTED_EDGE ( 'NONE', *, *, #2291, .T. ) ;
#2950 = DIRECTION ( 'NONE',  ( 0.0000000000000000000, 0.0000000000000000000, 1.000000000000000000 ) ) ;
#2951 = EDGE_CURVE ( 'NONE', #205, #2189, #471, .T. ) ;
#2952 = VECTOR ( 'NONE', #1786, 1000.000000000000100 ) ;
#2953 = PLANE ( 'NONE',  #198 ) ;
#2954 = FACE_OUTER_BOUND ( 'NONE', #325, .T. ) ;
#2955 = AXIS2_PLACEMENT_3D ( 'NONE', #1009, #2164, #2417 ) ;
#2956 = DIRECTION ( 'NONE',  ( -1.000000000000000000, 0.0000000000000000000, 0.0000000000000000000 ) ) ;
#2957 = ADVANCED_FACE ( 'NONE', ( #68 ), #2206, .T. ) ;
#2958 = LINE ( 'NONE', #283, #777 ) ;
#2959 = LINE ( 'NONE', #2583, #663 ) ;
#2960 = ORIENTED_EDGE ( 'NONE', *, *, #1099, .T. ) ;
#2961 = CYLINDRICAL_SURFACE ( 'NONE', #644, 4.507999999999998200 ) ;
#2962 = CARTESIAN_POINT ( 'NONE',  ( -2.119842274457635100, 13.84070469020123500, -2.879999999999997700 ) ) ;
#2963 = AXIS2_PLACEMENT_3D ( 'NONE', #2628, #15, #990 ) ;
#2964 = CIRCLE ( 'NONE', #318, 1.000000000000002200 ) ;
#2965 = ORIENTED_EDGE ( 'NONE', *, *, #410, .F. ) ;
#2966 = DIRECTION ( 'NONE',  ( 0.0000000000000000000, 0.0000000000000000000, 1.000000000000000000 ) ) ;
#2967 = CARTESIAN_POINT ( 'NONE',  ( 3.939415450925655400, 4.555832783218492400, 3.580000000000000100 ) ) ;
#2968 = CIRCLE ( 'NONE', #658, 4.507999999999998200 ) ;
#2969 = EDGE_CURVE ( 'NONE', #538, #2196, #889, .T. ) ;
#2970 = DIRECTION ( 'NONE',  ( -0.0000000000000000000, -0.0000000000000000000, -1.000000000000000000 ) ) ;
#2971 = FACE_OUTER_BOUND ( 'NONE', #1464, .T. ) ;
#2972 = DIRECTION ( 'NONE',  ( 1.000000000000000000, 0.0000000000000000000, 0.0000000000000000000 ) ) ;
#2973 = EDGE_CURVE ( 'NONE', #2593, #2168, #591, .T. ) ;
#2974 = FACE_OUTER_BOUND ( 'NONE', #1434, .T. ) ;
#2975 = CARTESIAN_POINT ( 'NONE',  ( 2.445632427309882800, 12.89540668247884100, 3.580000000000000100 ) ) ;
#2976 = ORIENTED_EDGE ( 'NONE', *, *, #1093, .T. ) ;
#2977 = ORIENTED_EDGE ( 'NONE', *, *, #70, .F. ) ;
#2978 = DIRECTION ( 'NONE',  ( 0.0000000000000000000, 0.0000000000000000000, 1.000000000000000000 ) ) ;
#2979 = AXIS2_PLACEMENT_3D ( 'NONE', #80, #63, #2644 ) ;
#2980 = DIRECTION ( 'NONE',  ( 1.312196275322849800E-016, -1.000000000000000000, -0.0000000000000000000 ) ) ;
#2981 = ORIENTED_EDGE ( 'NONE', *, *, #1537, .F. ) ;
#2982 = EDGE_LOOP ( 'NONE', ( #1172, #2120, #842, #1215, #1469, #1277, #2404 ) ) ;
#2983 = DIRECTION ( 'NONE',  ( -8.881784197001254300E-016, -1.000000000000000000, -3.423796334164750900E-015 ) ) ;
#2984 = CARTESIAN_POINT ( 'NONE',  ( 2.282730839290324700, 8.919640428229929100, -2.829999999999999600 ) ) ;
#2985 = CARTESIAN_POINT ( 'NONE',  ( -3.939415450925652700, 4.555832783218492400, -3.580000000000000100 ) ) ;
#2986 = ORIENTED_EDGE ( 'NONE', *, *, #2653, .T. ) ;
#2987 = CARTESIAN_POINT ( 'NONE',  ( 0.7599999999999982300, 3.434000000000000600, -3.430000000000003300 ) ) ;
#2988 = VECTOR ( 'NONE', #690, 1000.000000000000100 ) ;
#2989 = ORIENTED_EDGE ( 'NONE', *, *, #407, .F. ) ;
#2990 = EDGE_CURVE ( 'NONE', #1660, #2557, #785, .T. ) ;
#2991 = VECTOR ( 'NONE', #2674, 1000.000000000000100 ) ;
#2992 = ORIENTED_EDGE ( 'NONE', *, *, #2434, .T. ) ;
#2993 = FACE_OUTER_BOUND ( 'NONE', #2715, .T. ) ;
#2994 = DIRECTION ( 'NONE',  ( -0.0000000000000000000, -0.0000000000000000000, -1.000000000000000000 ) ) ;
#2995 = LINE ( 'NONE', #1238, #1832 ) ;
#2996 = ORIENTED_EDGE ( 'NONE', *, *, #1560, .F. ) ;
#2997 = DIRECTION ( 'NONE',  ( -0.0000000000000000000, -0.0000000000000000000, -1.000000000000000000 ) ) ;
#2998 = ORIENTED_EDGE ( 'NONE', *, *, #2571, .F. ) ;
#2999 = DIRECTION ( 'NONE',  ( 1.312196275322849800E-016, -1.000000000000000000, -0.0000000000000000000 ) ) ;
#3000 = VECTOR ( 'NONE', #1572, 1000.000000000000000 ) ;
#3001 = ORIENTED_EDGE ( 'NONE', *, *, #1073, .T. ) ;
#3002 = VECTOR ( 'NONE', #2020, 1000.000000000000000 ) ;
#3003 = CARTESIAN_POINT ( 'NONE',  ( 0.7599999999999994500, 3.560000000000000900, 3.430000000000000600 ) ) ;
#3004 = DIRECTION ( 'NONE',  ( 1.000000000000000000, 0.0000000000000000000, 0.0000000000000000000 ) ) ;
#3005 = EDGE_CURVE ( 'NONE', #2224, #2742, #1585, .T. ) ;
#3006 = PLANE ( 'NONE',  #979 ) ;
#3007 = ORIENTED_EDGE ( 'NONE', *, *, #2733, .F. ) ;
#3008 = EDGE_CURVE ( 'NONE', #881, #2758, #1802, .T. ) ;
#3009 = ORIENTED_EDGE ( 'NONE', *, *, #2549, .F. ) ;
#3010 = DIRECTION ( 'NONE',  ( 0.0000000000000000000, 3.420196127714525000E-015, 1.000000000000000000 ) ) ;
#3011 = ORIENTED_EDGE ( 'NONE', *, *, #1537, .T. ) ;
#3012 = AXIS2_PLACEMENT_3D ( 'NONE', #2252, #2745, #128 ) ;
#3013 = CARTESIAN_POINT ( 'NONE',  ( -3.304999999999998400, 4.068000000000000500, 3.580000000000000100 ) ) ;
#3014 = VERTEX_POINT ( 'NONE', #2918 ) ;
#3015 = ORIENTED_EDGE ( 'NONE', *, *, #2540, .F. ) ;
#3016 = FACE_OUTER_BOUND ( 'NONE', #311, .T. ) ;
#3017 = CARTESIAN_POINT ( 'NONE',  ( -1.357853004836484500, 8.889980910342767800, 3.580000000000000100 ) ) ;
#3018 = DIRECTION ( 'NONE',  ( 1.000000000000000000, 1.312196275322849800E-016, -0.0000000000000000000 ) ) ;
#3019 = CARTESIAN_POINT ( 'NONE',  ( 1.759999999999992700, 3.560000000000000500, 2.544261098099307300E-015 ) ) ;
#3020 = EDGE_CURVE ( 'NONE', #195, #2113, #1759, .T. ) ;
#3021 = ORIENTED_EDGE ( 'NONE', *, *, #630, .T. ) ;
#3022 = VECTOR ( 'NONE', #59, 1000.000000000000000 ) ;
#3023 = LINE ( 'NONE', #1870, #742 ) ;
#3024 = DIRECTION ( 'NONE',  ( -1.000000000000000000, 0.0000000000000000000, 3.441911658684146100E-015 ) ) ;
#3025 = DIRECTION ( 'NONE',  ( 0.9052948262649300700, -0.4247838009363705800, 0.0000000000000000000 ) ) ;
#3026 = VECTOR ( 'NONE', #2027, 1000.000000000000000 ) ;
#3027 = VERTEX_POINT ( 'NONE', #1506 ) ;
#3028 = CYLINDRICAL_SURFACE ( 'NONE', #390, 4.307999999999997200 ) ;
#3029 = CARTESIAN_POINT ( 'NONE',  ( 5.443488508797691400, 10.79514403426985900, 3.580000000000000100 ) ) ;
#3030 = ORIENTED_EDGE ( 'NONE', *, *, #2671, .F. ) ;
#3031 = DIRECTION ( 'NONE',  ( -1.445602896647339700E-015, 0.0000000000000000000, 1.000000000000000000 ) ) ;
#3032 = CARTESIAN_POINT ( 'NONE',  ( 1.357853004836485000, 8.889980910342767800, -3.580000000000000100 ) ) ;
#3033 = LINE ( 'NONE', #492, #267 ) ;
#3034 = DIRECTION ( 'NONE',  ( 0.0000000000000000000, 0.0000000000000000000, 1.000000000000000000 ) ) ;
#3035 = CARTESIAN_POINT ( 'NONE',  ( 0.0000000000000000000, 1.211748203338579800E-014, 3.556000000000012900 ) ) ;
#3036 = LINE ( 'NONE', #446, #2071 ) ;
#3037 = EDGE_CURVE ( 'NONE', #941, #88, #2776, .T. ) ;
#3038 = ORIENTED_EDGE ( 'NONE', *, *, #290, .T. ) ;
#3039 = DIRECTION ( 'NONE',  ( 0.0000000000000000000, 0.0000000000000000000, 1.000000000000000000 ) ) ;
#3040 = ORIENTED_EDGE ( 'NONE', *, *, #2517, .F. ) ;
#3041 = CARTESIAN_POINT ( 'NONE',  ( 0.7599999999999994500, 3.434000000000003300, 4.064000000000000900 ) ) ;
#3042 = ADVANCED_FACE ( 'NONE', ( #864 ), #567, .F. ) ;
#3043 = ORIENTED_EDGE ( 'NONE', *, *, #2868, .F. ) ;
#3044 = ORIENTED_EDGE ( 'NONE', *, *, #1387, .T. ) ;
#3045 = DIRECTION ( 'NONE',  ( 1.000000000000000000, 0.0000000000000000000, -0.0000000000000000000 ) ) ;
#3046 = CARTESIAN_POINT ( 'NONE',  ( -2.494379161557176400, 13.49750486473248400, -2.829999999999999600 ) ) ;
#3047 = AXIS2_PLACEMENT_3D ( 'NONE', #316, #2213, #328 ) ;
#3048 = VERTEX_POINT ( 'NONE', #1145 ) ;
#3049 = DIRECTION ( 'NONE',  ( 0.0000000000000000000, 0.0000000000000000000, 1.000000000000000000 ) ) ;
#3050 = CARTESIAN_POINT ( 'NONE',  ( 3.939415450925655400, 4.555832783218492400, 3.580000000000000100 ) ) ;
#3051 = CARTESIAN_POINT ( 'NONE',  ( -3.304999999999998800, 4.259999999999999800, 3.580000000000000100 ) ) ;
#3052 = ORIENTED_EDGE ( 'NONE', *, *, #992, .T. ) ;
#3053 = AXIS2_PLACEMENT_3D ( 'NONE', #1917, #2381, #1216 ) ;
#3054 = LINE ( 'NONE', #2564, #2988 ) ;
#3055 = DIRECTION ( 'NONE',  ( 0.0000000000000000000, 0.0000000000000000000, -1.000000000000000000 ) ) ;
#3056 = CARTESIAN_POINT ( 'NONE',  ( -3.053525324416422700, 14.00264710945188400, -3.580000000000000100 ) ) ;
#3057 = PLANE ( 'NONE',  #642 ) ;
#3058 = EDGE_CURVE ( 'NONE', #483, #1710, #145, .T. ) ;
#3059 = CIRCLE ( 'NONE', #851, 0.7600000000000000100 ) ;
#3060 = ADVANCED_FACE ( 'NONE', ( #24 ), #2430, .F. ) ;
#3061 = VERTEX_POINT ( 'NONE', #1983 ) ;
#3062 = PLANE ( 'NONE',  #913 ) ;
#3063 = EDGE_CURVE ( 'NONE', #321, #2398, #2135, .T. ) ;
#3064 = CYLINDRICAL_SURFACE ( 'NONE', #896, 0.7600000000000000100 ) ;
#3065 = ORIENTED_EDGE ( 'NONE', *, *, #1862, .T. ) ;
#3066 = CARTESIAN_POINT ( 'NONE',  ( 1.759999999999999800, 4.068000000000001400, 3.580000000000000100 ) ) ;
#3067 = ORIENTED_EDGE ( 'NONE', *, *, #212, .F. ) ;
#3068 = SHAPE_DEFINITION_REPRESENTATION ( #625, #87 ) ;
#3069 = CARTESIAN_POINT ( 'NONE',  ( -2.494379161557180000, 13.49750486473248200, -2.879999999999999400 ) ) ;
#3070 = FACE_OUTER_BOUND ( 'NONE', #235, .T. ) ;
#3071 = ORIENTED_EDGE ( 'NONE', *, *, #756, .T. ) ;
#3072 = AXIS2_PLACEMENT_3D ( 'NONE', #1344, #163, #1542 ) ;
#3073 = DIRECTION ( 'NONE',  ( -0.4226182617407040500, -0.9063077870366477200, 0.0000000000000000000 ) ) ;
#3074 = DIRECTION ( 'NONE',  ( 0.0000000000000000000, 0.0000000000000000000, 1.000000000000000000 ) ) ;
#3075 = ADVANCED_FACE ( 'NONE', ( #669 ), #566, .F. ) ;
#3076 = DIRECTION ( 'NONE',  ( -0.0000000000000000000, -0.0000000000000000000, -1.000000000000000000 ) ) ;
#3077 = EDGE_LOOP ( 'NONE', ( #2233, #607, #155, #2867 ) ) ;
ENDSEC;
END-ISO-10303-21;
